text;attention
The;0.045286015
quote;0.04472443
written;0.043553494
in;0.039889164
the;0.03932434
image;0.042510588
is:;0.050418366
"""forgive";0.07653758
yourself;0.04725999
for;0.042663395
not;0.04347332
knowing;0.045555227
what;0.04207429
you;0.041930202
didn't;0.10628795
know;0.045129403
before;0.0412669
you;0.040798068
lived;0.04135189
through;0.03970044
"it.""";0.040264923
