text;attention
The;0.049284253
quote;0.049397394
written;0.04564917
in;0.04356394
the;0.042444166
image;0.047986142
is:;0.049816668
"""forgive";0.064838886
yourself;0.04754343
for;0.04302769
not;0.045636877
knowing;0.04800889
what;0.043859504
you;0.043865226
didn't;0.07078468
know;0.0461886
before;0.043522228
you;0.043304168
lived;0.043946024
through;0.042219058
"it.""";0.045112994
