text;attention
This;0.022542326
page;0.021690078
shows;0.023124287
a;0.018925617
diagram;0.022910051
showing;0.026748024
how;0.023993088
vehicles;0.023905959
use;0.02531961
noise;0.025455542
and;0.021076228
vibration;0.02240207
reduction;0.022238694
systems;0.02435875
to;0.02091021
reduce;0.024883378
their;0.021580482
environmental;0.01968593
impact.;0.040849637
The;0.022421915
diagram;0.021014571
includes;0.02610512
various;0.023010138
components,;0.041283894
such;0.024131503
as;0.025389636
vehicle;0.021833895
body,;0.03721979
engine,;0.031007836
transmission,;0.028806163
differentials,;0.033940744
and;0.01962583
wheels,;0.025341105
that;0.020896588
are;0.01918668
used;0.020531138
for;0.021869771
noise;0.022066278
and;0.019769963
vibration;0.01934915
reduction.;0.022598308
