;ID;x;y;duration;pupil_r;pupil_l;word;word_number;distance
2912;2913;720.998664855957;266.1754467487335;200.0;3.0572077433268228;2.707166035970052;;;
2913;2914;555.536750793457;436.89169650077815;333.0;3.078108215332031;2.706649780273437;website;1.0;0.0
2914;2915;658.1762380599976;449.09574794769287;266.0;3.102529525756836;2.749216079711914;mentioned;2.0;9.095747947692871
2915;2916;770.5937249319895;451.93763637542725;233.0;3.0621490478515625;2.74070303780692;image;5.0;7.937636375427246
2916;2917;908.1390281883446;449.4189853925963;1234.0;3.0623350401182434;2.748519485061233;www.tamilkavithaial.com.;7.0;9.418985392596312
2917;2918;1003.2227260044643;437.1750258718218;233.0;3.064293997628348;2.7179391043526784;www.tamilkavithaial.com.;7.0;0.0
