;number;text;x1;y1;x2;y2;y;diff_y;line;fixations;fix_distance;fix_duration;first_fix_duration;fix_number;pupil_l;pupil_r;distance;pupil;fix_duration_avg;go_past_time
0;0;The;619;425;655;440;432.5;;1;[];[];0.0;0.0;0;;;174.3650359036862;;;
1;1;bowl;664;425;706;440;432.5;0.0;1;[np.float64(1284.0), np.float64(1287.0)];[np.float64(0.0), np.float64(13.958423376083317)];700.0;300.0;2;2.886;3.3346;123.65536111452552;3.11;350.0;300.0
2;2;in;715;425;729;440;432.5;0.0;1;[];[];0.0;0.0;0;;;100.88210595949461;;;
3;3;the;737;425;766;440;432.5;0.0;1;[np.float64(1285.0)];[np.float64(2.2866202592849163)];400.0;400.0;1;2.9449;3.4294;64.58495243775563;3.19;400.0;400.0
4;4;image;775;425;831;444;434.5;2.0;1;[np.float64(1286.0), np.float64(1288.0), np.float64(1289.0)];[np.float64(4.698457717895451), np.float64(14.169430357893535), np.float64(11.64282360076902)];1666.0;900.0;3;2.923;3.3231;11.64282360076902;3.12;555.3333;2066.0
5;5;is;840;425;853;440;432.5;2.0;1;[];[];0.0;0.0;0;;;19.31966973103001;;;
6;6;small.;862;425;915;440;432.5;0.0;1;[];[];0.0;0.0;0;;;36.82559544426505;;;
