text;attention
The;0.039583992
clock;0.05766186
on;0.04022325
the;0.039168276
building;0.052742943
shows;0.05234758
12:30.;0.7182721
