text;attention
The;1.7182798e-17
bowl;1.4969504e-17
in;9.549559e-18
the;6.777931e-18
image;1.0975217e-17
contains;1.8030648e-17
miniature;1.4516247e-17
items,;1.7415942e-17
as;7.09238e-18
indicated;8.3348985e-18
by;8.271077e-18
the;6.802642e-18
comparison;9.522203e-18
with;9.041236e-18
the;7.0121854e-18
penny.;1.0
To;1.701523e-17
provide;7.247648e-18
an;6.2472195e-18
accurate;7.907295e-18
estimate;9.944754e-18
of;7.2114375e-18
the;7.2896276e-18
bowl's;7.1734135e-17
size,;2.0860142e-17
|;8.7931375e-18
would;1.1122778e-17
need;7.536678e-18
to;6.9183397e-18
know;7.894455e-18
the;7.522603e-18
dimensions;1.0034074e-17
of;6.998476e-18
the;6.3611103e-18
coin,;2.0089949e-17
which;7.349492e-18
appears;7.249086e-18
to;8.17244e-18
be;7.1422554e-18
a;6.994793e-18
U.S.;1.4871889e-17
penny.;2.70111e-17
U.S.;1.230475e-17
pennies;1.2671056e-17
have;8.0382525e-18
a;6.3756625e-18
diameter;9.595972e-18
of;6.819817e-18
0.75;1.1335493e-17
inches;7.85801e-18
(19.05;1.4299428e-17
mm).;1.10112405e-17
By;7.090649e-18
comparing;8.689899e-18
the;6.5096997e-18
bow!;1.3218102e-17
with;9.2020965e-18
the;6.4942475e-18
penny,;1.148816e-17
we;6.948969e-18
can;6.8034724e-18
visually;7.581228e-18
estimate;8.042731e-18
that;9.278374e-18
the;7.087972e-18
bowl;1.012358e-17
is;8.711838e-18
slightly;7.055976e-18
more;6.408507e-18
than;7.054012e-18
twice;8.48235e-18
the;7.120737e-18
diameter;7.592979e-18
of;6.518049e-18
the;6.111962e-18
penny,;9.535397e-18
making;7.5577234e-18
the;6.613978e-18
bowl;8.098795e-18
approximately;7.640601e-18
1.5;9.317389e-18
to;6.2449084e-18
2;6.690793e-18
inches;6.5974987e-18
in;5.908547e-18
diameter.;9.0717775e-18
However,;8.363786e-18
this;6.2900472e-18
is;6.121786e-18
a;6.010552e-18
rough;6.5056283e-18
estimate,;7.878841e-18
and;6.480759e-18
the;6.132303e-18
actual;6.584926e-18
size;6.065092e-18
could;6.1100035e-18
vary.;6.0781786e-18
