text;attention
The;0.14003216
clock;0.14111093
on;0.1406464
the;0.14296952
building;0.14057253
shows;0.13979217
12:30.;0.15487632
