text;attention
This;0.024320146
page;0.02438059
shows;0.024328386
a;0.024360653
diagram;0.024342246
showing;0.024324093
how;0.024370011
vehicles;0.02432925
use;0.02433756
noise;0.024390979
and;0.024352405
vibration;0.02444664
reduction;0.024342295
systems;0.024372878
to;0.024375359
reduce;0.024416825
their;0.024337392
environmental;0.024376076
impact.;0.02438229
The;0.024350226
diagram;0.024384504
includes;0.024344904
various;0.024356753
components,;0.024424633
such;0.02439957
as;0.024339108
vehicle;0.024344938
body,;0.02448058
engine,;0.02445832
transmission,;0.024496995
differentials,;0.024528503
and;0.024332913
wheels,;0.024506878
that;0.024347322
are;0.024357822
used;0.024360504
for;0.024343353
noise;0.02437897
and;0.024384784
vibration;0.024683764
reduction.;0.024508668
