text;attention
This;0.0242935
page;0.02434982
shows;0.024310675
a;0.024342252
diagram;0.024325358
showing;0.024293585
how;0.024366511
vehicles;0.024329767
use;0.024311094
noise;0.024369152
and;0.024333851
vibration;0.024496581
reduction;0.024301143
systems;0.024411881
to;0.024379518
reduce;0.024379507
their;0.024344258
environmental;0.024350127
impact.;0.024397831
The;0.024327459
diagram;0.024360847
includes;0.02432443
various;0.024375647
components,;0.024424758
such;0.024381567
as;0.02432381
vehicle;0.024350047
body,;0.024497136
engine,;0.024482572
transmission,;0.024407659
differentials,;0.024580669
and;0.024314635
wheels,;0.024517499
that;0.02434953
are;0.02438834
used;0.024393216
for;0.024334803
noise;0.024506422
and;0.024442777
vibration;0.024722409
reduction.;0.02450739
