text;attention
This;0.024302391
page;0.024373349
shows;0.024311122
a;0.024327638
diagram;0.024350692
showing;0.02430369
how;0.024385674
vehicles;0.024329152
use;0.024319181
noise;0.024382288
and;0.024334196
vibration;0.024604604
reduction;0.024309497
systems;0.024390763
to;0.024419123
reduce;0.024406914
their;0.024338534
environmental;0.024377516
impact.;0.024376754
The;0.024339722
diagram;0.024383556
includes;0.024338534
various;0.024380967
components,;0.024413612
such;0.02444719
as;0.024343153
vehicle;0.024347607
body,;0.024491884
engine,;0.024486003
transmission,;0.02443161
differentials,;0.024559375
and;0.024352122
wheels,;0.024499204
that;0.024370167
are;0.024349317
used;0.024341036
for;0.02432192
noise;0.024353607
and;0.024417503
vibration;0.024641601
reduction.;0.024447253
