text;attention
The;2.1280479e-19
bowl;2.158445e-19
in;1.697126e-19
the;1.6066655e-19
image;1.6893105e-19
contains;1.8251385e-19
miniature;1.8228839e-19
items,;2.3368374e-19
as;1.5493766e-19
indicated;1.6279751e-19
by;1.5942597e-19
the;1.5985714e-19
comparison;1.5991324e-19
with;1.6105191e-19
the;1.561761e-19
penny.;1.0
To;1.7439392e-19
provide;1.5696986e-19
an;1.5374483e-19
accurate;1.6487682e-19
estimate;1.8771933e-19
of;1.6138587e-19
the;1.6006277e-19
bowl's;1.5326542e-17
size,;1.9287382e-19
|;2.0900264e-19
would;1.7101366e-19
need;1.6057036e-19
to;1.5583806e-19
know;1.5941502e-19
the;1.6193719e-19
dimensions;1.6075914e-19
of;1.5330794e-19
the;1.6244266e-19
coin,;1.8407589e-19
which;1.5516242e-19
appears;1.5667614e-19
to;1.5397784e-19
be;1.5238089e-19
a;1.5971206e-19
U.S.;2.703736e-19
penny.;2.4984018e-19
U.S.;2.4544468e-19
pennies;2.4822806e-19
have;1.614499e-19
a;1.5839243e-19
diameter;1.6761131e-19
of;1.5752112e-19
0.75;2.810658e-19
inches;1.7365107e-19
(19.05;2.4449805e-19
mm).;1.928922e-19
By;1.6354819e-19
comparing;1.6234541e-19
the;1.5775686e-19
bow!;2.2242447e-19
with;1.5782308e-19
the;1.5397902e-19
penny,;1.9277598e-19
we;1.6120866e-19
can;1.6049811e-19
visually;1.6963235e-19
estimate;1.5740881e-19
that;1.63249e-19
the;1.5846917e-19
bowl;1.8263432e-19
is;1.5649873e-19
slightly;1.5449737e-19
more;1.521857e-19
than;1.5144441e-19
twice;1.5869602e-19
the;1.5454217e-19
diameter;1.6808896e-19
of;1.5247217e-19
the;1.5413181e-19
penny,;1.7851866e-19
making;1.5584876e-19
the;1.5198962e-19
bowl;1.6788583e-19
approximately;1.5168551e-19
1.5;2.116269e-19
to;1.5379118e-19
2;1.5936396e-19
inches;1.595446e-19
in;1.5104862e-19
diameter.;1.7221625e-19
However,;1.8158742e-19
this;1.5430831e-19
is;1.5303215e-19
a;1.5172255e-19
rough;1.5196757e-19
estimate,;1.6751926e-19
and;1.5306427e-19
the;1.4817851e-19
actual;1.5085342e-19
size;1.5047925e-19
could;1.504672e-19
vary.;1.5241228e-19
