text;attention
The;2.0622351e-20
bowl;2.2423469e-20
in;9.787535e-21
the;8.474219e-21
image;1.1338677e-20
contains;1.4547325e-20
miniature;1.5198722e-20
items,;2.0050643e-20
as;8.8551615e-21
indicated;9.484305e-21
by;9.887959e-21
the;8.7988955e-21
comparison;9.9042285e-21
with;9.64278e-21
the;8.373543e-21
penny.;1.0
To;1.28561994e-20
provide;9.10456e-21
an;8.173207e-21
accurate;9.049056e-21
estimate;9.9203375e-21
of;8.879008e-21
the;8.642413e-21
bowl's;1.848195e-20
size,;1.4922842e-20
|;1.4842509e-20
would;1.4172008e-20
need;1.0208143e-20
to;9.236619e-21
know;1.04273645e-20
the;9.1256665e-21
dimensions;1.0223263e-20
of;8.617228e-21
the;8.42815e-21
coin,;1.7247325e-20
which;9.061076e-21
appears;8.970178e-21
to;8.87586e-21
be;8.5889725e-21
a;8.858168e-21
U.S.;1.5271076e-20
penny.;1.7233777e-20
U.S.;1.1756091e-20
pennies;1.2800851e-20
have;9.6923434e-21
a;8.684417e-21
diameter;1.1079101e-20
of;8.517094e-21
0.75;1.7463683e-20
inches;1.188265e-20
(19.05;1.6455503e-20
mm).;1.1516224e-20
By;8.8105834e-21
comparing;9.588382e-21
the;8.536091e-21
bow!;1.420172e-20
with;1.0194911e-20
the;8.325766e-21
penny,;1.1915922e-20
we;8.890397e-21
can;8.9945075e-21
visually;9.541788e-21
estimate;9.2324964e-21
that;1.01245695e-20
the;8.647162e-21
bowl;9.686505e-21
is;9.183567e-21
slightly;9.190401e-21
more;8.771582e-21
than;9.258701e-21
twice;9.7763394e-21
the;9.315776e-21
diameter;9.29501e-21
of;8.518135e-21
the;8.2256924e-21
penny,;1.049937e-20
making;9.2511104e-21
the;8.690316e-21
bowl;9.048986e-21
approximately;9.367197e-21
1.5;1.4016146e-20
to;8.4123145e-21
2;8.766899e-21
inches;8.882396e-21
in;8.017141e-21
diameter.;9.465799e-21
However,;9.737929e-21
this;8.483114e-21
is;8.279083e-21
a;8.232817e-21
rough;8.477129e-21
estimate,;9.491146e-21
and;8.330372e-21
the;8.063946e-21
actual;8.310408e-21
size;8.259682e-21
could;8.02124e-21
vary.;8.090816e-21
