text;attention
The;1.991468e-08
quote;2.026834e-08
"""Little";4.2584762e-08
things;2.0219959e-08
can;2.789596e-08
grow;2.410513e-08
"big""";6.637252e-08
is;1.9421806e-08
significant;1.8684077e-08
because;1.9664242e-08
it;1.8251678e-08
emphasizes;1.952819e-08
the;2.539326e-08
importance;1.8804093e-08
of;1.9701485e-08
paying;1.8501794e-08
attention;1.9743617e-08
to;1.8176188e-08
small;2.007049e-08
details;1.9949008e-08
and;1.9512814e-08
considering;2.0807446e-08
their;1.8106844e-08
potential;1.847785e-08
impact.;0.2657949
It;1.956734e-08
suggests;2.1101803e-08
that;1.971532e-08
seemingly;1.8425446e-08
insignificant;2.1107237e-08
occurrences;2.4365098e-08
or;1.8806208e-08
actions;2.0998376e-08
can;2.2262626e-08
have;1.8514964e-08
a;1.8896207e-08
significant;1.790511e-08
impact;1.9140147e-08
on;1.8918493e-08
the;1.7889954e-08
bigger;1.9385833e-08
picture,;1.5128985e-07
and;2.7592268e-08
that;1.7267423e-08
one;2.2076446e-08
should;1.93072e-08
not;1.7296236e-08
underestimate;1.953035e-08
the;2.108004e-08
power;1.9816468e-08
of;1.7669528e-08
small;2.020373e-08
things.;0.24105537
This;1.9883178e-08
quote;2.0142243e-08
can;2.097144e-08
be;1.7196006e-08
applied;1.8606476e-08
in;1.9824142e-08
various;2.020419e-08
contexts,;1.4992509e-07
such;2.0245468e-08
as;2.0324821e-08
personal;2.0315714e-08
growth,;2.8668332e-08
business,;5.0770858e-08
or;2.0404528e-08
even;1.9054513e-08
global;2.1366882e-08
issues,;2.0575479e-07
as;1.9287029e-08
it;1.7886679e-08
reminds;2.043931e-08
us;2.0840929e-08
to;2.095337e-08
be;1.7402856e-08
mindful;2.0385892e-08
of;1.9068475e-08
our;1.8683684e-08
actions;2.0658401e-08
and;1.9226132e-08
the;1.7572397e-08
potential;1.8174765e-08
consequences;2.0505341e-08
they;1.7254091e-08
may;1.7925442e-08
have.;0.24803698
It;2.1654776e-08
encourages;2.0664077e-08
us;2.09706e-08
to;1.81696e-08
take;1.7114465e-08
a;2.0856557e-08
holistic;2.1047097e-08
view;1.801181e-08
of;1.7922059e-08
life;1.7431958e-08
and;2.047513e-08
recognize;1.8901002e-08
the;1.943626e-08
interconnectedness;3.1853872e-08
of;1.7676404e-08
all;1.8753123e-08
things,;1.5434605e-07
even;1.9919504e-08
if;1.8507832e-08
they;2.0055106e-08
appear;2.0236087e-08
small;2.0995016e-08
at;1.6580286e-08
first;1.734761e-08
glance.;0.24510984
