text;attention
The;0.14223082
clock;0.15373977
on;0.12279909
the;0.11839712
building;0.13113603
shows;0.14467181
12:30.;0.18702541
