text;attention
Title:;0.12699609
Vehicle;0.09821181
Noise;0.10606936
and;0.06281966
Vibration;0.08020148
Refinement.;0.105350606
Topic:;0.09241893
Woodhead;0.0800523
Publishing;0.070872374
in;0.05930255
Mechanical;0.059242047
Engineering.;0.05846275
