text;attention
What;0.10327252
is;0.09902491
the;0.09855846
size;0.09853025
of;0.099302866
the;0.097739734
bowl;0.10171286
in;0.09954214
the;0.098813474
image?;0.10350277
