text;attention
The;0.06533491
predominant;0.06261653
airplane;0.06550854
on;0.060994916
display;0.063951194
is;0.06741384
blue,;0.09225674
with;0.06606258
additional;0.06541698
stripes;0.07120671
in;0.06380791
red,;0.07447445
white,;0.062904604
and;0.057683263
green.;0.06036691
