text;attention
The;0.06605933
predominant;0.06272917
airplane;0.08638433
on;0.05773969
display;0.082256235
is;0.06577907
blue,;0.1173117
with;0.057864144
additional;0.056154042
stripes;0.07530055
in;0.051895324
red,;0.06406199
white,;0.058284044
and;0.048344042
green.;0.0498364
