text;attention
The;0.0014698274
predominant;0.0014488287
airplane;0.0018972735
on;0.0015751864
display;0.0016153598
is;0.0014279148
blue.;0.99056566
