text;attention
The;0.009249895
quote;0.009263443
on;0.009253758
the;0.009263282
image;0.009251324
suggests;0.009248608
that;0.009257671
peace,;0.009258814
poetry,;0.009281016
and;0.009287733
power;0.0092485435
are;0.009250709
important;0.009274203
aspects;0.009252694
of;0.009251869
life.;0.009258023
It;0.009256802
encourages;0.009261715
people;0.009250198
to;0.009248852
appreciate;0.00925086
these;0.009249682
qualities;0.009264707
and;0.009257593
strive;0.009256846
to;0.009253583
incorporate;0.009256958
them;0.009256809
into;0.009246929
their;0.009250476
daily;0.009247147
lives.;0.009252212
The;0.009250622
image;0.009258353
features;0.009254407
a;0.009260825
clock;0.0092553
with;0.009250058
a;0.009287865
rose;0.00925367
and;0.009248676
a;0.009280316
quote,;0.009251355
which;0.009267208
can;0.00925503
be;0.009250534
interpreted;0.009249046
as;0.009247611
a;0.009256196
reminder;0.00925607
to;0.009254677
find;0.009251689
balance;0.009251677
between;0.00925162
the;0.0092699565
passage;0.009254622
of;0.009248406
time;0.009261431
and;0.009247519
the;0.009256365
beauty;0.009252293
of;0.009248275
life.;0.009260012
The;0.0092548765
rose;0.00926645
symbolizes;0.009304354
love;0.009262463
and;0.009262991
appreciation,;0.009276027
while;0.009250207
the;0.009255367
clock;0.009255347
represents;0.009248548
the;0.009274768
importance;0.009258294
of;0.009248436
time;0.009252404
and;0.009253089
its;0.009259942
value;0.0092502
in;0.009249741
our;0.009262295
lives.;0.009258057
The;0.0092587555
combination;0.009275733
of;0.009254741
these;0.009267786
elements;0.009249805
in;0.009250066
the;0.009265607
image;0.009259646
serves;0.0092519075
as;0.0092621995
a;0.009261378
reminder;0.009267727
to;0.009259628
cherish;0.009274268
the;0.009304856
moments;0.009270052
and;0.009260471
make;0.009270656
the;0.0092549445
most;0.009268177
of;0.009250973
our;0.00927974
time;0.009269683
on;0.0092531275
earth.;0.009299582
