text;attention
The;0.0092432
quote;0.009302611
on;0.0092496015
the;0.009263339
image;0.009247454
suggests;0.009245018
that;0.0092584705
peace,;0.009264224
poetry,;0.009284007
and;0.009269803
power;0.009246605
are;0.009249228
important;0.009264421
aspects;0.009249427
of;0.009251688
life.;0.009257466
It;0.009255371
encourages;0.009282214
people;0.009250022
to;0.009250121
appreciate;0.009250077
these;0.009246976
qualities;0.009263243
and;0.009257449
strive;0.009258009
to;0.009253588
incorporate;0.009256378
them;0.009268619
into;0.009245206
their;0.009246097
daily;0.009244476
lives.;0.009254949
The;0.009250384
image;0.009269344
features;0.009251987
a;0.009268013
clock;0.009254583
with;0.0092475265
a;0.009311159
rose;0.009253359
and;0.009247198
a;0.009265598
quote,;0.0092496965
which;0.009255486
can;0.009252232
be;0.009249428
interpreted;0.009248279
as;0.009245459
a;0.009266715
reminder;0.009248708
to;0.009256836
find;0.009259301
balance;0.009246754
between;0.009252082
the;0.009277396
passage;0.009250953
of;0.009246518
time;0.00927339
and;0.009244668
the;0.009260215
beauty;0.009249412
of;0.009245342
life.;0.009265069
The;0.009249059
rose;0.009266311
symbolizes;0.009290556
love;0.009290356
and;0.009253573
appreciation,;0.009279536
while;0.009246979
the;0.009249483
clock;0.009252069
represents;0.009248151
the;0.009272931
importance;0.009253942
of;0.009247461
time;0.009259267
and;0.00924592
its;0.009264311
value;0.009249596
in;0.009247932
our;0.009265889
lives.;0.00925244
The;0.009255001
combination;0.0092605
of;0.009251632
these;0.009275737
elements;0.009248071
in;0.009248696
the;0.009272987
image;0.009248011
serves;0.009249487
as;0.009264187
a;0.009257193
reminder;0.0092641255
to;0.009262707
cherish;0.009284708
the;0.00929182
moments;0.009252125
and;0.009249115
make;0.0093409
the;0.009256167
most;0.009257351
of;0.00925193
our;0.009267747
time;0.009256183
on;0.009256014
earth.;0.009299388
