text;attention
The;0.13127246
predominant;0.16514805
airplane;0.16973175
on;0.1223936
display;0.12270875
is;0.1178951
blue.;0.17085028
