text;attention
The;0.12971212
clock;0.13833556
on;0.12232443
the;0.10803093
building;0.119039066
shows;0.120675705
12:30.;0.2618822
