text;attention
The;0.014197333
bedroom;0.032165837
in;0.011731966
the;0.009533479
image;0.014137636
has;0.016364086
a;0.013140028
modern;0.018672647
and;0.013335659
stylish;0.025713166
appearance,;0.03065423
featuring;0.018607898
a;0.01359374
large;0.010980467
bed;0.031217538
with;0.012815561
white;0.014946521
pillows;0.020204155
and;0.012354544
a;0.009361334
white;0.011258871
comforter.;0.061498523
The;0.012911127
room;0.016525052
is;0.01068277
dimly;0.017126743
lit,;0.022648023
creating;0.011364752
a;0.010805713
cozy;0.022154124
and;0.009327675
intimate;0.01115648
atmosphere.;0.028663328
The;0.010283792
bed;0.012780139
is;0.009209694
positioned;0.010774803
next;0.0095120175
to;0.009406391
a;0.009978227
wall,;0.018886575
and;0.009873201
there;0.009586026
is;0.008518294
a;0.008780154
lamp;0.014421072
on;0.008677535
the;0.008321194
nightstand,;0.015619045
providing;0.009368078
additional;0.008814889
lighting;0.009394716
in;0.008419671
the;0.008286104
room.;0.01694657
The;0.008380542
overall;0.009971082
ambiance;0.013494983
of;0.008841222
the;0.008424995
bedroom;0.009794757
is;0.009092916
inviting;0.012296032
and;0.008621425
comfortable,;0.011632195
making;0.0085793175
it;0.008217581
an;0.007904268
ideal;0.008171838
space;0.008067995
for;0.008058491
relaxation;0.008686841
and;0.007893766
rest.;0.00816051
