text;attention
The;0.07914927
website;0.07830194
mentioned;0.07663636
in;0.07470399
the;0.06664982
image;0.07090179
is;0.07096099
www.tamilkavithaial.com.;0.48269585
