text;attention
The;0.08318486
website;0.08589165
mentioned;0.08428568
in;0.07866723
the;0.07658415
image;0.07826259
is;0.084871046
www.tamilkavithaial.com.;0.42825276
