text;attention
The;0.062447686
prominent;0.06274179
objects;0.06253767
in;0.062341765
the;0.06251668
image;0.06226215
include;0.06222264
a;0.06244639
train,;0.0627591
a;0.062776774
station;0.062570326
platform,;0.06265663
and;0.06239767
a;0.062334325
train;0.06239097
station.;0.06259745
