text;attention
The;0.008281754
image;0.008282292
shows;0.008286498
a;0.008289438
meal;0.008299615
arrangement;0.008283828
on;0.008298579
a;0.008306539
patterned;0.008291743
textile;0.008309822
surface.;0.008297875
At;0.008290906
the;0.011660774
center;0.008285501
is;0.008284119
a;0.008308028
white,;0.008292369
round;0.008288087
plate;0.0082820505
that;0.008288483
contains;0.008310454
an;0.008285544
assortment;0.008307482
of;0.008285547
food;0.008288276
items.;0.008301705
There's;0.008305508
a;0.008722863
can;0.008283367
of;0.008283158
Fanta;0.008297119
with;0.008284743
an;0.008311723
orange;0.008282851
flavor,;0.008319638
which;0.008284274
seems;0.0082824845
to;0.00828582
be;0.008287879
the;0.008281219
drink;0.00828374
of;0.008284057
choice.;0.008303314
The;0.008282926
food;0.008289179
items;0.008287177
include;0.008289799
what;0.008287565
appears;0.008291894
to;0.008289492
be;0.008292757
pasta;0.008290458
shells,;0.008329783
neatly;0.008289865
arranged;0.008292068
on;0.00829061
one;0.008300897
side;0.008284053
of;0.008302137
the;0.008306284
plate,;0.008289541
and;0.008291298
orange;0.008280504
wedges;0.008311998
with;0.008296219
some;0.008300915
of;0.008285653
the;0.0082874
peel;0.008289983
still;0.008290808
attached,;0.008298313
placed;0.0082873795
on;0.008284898
the;0.008292134
opposite;0.008281082
side.;0.008295048
Additionally,;0.00829745
there;0.008295426
are;0.008283679
orange-colored;0.008327421
crackers,;0.008343696
contributing;0.008306825
to;0.0082877
the;0.008291701
color;0.008282217
theme,;0.008312379
and;0.008299979
a;0.008283294
whole,;0.00829347
unpeeled;0.008342497
carrot;0.008320048
lying;0.0082883965
beside;0.008303071
the;0.008297859
other;0.008291602
items;0.008284549
on;0.00828981
the;0.008293799
plate.;0.008293193
The;0.008290165
background;0.008296398
textile;0.008363671
has;0.008316192
a;0.0083099
floral;0.008330763
pattern;0.008313985
with;0.008334094
a;0.008315532
mix;0.008296274
of;0.008289106
vibrant;0.008376379
colors,;0.008364279
adding;0.0083519695
a;0.008296281
decorative;0.008347304
backdrop;0.008398826
to;0.008299467
the;0.008345696
meal;0.008388689
presentation.;0.008433713
