text;attention
Reaching;0.35752293
for;0.32854506
Home;0.313932
