text;attention
Title:;0.09268394
Vehicle;0.042336065
Noise;0.04649154
and;0.04428032
Vibration;0.0509593
Refinement.;0.30755782
Topic:;0.11242979
Woodhead;0.04799832
Publishing;0.06831533
in;0.058929753
Mechanical;0.03987197
Engineering.;0.08814591
