text;attention
The;0.011741067
purpose;0.011769178
of;0.011753272
the;0.011756774
Om;0.011744364
chanting;0.011759825
in;0.011803341
the;0.0117963515
image;0.011749387
is;0.011740818
to;0.011765151
promote;0.011752518
positive;0.011756484
transformation;0.011755199
and;0.011756571
meditation.;0.01180553
The;0.011775798
group;0.011763863
of;0.011750579
people;0.011759652
is;0.011747109
sitting;0.01174923
in;0.01175181
a;0.011764443
circle,;0.011756
focusing;0.011774935
on;0.011758772
the;0.0117574325
chant,;0.011757649
which;0.011779186
is;0.011747416
a;0.011748577
deep;0.011742621
mantra;0.011755148
that;0.011758286
helps;0.011753027
them;0.011745863
connect;0.011752827
with;0.0117468955
their;0.011752217
inner;0.011753132
selves;0.011761826
and;0.011745572
achieve;0.011750152
a;0.011744632
state;0.0117523195
of;0.0117409825
mindfulness.;0.011791957
This;0.011749322
practice;0.01177433
can;0.0117478855
lead;0.011760076
to;0.011744583
personal;0.011757497
growth,;0.011783415
relaxation,;0.011797841
and;0.011757476
stress;0.011740874
reduction.;0.011760511
The;0.011749246
image;0.011765268
also;0.011761254
suggests;0.011771122
that;0.011748852
the;0.011777616
Om;0.011768796
chanting;0.011800969
is;0.011771714
being;0.011753461
used;0.01175077
as;0.011752473
a;0.01177231
tool;0.01176739
for;0.011749317
positive;0.011784826
transformation,;0.011810331
which;0.011817785
can;0.011761256
be;0.011764801
achieved;0.011765012
through;0.011746997
meditation;0.011907009
and;0.011781286
mindfulness;0.011849898
practices.;0.011780766
