text;attention
The;0.011740475
purpose;0.011747654
of;0.011744762
the;0.011748211
Om;0.011737185
chanting;0.011781216
in;0.011881668
the;0.011795751
image;0.011741926
is;0.011738147
to;0.011759157
promote;0.011742913
positive;0.011745803
transformation;0.011745644
and;0.011755117
meditation.;0.0118371565
The;0.011779951
group;0.011753458
of;0.011743147
people;0.011767635
is;0.011740358
sitting;0.0117444005
in;0.011742162
a;0.011766871
circle,;0.011745828
focusing;0.011796212
on;0.011760303
the;0.011757654
chant,;0.011744958
which;0.011806271
is;0.011744387
a;0.011745255
deep;0.011737837
mantra;0.011760063
that;0.011781833
helps;0.011756046
them;0.011743595
connect;0.011744673
with;0.011742669
their;0.011757023
inner;0.011741201
selves;0.011762772
and;0.011753076
achieve;0.011747885
a;0.011741152
state;0.011744874
of;0.011737899
mindfulness.;0.01182713
This;0.011743887
practice;0.011770506
can;0.011744267
lead;0.011761807
to;0.011746254
personal;0.011746008
growth,;0.01175838
relaxation,;0.011800328
and;0.011744697
stress;0.011737079
reduction.;0.011766053
The;0.01175124
image;0.011755492
also;0.011746097
suggests;0.011765772
that;0.011743917
the;0.011752437
Om;0.011754182
chanting;0.01182742
is;0.011804187
being;0.011755095
used;0.011748968
as;0.011749181
a;0.011769578
tool;0.01174428
for;0.011746668
positive;0.011805697
transformation,;0.011784272
which;0.011832238
can;0.011755201
be;0.011760601
achieved;0.01175417
through;0.011741362
meditation;0.0118190525
and;0.01183142
mindfulness;0.011911934
practices.;0.011808943
