text;attention
This;0.01731076
page;0.0188649
shows;0.02052833
a;0.01796158
diagram;0.026425699
showing;0.019644316
how;0.021942038
vehicles;0.0234074
use;0.023014382
noise;0.02230427
and;0.020679535
vibration;0.021015946
reduction;0.021756077
systems;0.021092013
to;0.018978521
reduce;0.02048859
their;0.019967608
environmental;0.018405069
impact.;0.03956009
The;0.019375956
diagram;0.023850983
includes;0.022442954
various;0.02407486
components,;0.040744606
such;0.018481249
as;0.020198565
vehicle;0.01954467
body,;0.032394487
engine,;0.030322572
transmission,;0.040036038
differentials,;0.048264775
and;0.02979829
wheels,;0.036161665
that;0.023617288
are;0.021413246
used;0.023317808
for;0.021054091
noise;0.019335976
and;0.018499384
vibration;0.020517502
reduction.;0.033206
