text;attention
Reaching;0.062388618
for;0.050934754
Home:;0.052790258
Global;0.04960439
Learning;0.047471378
on;0.051021878
Family;0.04428542
Reintegration;0.081400774
in;0.053753443
Low;0.042191073
and;0.05006132
Lower-Middle;0.32061583
Income;0.048669834
Countries;0.04481104
