text;attention
The;0.013508394
bedroom;0.013557623
in;0.013612377
the;0.0134689035
image;0.013426233
has;0.013514347
a;0.013494382
modern;0.013437421
and;0.013479535
stylish;0.013462596
appearance,;0.013524054
featuring;0.0134938
a;0.013460601
large;0.013439769
bed;0.013444732
with;0.013544777
white;0.013478038
pillows;0.013486937
and;0.013475902
a;0.01344745
white;0.013440738
comforter.;0.013525949
The;0.013592314
room;0.013452038
is;0.01349982
dimly;0.013554646
lit,;0.013517655
creating;0.013473409
a;0.013453996
cozy;0.013460679
and;0.013483533
intimate;0.013461709
atmosphere.;0.013486139
The;0.013556065
bed;0.013453045
is;0.013573392
positioned;0.013523648
next;0.013464634
to;0.013429144
a;0.013453332
wall,;0.013520309
and;0.01347616
there;0.013461972
is;0.013440668
a;0.013438056
lamp;0.013442889
on;0.013669631
the;0.013452084
nightstand,;0.013575763
providing;0.01347377
additional;0.013479599
lighting;0.013601912
in;0.013495535
the;0.013458574
room.;0.013507144
The;0.013538414
overall;0.0134678595
ambiance;0.01358109
of;0.013560303
the;0.01347971
bedroom;0.013519063
is;0.013606296
inviting;0.013555845
and;0.013588621
comfortable,;0.013673476
making;0.01354056
it;0.013529602
an;0.013508806
ideal;0.013501587
space;0.013603183
for;0.013612642
relaxation;0.013806646
and;0.013575744
rest.;0.013642728
