text;attention
The;0.01921683
bowl;0.022904182
in;0.019462824
the;0.019215915
image;0.021548579
is;0.022117516
small.;0.8755341
