text;attention
The;0.104150765
bowl;0.13790333
in;0.12623152
the;0.08694419
image;0.19145139
is;0.11951814
small.;0.2338007
