text;attention
The;0.038804054
purpose;0.058960475
of;0.04143437
the;0.046094432
Om;0.042057976
chanting;0.060980033
mentioned;0.0510861
in;0.04255464
the;0.04096032
image;0.060357723
is;0.046665005
to;0.044494115
meditate;0.063755825
and;0.043845907
chant;0.04700679
deep;0.040693235
mantra;0.042729203
chants;0.043723755
for;0.04111623
positive;0.03988716
transformation.;0.06279274
