text;attention
What;0.08303141
is;0.083510585
the;0.08320397
purpose;0.082983434
of;0.08354892
the;0.08330257
Om;0.083045535
chanting;0.08369971
mentioned;0.08328831
in;0.08363669
the;0.08321257
image?;0.0835362
