text;attention
What;0.08337243
is;0.08354028
the;0.08315364
purpose;0.08305905
of;0.08352016
the;0.08314263
Om;0.08310031
chanting;0.08362812
mentioned;0.083309926
in;0.08351
the;0.08313113
image?;0.083532415
