text;attention
The;0.043176614
quote;0.041467156
on;0.033669192
the;0.031907286
image;0.0373786
is:;0.04568853
"""My";0.04742283
goal;0.034742303
is;0.033046912
not;0.033164103
to;0.0332725
be;0.03209611
better;0.037722506
than;0.03720008
anyone;0.03807863
else,;0.043928724
but;0.034271885
to;0.032864604
be;0.031262603
better;0.032870296
than;0.033015583
|;0.032656398
used;0.032246433
to;0.032567676
"be.""";0.037991535
-;0.032948535
Wayne;0.032064084
Dyer;0.03127828
