text;attention
The;0.04099758
quote;0.04165267
on;0.031729948
the;0.030979473
image;0.037361927
is:;0.03728248
"""My";0.041762996
goal;0.038090732
is;0.03312981
not;0.03959053
to;0.03470766
be;0.03488449
better;0.045832973
than;0.039438147
anyone;0.038752798
else,;0.04094097
but;0.032911796
to;0.033453237
be;0.031887766
better;0.034208607
than;0.036798473
|;0.03271673
used;0.031464905
to;0.031853065
"be.""";0.033787
-;0.030968873
Wayne;0.0314076
Dyer;0.031406768
