text;attention
The;0.9992455
quote;1.0891489e-05
on;6.053425e-06
the;4.7411854e-06
image;1.3182462e-05
suggests;2.2657943e-05
that;9.250886e-06
peace,;3.374778e-05
poetry,;2.9180235e-05
and;7.1565864e-06
power;1.1913598e-05
are;6.452003e-06
important;5.9183258e-06
aspects;5.1547304e-06
of;4.639791e-06
life.;3.4007408e-05
It;7.9895535e-06
encourages;1.1702505e-05
people;5.527076e-06
to;5.311116e-06
appreciate;7.240394e-06
these;5.4363086e-06
qualities;7.380882e-06
and;6.820155e-06
strive;7.168247e-06
to;4.810496e-06
incorporate;5.297347e-06
them;5.1431816e-06
into;4.4314675e-06
their;4.1527123e-06
daily;4.619767e-06
lives.;1.2504541e-05
The;9.800514e-06
image;7.893069e-06
features;9.006631e-06
a;5.126238e-06
clock;1.5247567e-05
with;8.110148e-06
a;4.530737e-06
rose;7.3393917e-06
and;6.5213558e-06
a;4.3851223e-06
quote,;1.3069065e-05
which;6.0932857e-06
can;4.682442e-06
be;4.0856726e-06
interpreted;5.800767e-06
as;6.4078895e-06
a;4.186991e-06
reminder;6.032931e-06
to;5.2569e-06
find;5.0380254e-06
balance;7.8833655e-06
between;6.5305608e-06
the;4.63322e-06
passage;4.488513e-06
of;4.615535e-06
time;7.5992884e-06
and;6.9665393e-06
the;4.4491558e-06
beauty;5.1074176e-06
of;4.4867584e-06
life.;1.5846192e-05
The;7.398669e-06
rose;8.499394e-06
symbolizes;9.164053e-06
love;5.504425e-06
and;4.495817e-06
appreciation,;7.30188e-06
while;6.076399e-06
the;4.627665e-06
clock;8.112237e-06
represents;6.804153e-06
the;4.3268233e-06
importance;5.1571005e-06
of;4.3337277e-06
time;6.407284e-06
and;4.8014026e-06
its;4.2811153e-06
value;4.799388e-06
in;4.24694e-06
our;4.0465766e-06
lives.;9.103992e-06
The;4.771508e-06
combination;5.3246927e-06
of;4.358364e-06
these;4.435848e-06
elements;5.862717e-06
in;4.8142315e-06
the;3.869569e-06
image;4.8933243e-06
serves;4.8756697e-06
as;4.042627e-06
a;3.8346293e-06
reminder;4.866235e-06
to;5.1908855e-06
cherish;5.433416e-06
the;4.0977025e-06
moments;5.2288e-06
and;5.1307866e-06
make;4.4741446e-06
the;3.8853773e-06
most;4.0518134e-06
of;4.2083884e-06
our;3.998495e-06
time;4.0994964e-06
on;3.823692e-06
earth.;3.774973e-06
