text;attention
The;0.04730628
purpose;0.04751215
of;0.04748868
the;0.047405828
Om;0.047434308
chanting;0.04750401
mentioned;0.048079815
in;0.04776961
the;0.047754686
image;0.047388274
is;0.047217183
to;0.047865838
meditate;0.04814563
and;0.047332227
chant;0.04755485
deep;0.047459073
mantra;0.048117593
chants;0.047830407
for;0.047258373
positive;0.047547493
transformation.;0.04802769
