text;attention
The;0.04607998
purpose;0.046007406
of;0.04599268
the;0.046271972
Om;0.045957644
chanting;0.077019006
mentioned;0.046236616
in;0.045965027
the;0.04615438
image;0.045967493
is;0.045881987
to;0.045970026
meditate;0.046347864
and;0.045985308
chant;0.04626165
deep;0.0459737
mantra;0.046620224
chants;0.04657899
for;0.04597648
positive;0.04612994
transformation.;0.04662162
