text;attention
The;0.047323294
purpose;0.047576435
of;0.047380883
the;0.047431804
Om;0.047480583
chanting;0.04757865
mentioned;0.04797227
in;0.047840074
the;0.047847725
image;0.04742361
is;0.047274366
to;0.047683246
meditate;0.04779059
and;0.047336884
chant;0.04757378
deep;0.047474638
mantra;0.048125513
chants;0.04784583
for;0.047378786
positive;0.04771465
transformation.;0.04794639
