text;attention
The;0.008644391
image;0.008616752
features;0.008625607
a;0.008615578
dining;0.008618424
table;0.008605422
with;0.00861902
a;0.008607762
plate;0.00860422
of;0.008639689
food,;0.008623215
including;0.008602813
a;0.008610292
variety;0.008601954
of;0.008610684
snacks;0.008615925
and;0.008608545
a;0.008606491
can;0.008604978
of;0.008622411
soda.;0.008623238
The;0.008622466
plate;0.008610459
is;0.008623813
placed;0.0086080255
on;0.008627256
a;0.008603375
table;0.008605311
with;0.008610777
a;0.008606929
colorful;0.008612082
cloth,;0.008619334
adding;0.008603523
a;0.008623184
touch;0.008603303
of;0.008610313
elegance;0.008611888
to;0.008608158
the;0.008603175
scene.;0.008630497
There;0.0086172
are;0.008616209
several;0.00860754
carrots;0.0086551625
scattered;0.008616741
across;0.0086665945
the;0.008603244
plate,;0.008623031
with;0.008605829
some;0.008603919
of;0.008613615
them;0.008601132
placed;0.008607706
closer;0.008626211
to;0.008613125
the;0.008600793
edge;0.008606151
and;0.008617167
others;0.00860341
in;0.008615526
the;0.008603331
middle.;0.008612295
Additionally,;0.008623152
a;0.008606599
few;0.008603267
oranges;0.008621822
are;0.008614312
also;0.008611525
present;0.008605204
on;0.008615338
the;0.008602948
plate,;0.008624714
adding;0.008606376
a;0.008632488
pop;0.008606643
of;0.008656764
color;0.008604725
to;0.008610939
the;0.008603602
arrangement.;0.008625421
The;0.008621932
can;0.008612253
of;0.008648955
soda;0.008623469
is;0.008611277
positioned;0.008639027
next;0.008613019
to;0.008608516
the;0.00860536
plate,;0.008627975
ready;0.008613319
to;0.008616268
be;0.00861019
enjoyed;0.008607167
alongside;0.008610526
the;0.008606147
snacks.;0.00864154
The;0.00862466
overall;0.00862392
scene;0.008623141
is;0.008691103
a;0.008637589
casual;0.008678868
and;0.008630621
inviting;0.008654358
dining;0.00865125
experience,;0.008657685
with;0.00861994
a;0.008655399
mix;0.008617567
of;0.008652551
healthy;0.008661854
and;0.008653107
indulgent;0.008670784
food;0.008622624
options.;0.008673018
