text;attention
The;0.008607503
image;0.008609434
features;0.008609358
a;0.0086151175
dining;0.008612337
table;0.008612733
with;0.008616195
a;0.008613553
plate;0.008608038
of;0.008612416
food,;0.008622108
including;0.008609602
a;0.008617174
variety;0.008608853
of;0.00860904
snacks;0.008612832
and;0.008611129
a;0.008610427
can;0.008606119
of;0.008609229
soda.;0.008622333
The;0.008618847
plate;0.008610752
is;0.008610582
placed;0.008612916
on;0.008614753
a;0.008611301
table;0.008606951
with;0.008607032
a;0.008612015
colorful;0.008613408
cloth,;0.0086154835
adding;0.008610767
a;0.008624778
touch;0.008608862
of;0.008608615
elegance;0.008617254
to;0.008606013
the;0.008610855
scene.;0.008615605
There;0.008616842
are;0.008610877
several;0.00861181
carrots;0.008627982
scattered;0.008610854
across;0.008618005
the;0.0086157005
plate,;0.008615106
with;0.008611636
some;0.008618948
of;0.008616804
them;0.008614163
placed;0.008612551
closer;0.008614558
to;0.0086212335
the;0.008614786
edge;0.008606972
and;0.008607129
others;0.008614502
in;0.00861867
the;0.008608772
middle.;0.008609792
Additionally,;0.008632767
a;0.008615217
few;0.008610931
oranges;0.0086279
are;0.008618694
also;0.008614539
present;0.008611473
on;0.008610722
the;0.008612788
plate,;0.008614827
adding;0.008611998
a;0.008625616
pop;0.008610063
of;0.0086127035
color;0.008615989
to;0.008610767
the;0.008614453
arrangement.;0.008614936
The;0.008621109
can;0.008619991
of;0.008617183
soda;0.00863377
is;0.008609981
positioned;0.008639169
next;0.008614846
to;0.008618706
the;0.00862477
plate,;0.00861497
ready;0.008614718
to;0.008623334
be;0.008617841
enjoyed;0.008614072
alongside;0.008618551
the;0.008637217
snacks.;0.008623145
The;0.008624378
overall;0.008625635
scene;0.00863732
is;0.008636967
a;0.008648647
casual;0.008646787
and;0.008639121
inviting;0.00865583
dining;0.008636672
experience,;0.008657566
with;0.008630102
a;0.008673284
mix;0.008633845
of;0.008644569
healthy;0.008707287
and;0.008652508
indulgent;0.008710726
food;0.008629485
options.;0.008649458
