text;attention
The;0.03552013
quote;0.035561316
on;0.03559959
the;0.03567993
image;0.03559085
is:;0.0355921
"""My";0.03563664
goal;0.035700787
is;0.03565627
not;0.035654012
to;0.03566817
be;0.035662413
better;0.035617482
than;0.03558686
anyone;0.035940245
else,;0.035849363
but;0.035547446
to;0.035581212
be;0.03571923
better;0.035810582
than;0.035725713
|;0.03579429
used;0.03566595
to;0.035879698
"be.""";0.035988335
-;0.03560076
Wayne;0.035883
Dyer;0.036287498
