text;attention
In;1.5569818e-11
the;7.744371e-12
image,;2.2582207e-11
|;1.027386e-11
can;1.1820246e-11
see;1.4692645e-11
a;9.113567e-12
variety;8.920383e-12
of;8.060754e-12
furniture,;3.4763248e-11
including;1.0825848e-11
a;8.671513e-12
couch,;2.5783101e-11
a;7.785767e-12
chair,;1.3800672e-11
and;9.8655676e-12
a;7.647681e-12
refrigerator.;1.0
The;3.737378e-11
couch;1.7271138e-11
is;1.0321765e-11
located;1.2801985e-11
in;8.5486765e-12
the;7.5792705e-12
living;9.839015e-12
room,;2.4837635e-11
while;1.2821484e-11
the;8.181121e-12
chair;1.1356715e-11
is;9.036455e-12
positioned;1.1357646e-11
near;9.240378e-12
the;7.615526e-12
dining;1.2622441e-11
table.;2.782007e-11
The;8.379891e-12
refrigerator;1.6489195e-11
is;7.72251e-12
situated;8.09431e-12
in;6.9031105e-12
the;7.003852e-12
kitchen;1.0436127e-11
area.;1.8220987e-11
Additionally,;1.232788e-11
there;7.6941205e-12
is;8.039949e-12
a;7.5691e-12
TV;1.203016e-11
in;8.2379294e-12
the;7.391717e-12
living;8.041161e-12
room,;1.2140318e-11
which;7.713251e-12
adds;8.683994e-12
to;7.727033e-12
the;7.746454e-12
cozy;9.838377e-12
and;8.129479e-12
functional;1.0332618e-11
setup;9.810307e-12
of;7.351841e-12
the;6.9797675e-12
space.;1.8374339e-11
The;7.654949e-12
presence;7.841654e-12
of;7.122877e-12
these;7.9453865e-12
items;9.17916e-12
indicates;1.0832726e-11
that;7.797596e-12
the;7.143122e-12
room;9.533936e-12
is;7.502466e-12
designed;7.640318e-12
to;7.791085e-12
accommodate;7.963835e-12
both;7.602653e-12
relaxation;9.128371e-12
and;8.234897e-12
dining;9.074401e-12
activities,;9.474187e-12
making;7.586025e-12
it;7.369265e-12
a;7.2195245e-12
versatile;7.647549e-12
and;6.9422606e-12
comfortable;6.9134546e-12
living;6.7126335e-12
space.;6.7718387e-12
