text;attention
In;5.1072156e-13
the;1.5466473e-13
image,;6.8458466e-13
|;2.82276e-13
can;2.5376711e-13
see;2.3603808e-13
a;1.7223979e-13
variety;1.7060401e-13
of;1.7596216e-13
furniture,;8.2105676e-13
including;2.0025298e-13
a;1.6583169e-13
couch,;4.3486807e-13
a;1.7252354e-13
chair,;2.812833e-13
and;1.7722492e-13
a;1.6761373e-13
refrigerator.;1.0
The;3.4327483e-13
couch;2.9627892e-13
is;2.0731432e-13
located;1.9645692e-13
in;1.5355101e-13
the;1.5009502e-13
living;1.8018344e-13
room,;3.244066e-13
while;1.803674e-13
the;1.4839874e-13
chair;1.9899537e-13
is;1.6321494e-13
positioned;1.7948406e-13
near;1.6484085e-13
the;1.4893096e-13
dining;2.0688417e-13
table.;3.3491382e-13
The;1.7241333e-13
refrigerator;3.2718736e-13
is;1.6491004e-13
situated;1.630914e-13
in;1.4286645e-13
the;1.3946276e-13
kitchen;1.738299e-13
area.;2.495847e-13
Additionally,;2.2003433e-13
there;1.9731989e-13
is;1.5486783e-13
a;1.5197904e-13
TV;2.0214413e-13
in;1.6804589e-13
the;1.444612e-13
living;1.5271305e-13
room,;2.0972768e-13
which;1.5929059e-13
adds;1.6188579e-13
to;1.5731595e-13
the;1.5863599e-13
cozy;1.872711e-13
and;1.6344421e-13
functional;1.7274448e-13
setup;1.8434206e-13
of;1.4590252e-13
the;1.3959821e-13
space.;3.1071093e-13
The;1.561849e-13
presence;1.5708836e-13
of;1.5234561e-13
these;1.5371863e-13
items;1.8109753e-13
indicates;1.9037846e-13
that;1.7649021e-13
the;1.5265102e-13
room;1.8576555e-13
is;1.6391093e-13
designed;1.7084661e-13
to;1.6146611e-13
accommodate;1.6855981e-13
both;1.5853679e-13
relaxation;1.6894479e-13
and;1.5875193e-13
dining;1.6275887e-13
activities,;1.7385111e-13
making;1.5310764e-13
it;1.4778098e-13
a;1.5016233e-13
versatile;1.5453232e-13
and;1.4168897e-13
comfortable;1.4034681e-13
living;1.3693731e-13
space.;1.4327743e-13
