text;attention
The;6.9437256e-09
bedroom;2.997063e-08
in;5.7891194e-09
the;4.153269e-09
image;8.050361e-09
has;1.06505835e-08
a;4.7341526e-09
modern;7.886436e-09
and;4.602092e-09
stylish;7.659179e-09
appearance,;1.1465726e-08
featuring;5.068572e-09
a;4.6077306e-09
large;4.3926454e-09
bed;1.3701938e-08
with;5.0472133e-09
white;5.4132685e-09
pillows;9.496705e-09
and;4.596495e-09
a;4.0568264e-09
white;4.3643844e-09
comforter.;0.99999964
The;6.453231e-09
room;6.7904855e-09
is;4.321057e-09
dimly;7.6209705e-09
lit,;9.803921e-09
creating;4.5993014e-09
a;4.0603485e-09
cozy;5.8698637e-09
and;4.0224317e-09
intimate;5.2496834e-09
atmosphere.;6.4006676e-09
The;4.338854e-09
bed;6.0757235e-09
is;3.991631e-09
positioned;4.855209e-09
next;3.7462877e-09
to;4.2459503e-09
a;4.4234088e-09
wall,;7.174781e-09
and;4.1753734e-09
there;3.8259516e-09
is;3.767692e-09
a;3.9071604e-09
lamp;7.95234e-09
on;3.876932e-09
the;3.7259924e-09
nightstand,;7.405019e-09
providing;4.0626027e-09
additional;4.0030526e-09
lighting;4.2022825e-09
in;3.6972925e-09
the;3.641853e-09
room.;4.693719e-09
The;3.849235e-09
overall;4.1388524e-09
ambiance;4.7568074e-09
of;3.907116e-09
the;3.7029315e-09
bedroom;5.6179355e-09
is;3.9724157e-09
inviting;4.562474e-09
and;3.808892e-09
comfortable,;4.6069664e-09
making;3.82124e-09
it;3.6774168e-09
an;3.5847216e-09
ideal;3.722405e-09
space;3.6052372e-09
for;3.702543e-09
relaxation;3.9828323e-09
and;3.5546681e-09
rest.;3.6099987e-09
