text;attention
Reaching;0.071334794
for;0.07099275
Home:;0.07156593
Global;0.071160644
Learning;0.07115935
on;0.07125574
Family;0.07127636
Reintegration;0.071675286
in;0.07104271
Low;0.07129826
and;0.07133786
Lower-Middle;0.0723467
Income;0.07183533
Countries;0.0717183
