text;attention
The;0.050129846
quote;0.05064329
written;0.04804075
in;0.04226959
the;0.040527686
image;0.04603751
is:;0.050884824
"""forgive";0.06555294
yourself;0.049683575
for;0.04363139
not;0.04506507
knowing;0.047992636
what;0.04249953
you;0.04303641
didn't;0.07750295
know;0.04650425
before;0.042144366
you;0.043264054
lived;0.04224204
through;0.04058325
"it.""";0.041764025
