text;attention
The;0.045337677
quote;0.07173268
written;0.051268246
in;0.043925326
the;0.041223932
image;0.04859545
is:;0.0495364
"""forgive";0.07188459
yourself;0.049207393
for;0.043677863
not;0.043437775
knowing;0.04730442
what;0.045960464
you;0.0413364
didn't;0.04857951
know;0.04598925
before;0.04413654
you;0.042045016
lived;0.042040605
through;0.04199663
"it.""";0.0407838
