text;attention
The;0.053350225
quote;0.059592284
written;0.047044422
in;0.040515352
the;0.038870487
image;0.045798603
is:;0.04950288
"""forgive";0.07955102
yourself;0.051765796
for;0.044249162
not;0.045936607
knowing;0.051085692
what;0.041611567
you;0.03911979
didn't;0.06074154
know;0.0479259
before;0.04295489
you;0.04164511
lived;0.039804082
through;0.038869206
"it.""";0.04006522
