;number;text;x1;y1;x2;y2;y;diff_y;line;fixations;fix_distance;fix_duration;first_fix_duration;fix_number;pupil_l;pupil_r;distance;pupil;fix_duration_avg;go_past_time
0;0;What;581;770;630;786;778.0;;1;[];[];0.0;0.0;0;;;305.63781457172746;;;
1;1;is;638;770;651;786;778.0;0.0;1;[];[];0.0;0.0;0;;;284.64421762926327;;;
2;2;the;659;770;688;786;778.0;0.0;1;[np.float64(3410.0)];[np.float64(2.9790993332862854)];267.0;267.0;1;3.7352;3.8341;247.65814089358975;3.78;267.0;267.0
3;3;title;696;770;728;786;778.0;0.0;1;[];[];0.0;0.0;0;;;207.6787729153347;;;
4;4;of;737;770;754;786;778.0;0.0;1;[np.float64(3411.0)];[np.float64(13.99017333984375)];150.0;150.0;1;3.701;3.773;181.69705390926583;3.74;150.0;150.0
5;5;Naomi;762;770;821;786;778.0;0.0;1;[];[];0.0;0.0;0;;;114.78232441000185;;;
6;6;Klein's;830;770;890;786;778.0;0.0;1;[np.float64(3408.0), np.float64(3412.0)];[np.float64(4.5376976996369915), np.float64(8.331022024154777)];301.0;167.0;2;3.7652;3.837;46.12960538587616;3.8;150.5;167.0
7;7;book?;899;770;955;786;778.0;0.0;1;[np.float64(3409.0), np.float64(3413.0)];[np.float64(1.053495883941764), np.float64(7.283170938491821)];175.0;100.0;2;3.7462;3.8063;7.283170938491821;3.78;87.5;726.0
