;number;text;x1;y1;x2;y2;y;diff_y;line;fixations;fix_distance;fix_duration;first_fix_duration;fix_number;pupil_l;pupil_r;distance;pupil;fix_duration_avg;go_past_time
0;0;What;568;770;617;786;778.0;;1;[];[];0.0;0.0;0;;;272.9201582610128;;;
1;1;is;625;770;638;786;778.0;0.0;1;[];[];0.0;0.0;0;;;251.97655440825838;;;
2;2;the;646;770;675;786;778.0;0.0;1;[np.float64(708.0), np.float64(712.0), np.float64(713.0)];[np.float64(6.031093446050507), np.float64(0.0), np.float64(2.643324851989746)];649.0;150.0;3;3.9035;3.9552;215.1026772864268;3.93;216.3333;150.0
3;3;possible;684;770;760;790;780.0;2.0;1;[np.float64(709.0), np.float64(714.0)];[np.float64(0.0), np.float64(6.518487930297852)];333.0;183.0;2;3.9484;3.9893;130.13497747549576;3.97;166.5;183.0
4;4;theme;768;770;826;786;778.0;2.0;1;[np.float64(715.0)];[np.float64(8.041449206216157)];233.0;233.0;1;4.0659;4.1695;66.09547438367512;4.12;233.0;233.0
5;5;of;834;770;852;786;778.0;0.0;1;[];[];0.0;0.0;0;;;41.90402711431902;;;
6;6;this;859;770;891;786;778.0;0.0;1;[np.float64(710.0)];[np.float64(2.8513401576450406)];116.0;116.0;1;3.8888;3.8927;19.205883979797363;3.89;116.0;116.0
7;7;image?;900;770;967;790;780.0;2.0;1;[np.float64(711.0), np.float64(716.0)];[np.float64(0.0), np.float64(18.625795844098292)];333.0;116.0;2;3.9878;4.0642;18.625795844098292;4.03;166.5;1215.0
