text;attention
The;0.059805702
man;0.05718961
is;0.053044524
performing;0.06011318
a;0.05496712
trick;0.07132939
on;0.05835399
his;0.054491494
skateboard,;0.16006573
jumping;0.07034207
in;0.04511972
the;0.044155847
air;0.05221933
while;0.049687188
riding;0.047554884
it.;0.06156026
