text;attention
A;0.9993586
possible;6.870229e-06
reason;7.4600102e-06
the;1.9484361e-05
people;6.1364544e-06
in;6.920931e-06
the;7.462273e-06
image;6.0975385e-06
are;7.5876414e-06
playing;6.966491e-06
Wii;1.4590662e-05
at;1.1598383e-05
work;7.4713444e-06
could;6.368131e-06
be;6.7510855e-06
that;6.449577e-06
they;5.063259e-06
enjoy;6.374493e-06
spending;6.246937e-06
time;6.6319762e-06
together,;2.9163477e-05
engaging;5.9293006e-06
in;6.702817e-06
fun;5.1648112e-06
activities,;1.0366022e-05
and;7.2360012e-06
fostering;1.3418584e-05
a;7.169735e-06
sense;5.621973e-06
of;5.758517e-06
camaraderie.;7.051618e-05
Wii;7.4453833e-06
games;5.5169576e-06
often;5.872861e-06
involve;5.75575e-06
physical;5.6460867e-06
movements,;7.472257e-06
which;5.2290525e-06
can;5.1830093e-06
help;5.775203e-06
relieve;6.015062e-06
stress,;7.134948e-06
promote;4.8914985e-06
teamwork,;6.4328933e-06
and;4.7535164e-06
enhance;4.780015e-06
communication;4.7433814e-06
among;6.00722e-06
players.;9.632478e-06
By;5.445367e-06
playing;4.9223977e-06
together,;6.733236e-06
they;4.6167756e-06
share;5.303285e-06
a;4.8689353e-06
common;4.521455e-06
interest;4.3695663e-06
in;5.376504e-06
a;5.0090252e-06
fun;4.4725093e-06
and;4.9755176e-06
interactive;5.2980677e-06
way,;5.785561e-06
which;4.6760456e-06
can;4.768791e-06
contribute;4.447008e-06
to;4.8982765e-06
a;4.6429363e-06
positive;4.486312e-06
work;4.44129e-06
environment.;7.5892767e-06
Additionally,;5.3990498e-06
playing;5.0280787e-06
Wii;4.9138334e-06
at;4.3521613e-06
work;4.27362e-06
might;4.5426686e-06
encourage;4.676113e-06
employees;4.428061e-06
to;4.560078e-06
engage;4.2263573e-06
in;4.5182696e-06
more;4.499831e-06
physical;4.349597e-06
activity,;5.042552e-06
which;4.4037915e-06
can;4.4298313e-06
lead;4.405509e-06
to;4.2829797e-06
improved;4.4236967e-06
health;4.630462e-06
and;4.482535e-06
well-being.;5.9198255e-06
