text;attention
The;0.005697073
image;0.0069323513
shows;0.0079118535
a;0.0067774956
meal;0.0073135328
arrangement;0.0072950693
on;0.0067687547
a;0.005667017
patterned;0.005679872
textile;0.006086727
surface.;0.017461954
At;0.005624262
the;0.0053212843
center;0.0066302684
is;0.008208231
a;0.009773842
white,;0.008244762
round;0.005122441
plate;0.010093039
that;0.0065531344
contains;0.007647504
an;0.0059192106
assortment;0.0065017263
of;0.0053121173
food;0.0061901174
items.;0.0201042
There's;0.071877226
a;0.0078700865
can;0.009721624
of;0.0063553904
Fanta;0.007583636
with;0.006240306
an;0.004676625
orange;0.005819359
flavor,;0.00997904
which;0.007564711
seems;0.005922801
to;0.004667734
be;0.0059869066
the;0.0057782615
drink;0.0050722943
of;0.0048217042
choice.;0.027033402
The;0.006795953
food;0.0056560556
items;0.0059194327
include;0.013859715
what;0.0068193334
appears;0.005754522
to;0.004504814
be;0.009153422
pasta;0.008725645
shells,;0.013766732
neatly;0.006150533
arranged;0.0063131084
on;0.0055953898
one;0.005619215
side;0.006165292
of;0.004861796
the;0.0057416647
plate,;0.009345113
and;0.016877532
orange;0.0059955223
wedges;0.011023303
with;0.00866192
some;0.005612351
of;0.005157811
the;0.0057301307
peel;0.0074801473
still;0.0071075493
attached,;0.0136346845
placed;0.008387414
on;0.0056526917
the;0.0053453026
opposite;0.0063363514
side.;0.021355378
Additionally,;0.011629924
there;0.0075392947
are;0.010834547
orange-colored;0.011276369
crackers,;0.015497917
contributing;0.007367025
to;0.0050896346
the;0.005304594
color;0.005802715
theme,;0.007923586
and;0.009945521
a;0.0071168155
whole,;0.009853175
unpeeled;0.006602181
carrot;0.0096183475
lying;0.007600194
beside;0.0059252186
the;0.0060358522
other;0.0066864714
items;0.0056271083
on;0.006158211
the;0.006024916
plate.;0.020559676
The;0.0068929745
background;0.008654724
textile;0.006602916
has;0.006841703
a;0.0056789205
floral;0.007158952
pattern;0.0073243827
with;0.005459794
a;0.0045631523
mix;0.005988682
of;0.004644278
vibrant;0.0053891162
colors,;0.009118496
adding;0.007509295
a;0.0049004694
decorative;0.005400773
backdrop;0.0057048895
to;0.005618964
the;0.0054748226
meal;0.005324834
presentation.;0.01681382
