text;attention
The;0.004773717
image;0.008954827
shows;0.008395923
a;0.005288314
meal;0.010970144
arrangement;0.008590033
on;0.0060508205
a;0.005113071
patterned;0.01129197
textile;0.007637749
surface.;0.018880121
At;0.0057055154
the;0.0048730434
center;0.0068507274
is;0.0058681974
a;0.005095687
white,;0.013097124
round;0.007057198
plate;0.008538407
that;0.0051017376
contains;0.008378997
an;0.00531308
assortment;0.016188772
of;0.005121091
food;0.007465387
items.;0.017463988
There's;0.03386427
a;0.005165958
can;0.0065569542
of;0.005097911
Fanta;0.015316825
with;0.0055760224
an;0.0051477174
orange;0.006937412
flavor,;0.018528763
which;0.006292991
seems;0.009978057
to;0.004656924
be;0.0053933635
the;0.004668431
drink;0.006958187
of;0.0049534272
choice.;0.014367752
The;0.0045784633
food;0.00644063
items;0.0074144565
include;0.007570828
what;0.0063015926
appears;0.009985386
to;0.004575399
be;0.005210833
pasta;0.007108597
shells,;0.016981373
neatly;0.012071208
arranged;0.008579573
on;0.0055876407
one;0.005786853
side;0.0059658
of;0.0045640273
the;0.0044240644
plate,;0.014823054
and;0.004681362
orange;0.00670286
wedges;0.015822906
with;0.005023154
some;0.0058290814
of;0.004349507
the;0.0042811865
peel;0.007852429
still;0.0057853316
attached,;0.016555227
placed;0.0071246554
on;0.005090245
the;0.004192549
opposite;0.0072912565
side.;0.010311331
Additionally,;0.017017914
there;0.0054486464
are;0.005164303
orange-colored;0.025687898
crackers,;0.023217289
contributing;0.0071904305
to;0.0041086716
the;0.0039018614
color;0.0054709306
theme,;0.013837238
and;0.004282565
a;0.0043025515
whole,;0.011837474
unpeeled;0.031733364
carrot;0.0066884095
lying;0.005995245
beside;0.0062781293
the;0.0039627133
other;0.0055924295
items;0.006388567
on;0.0049916753
the;0.0040620337
plate.;0.012089262
The;0.0040569757
background;0.0076387776
textile;0.0064105066
has;0.005028487
a;0.0045030317
floral;0.006253884
pattern;0.0064960667
with;0.0050946306
a;0.00486163
mix;0.007973644
of;0.004681814
vibrant;0.008483983
colors,;0.014351576
adding;0.008179556
a;0.0049098907
decorative;0.008866758
backdrop;0.008972215
to;0.0048726574
the;0.0046484787
meal;0.010404771
presentation.;0.017671585
