text;attention
The;0.041831236
image;0.0043690098
shows;0.0019261212
a;0.0031565838
meal;0.0016196975
arrangement;0.0016774104
on;0.0016800883
a;0.005945284
patterned;0.001996823
textile;0.003231353
surface.;0.079803385
At;0.0017805896
the;0.036168985
center;0.002360487
is;0.0024618318
a;0.005101729
white,;0.012139588
round;0.0013866486
plate;0.0017489082
that;0.0018860522
contains;0.0017388597
an;0.0021972987
assortment;0.0016253846
of;0.002350162
food;0.0017478698
items.;0.05927611
There's;0.071266666
a;0.0041354783
can;0.0018553667
of;0.0025752767
Fanta;0.002515848
with;0.001676799
an;0.0018985625
orange;0.001492585
flavor,;0.016951896
which;0.0014620908
seems;0.0017997244
to;0.0023326327
be;0.0013699859
the;0.03704209
drink;0.0022266621
of;0.0026610794
choice.;0.04703646
The;0.018556768
food;0.0018139146
items;0.0018349539
include;0.0017458486
what;0.0014564431
appears;0.0014715395
to;0.003033895
be;0.001472295
pasta;0.002264545
shells,;0.010976754
neatly;0.0016018298
arranged;0.0014322327
on;0.0013836941
one;0.0013213234
side;0.0014654709
of;0.0018209614
the;0.011811154
plate,;0.008271781
and;0.0026453952
orange;0.0013942927
wedges;0.0022677567
with;0.0017920635
some;0.0013986982
of;0.0023108914
the;0.036564693
peel;0.0019803592
still;0.0016214679
attached,;0.008082154
placed;0.0015280808
on;0.001374927
the;0.026761057
opposite;0.0013609058
side.;0.025463996
Additionally,;0.00884484
there;0.0013526324
are;0.0020234706
orange-colored;0.0026854465
crackers,;0.014085701
contributing;0.0013493832
to;0.001995269
the;0.025997238
color;0.0016389437
theme,;0.009372008
and;0.0019473748
a;0.0025386317
whole,;0.0072759455
unpeeled;0.002325244
carrot;0.0019116008
lying;0.0014273089
beside;0.001433941
the;0.019278524
other;0.0014705551
items;0.0018252324
on;0.00148835
the;0.020354113
plate.;0.04852156
The;0.022362892
background;0.0019256574
textile;0.0031144158
has;0.0018221763
a;0.003311208
floral;0.0017343244
pattern;0.0015468993
with;0.0016218611
a;0.0020178491
mix;0.0014084071
of;0.0017927998
vibrant;0.0014604378
colors,;0.011007474
adding;0.0013800312
a;0.0022872484
decorative;0.0016839588
backdrop;0.0018795693
to;0.0018235331
the;0.015255327
meal;0.0016444717
presentation.;0.06598733
