text;attention
The;0.82746714
purpose;0.009127443
of;0.007885366
the;0.008119804
Om;0.0082648685
chanting;0.013146431
mentioned;0.00869103
in;0.008033154
the;0.007615325
image;0.008385711
is;0.008728791
to;0.010558565
meditate;0.008951457
and;0.008185018
chant;0.009068163
deep;0.008092916
mantra;0.00836974
chants;0.008097617
for;0.00777415
positive;0.0073827794
transformation.;0.008054505
