text;attention
The;0.05156312
purpose;0.05287043
of;0.051519614
the;0.046112496
Om;0.049717188
chanting;0.061613355
mentioned;0.050646074
in;0.04664879
the;0.043639284
image;0.044757918
is;0.046386342
to;0.045223556
meditate;0.049665503
and;0.04469562
chant;0.044705596
deep;0.046047486
mantra;0.04966364
chants;0.04473861
for;0.044062737
positive;0.043053165
transformation.;0.042669483
