text;attention
The;0.7303533
purpose;0.01360173
of;0.011899342
the;0.013496028
Om;0.013081082
chanting;0.02268761
mentioned;0.013330074
in;0.01250182
the;0.011790278
image;0.012549978
is;0.013254654
to;0.014259758
meditate;0.014355122
and;0.01181707
chant;0.013432815
deep;0.015732102
mantra;0.013285066
chants;0.012442111
for;0.011838941
positive;0.012931212
transformation.;0.011359943
