text;attention
The;2.2027413e-09
bedroom;2.7625984e-09
in;2.0488853e-09
the;1.893435e-09
image;1.9346502e-09
has;2.1113933e-09
a;1.9392092e-09
clean;1.9523694e-09
and;1.9476014e-09
minimalist;2.0868902e-09
appearance,;2.2534e-09
featuring;2.1525524e-09
a;1.8473559e-09
large;1.821291e-09
bed;1.8906094e-09
with;1.9611213e-09
white;1.8346237e-09
sheets;1.8285798e-09
and;1.8393328e-09
pillows,;2.0984054e-09
which;1.902518e-09
gives;1.9441164e-09
it;1.891136e-09
a;1.8252208e-09
fresh;1.836451e-09
and;1.8442262e-09
inviting;1.81261e-09
look.;1.0
The;1.917542e-09
room;1.85511e-09
is;1.8579074e-09
well-lit,;2.276994e-09
with;1.8538225e-09
a;1.7397753e-09
light;1.7482911e-09
on,;1.9236486e-09
creating;1.8757749e-09
a;1.7233874e-09
cozy;1.8233977e-09
atmosphere.;1.952027e-09
The;1.7626485e-09
overall;1.8510242e-09
atmosphere;1.7809784e-09
of;1.8008899e-09
the;1.7237819e-09
bedroom;1.781155e-09
is;1.7926102e-09
calm;1.7876762e-09
and;1.8207181e-09
relaxing,;1.8756245e-09
making;1.8138688e-09
it;1.7680224e-09
an;1.7496521e-09
ideal;1.7753519e-09
space;1.7345135e-09
for;1.7633512e-09
rest;1.7426712e-09
and;1.8171514e-09
rejuvenation.;1.8164621e-09
