text;attention
The;0.010217937
image;0.009915193
shows;0.009188631
a;0.008096254
meal;0.010563536
arrangement;0.010578941
on;0.0076425998
a;0.0074594966
patterned;0.014183881
textile;0.0135328155
surface.;0.018499268
At;0.008571061
the;0.00748956
center;0.008548501
is;0.008240533
a;0.007594882
white,;0.010835296
round;0.008505556
plate;0.00786997
that;0.007663645
contains;0.008469082
an;0.0070352354
assortment;0.018422345
of;0.0070784697
food;0.0075211725
items.;0.012658182
There's;0.01738233
a;0.0070902845
can;0.008628295
of;0.007661015
Fanta;0.0097374
with;0.007246113
an;0.006641341
orange;0.007824187
flavor,;0.009921479
which;0.007595273
seems;0.009626527
to;0.0069279256
be;0.0067874775
the;0.006808981
drink;0.008259119
of;0.0069201235
choice.;0.010539223
The;0.0075681647
food;0.0074120965
items;0.0073879557
include;0.008596763
what;0.008171208
appears;0.009049302
to;0.007119118
be;0.006743398
pasta;0.010604023
shells,;0.011418114
neatly;0.010886633
arranged;0.007865039
on;0.0074213217
one;0.0075241993
side;0.007936604
of;0.007011533
the;0.0065123914
plate,;0.009226381
and;0.007093588
orange;0.0074197617
wedges;0.008654283
with;0.007089013
some;0.007298945
of;0.0074457657
the;0.0065190005
peel;0.008471483
still;0.0070062233
attached,;0.008799369
placed;0.007382918
on;0.0069834357
the;0.0064707515
opposite;0.0075069116
side.;0.009086877
Additionally,;0.010537983
there;0.0074979356
are;0.0075589484
orange-colored;0.012415807
crackers,;0.010402602
contributing;0.00903054
to;0.007101668
the;0.0066731144
color;0.0072061587
theme,;0.009232456
and;0.0070420885
a;0.0067328606
whole,;0.008735955
unpeeled;0.0102936225
carrot;0.0080263065
lying;0.0076854657
beside;0.008070648
the;0.0065212683
other;0.006880857
items;0.006889906
on;0.006623335
the;0.006252092
plate.;0.008248395
The;0.0067828395
background;0.007997674
textile;0.009025833
has;0.0071199937
a;0.0067967074
floral;0.008432334
pattern;0.006609687
with;0.0068577006
a;0.006492462
mix;0.0072987727
of;0.0067576542
vibrant;0.008043295
colors,;0.0072692134
adding;0.007482724
a;0.006448836
decorative;0.00809943
backdrop;0.007930031
to;0.0063702124
the;0.0061167916
meal;0.006499115
presentation.;0.006247002
