text;attention
The;0.0119221425
purpose;0.009568037
of;0.007953299
the;0.007082928
Om;0.014566903
chanting;0.08813871
in;0.013169224
the;0.007872104
image;0.012341479
is;0.0121700065
to;0.0104183275
promote;0.010077437
positive;0.011349138
transformation;0.02040789
and;0.011300765
meditation.;0.092449844
The;0.012573226
group;0.012212551
of;0.008020197
people;0.010324347
is;0.01496888
sitting;0.016847083
in;0.007650387
a;0.0075229187
circle,;0.029837953
focusing;0.01113386
on;0.008501041
the;0.0076117003
chant,;0.028769638
which;0.008225489
is;0.006924392
a;0.007689462
deep;0.008091302
mantra;0.009805457
that;0.008113186
helps;0.008961428
them;0.010448008
connect;0.008928285
with;0.008293445
their;0.0077504367
inner;0.008363479
selves;0.010107937
and;0.0089103095
achieve;0.008545321
a;0.007251436
state;0.0070024584
of;0.006589468
mindfulness.;0.029555334
This;0.007953228
practice;0.009101274
can;0.007829451
lead;0.008217936
to;0.008669226
personal;0.008237852
growth,;0.014007584
relaxation,;0.011933535
and;0.006981049
stress;0.0068314406
reduction.;0.012129592
The;0.0080865165
image;0.009415071
also;0.007501938
suggests;0.008233603
that;0.010209105
the;0.007727937
Om;0.0076001612
chanting;0.008915343
is;0.007547616
being;0.0072030895
used;0.008022394
as;0.0070938827
a;0.006838886
tool;0.0075088595
for;0.0072737024
positive;0.007221397
transformation,;0.013532551
which;0.0071907695
can;0.006840457
be;0.0063013025
achieved;0.0069933166
through;0.0070097107
meditation;0.007779927
and;0.0066792485
mindfulness;0.00648689
practices.;0.006575386
