text;attention
The;1.5404342e-07
website;1.3002608e-07
mentioned;1.1804624e-07
in;1.2431848e-07
the;2.7563667e-07
image;1.2481124e-07
is;1.1868629e-07
www.tamilkavithaial.com.;0.99999905
