text;attention
The;0.0022249734
website;0.0022324116
mentioned;0.0021040968
in;0.0018281818
the;0.0019877588
image;0.0023664965
is;0.002286229
www.tamilkavithaial.com.;0.98496974
