text;attention
The;0.046816535
quote;0.04705388
written;0.04711207
in;0.047688164
the;0.047104456
image;0.046933237
is:;0.04740652
"""forgive";0.04815845
yourself;0.046983704
for;0.04743577
not;0.047741476
knowing;0.047229387
what;0.047245495
you;0.04811112
didn't;0.048000608
know;0.049551062
before;0.04751593
you;0.048295557
lived;0.047718212
through;0.047473513
"it.""";0.048424773
