text;attention
The;0.046889663
quote;0.04730362
written;0.04716537
in;0.047486756
the;0.046965197
image;0.046857838
is:;0.047635257
"""forgive";0.048880678
yourself;0.047084667
for;0.047526725
not;0.047705226
knowing;0.04737301
what;0.04738371
you;0.048003174
didn't;0.047985405
know;0.04859959
before;0.047714274
you;0.047992162
lived;0.047867365
through;0.047548607
"it.""";0.04803182
