text;attention
Title:;0.1336962
Vehicle;0.0993765
Noise;0.08927256
and;0.06538144
Vibration;0.078885034
Refinement.;0.10082744
Topic:;0.09660237
Woodhead;0.078170806
Publishing;0.06581675
in;0.06093212
Mechanical;0.07144481
Engineering.;0.05959398
