text;attention
Title:;0.15664594
Vehicle;0.08912498
Noise;0.09235793
and;0.07134921
Vibration;0.07438794
Refinement.;0.097869724
Topic:;0.093115106
Woodhead;0.07286741
Publishing;0.06666825
in;0.071874596
Mechanical;0.058069475
Engineering.;0.055669554
