text;attention
The;0.047287673
quote;0.059136584
written;0.045453798
in;0.041971855
the;0.037386633
image;0.045868564
is:;0.059376266
"""forgive";0.08644786
yourself;0.06259488
for;0.047315307
not;0.04462523
knowing;0.048861712
what;0.04271764
you;0.039034646
didn't;0.046352506
know;0.043031815
before;0.046070255
you;0.04059923
lived;0.039349016
through;0.038317297
"it.""";0.03820113
