text;attention
The;0.010843471
image;0.009457062
features;0.026785465
a;0.0100639155
dining;0.010810753
table;0.013681086
with;0.014352188
a;0.0075214356
plate;0.009290694
of;0.009840286
food,;0.027406137
including;0.01101732
a;0.0073029026
variety;0.0073529338
of;0.0077425367
snacks;0.009178212
and;0.008285382
a;0.007838388
can;0.0072499523
of;0.008135386
soda.;0.031700622
The;0.008551363
plate;0.008652224
is;0.008148516
placed;0.008607044
on;0.008139391
a;0.0070857564
table;0.008330773
with;0.008506167
a;0.0067043966
colorful;0.008829493
cloth,;0.013611917
adding;0.0092255175
a;0.0070535
touch;0.00720915
of;0.0069065
elegance;0.008801683
to;0.00714082
the;0.006762806
scene.;0.022082573
There;0.008020538
are;0.0080262255
several;0.008411961
carrots;0.009177149
scattered;0.009602195
across;0.008322112
the;0.006709683
plate,;0.015365729
with;0.008769227
some;0.00774935
of;0.0067732194
them;0.007870766
placed;0.0077915145
closer;0.008121363
to;0.007285035
the;0.006549061
edge;0.007939518
and;0.007336593
others;0.00766979
in;0.006661414
the;0.0063803135
middle.;0.011067666
Additionally,;0.010824994
a;0.0070743854
few;0.0070490143
oranges;0.008023116
are;0.007560653
also;0.0072739753
present;0.0075825457
on;0.007059349
the;0.006460043
plate,;0.008604996
adding;0.0077020624
a;0.006891006
pop;0.0067806896
of;0.006951433
color;0.0069151856
to;0.006624495
the;0.006377907
arrangement.;0.011068338
The;0.007382649
can;0.007240715
of;0.006757004
soda;0.0070162243
is;0.007356736
positioned;0.007579207
next;0.0069664423
to;0.007630801
the;0.0065170405
plate,;0.007926341
ready;0.0071549932
to;0.006771352
be;0.006585453
enjoyed;0.007168245
alongside;0.0071073445
the;0.0064038034
snacks.;0.008370216
The;0.0067405086
overall;0.0073394943
scene;0.007625927
is;0.00743012
a;0.0071803485
casual;0.0074967034
and;0.0068704113
inviting;0.0070965867
dining;0.0070345597
experience,;0.007956162
with;0.007045898
a;0.006485973
mix;0.0064209304
of;0.007155727
healthy;0.0072784075
and;0.0068026893
indulgent;0.0068076625
food;0.006348493
options.;0.0063185315
