text;attention
Title:;0.10275637
Vehicle;0.07999253
Noise;0.092382915
and;0.07724583
Vibration;0.08083203
Refinement.;0.08781668
Topic:;0.084832065
Woodhead;0.09562691
Publishing;0.0763391
in;0.073875405
Mechanical;0.0732018
Engineering.;0.075098276
