text;attention
The;0.061869007
prominent;0.061960507
objects;0.06207261
in;0.06232885
the;0.06256034
image;0.06195802
include;0.061868474
a;0.06225828
train,;0.06307432
a;0.06398135
station;0.062584825
platform,;0.063365944
and;0.0630203
a;0.062197354
train;0.062268957
station.;0.062630855
