text;attention
The;0.061853237
prominent;0.06206826
objects;0.06222472
in;0.062187463
the;0.062391665
image;0.06199203
include;0.06186928
a;0.06295457
train,;0.063584365
a;0.06283731
station;0.06250362
platform,;0.06334051
and;0.062619835
a;0.062337257
train;0.06243174
station.;0.06280417
