text;attention
The;0.008315145
image;0.00831945
shows;0.008317916
a;0.008320823
meal;0.008324179
arrangement;0.008315667
on;0.0083298925
a;0.008331914
patterned;0.008321396
textile;0.008345568
surface.;0.008344446
At;0.008322603
the;0.008322261
center;0.008315004
is;0.008314557
a;0.008323962
white,;0.008321806
round;0.008326365
plate;0.008315337
that;0.008328229
contains;0.008343171
an;0.0083145
assortment;0.0083253365
of;0.008317335
food;0.00831625
items.;0.008325983
There's;0.008332859
a;0.00851369
can;0.008315351
of;0.008315639
Fanta;0.008336662
with;0.008317937
an;0.008369811
orange;0.0083225565
flavor,;0.008355708
which;0.008322215
seems;0.008317507
to;0.008316021
be;0.008316834
the;0.008313293
drink;0.008313386
of;0.00831412
choice.;0.0083286585
The;0.008317508
food;0.0083220415
items;0.008317526
include;0.008320534
what;0.008317392
appears;0.0083181
to;0.008316441
be;0.008321289
pasta;0.008320945
shells,;0.0083704395
neatly;0.008325078
arranged;0.008323955
on;0.008322885
one;0.008326476
side;0.008317006
of;0.0083207935
the;0.008334498
plate,;0.008320218
and;0.00832984
orange;0.00831566
wedges;0.008359751
with;0.008336139
some;0.008352419
of;0.00831953
the;0.00831927
peel;0.008319438
still;0.008318551
attached,;0.008340472
placed;0.008324047
on;0.00831914
the;0.008323377
opposite;0.00831549
side.;0.0083251465
Additionally,;0.008331931
there;0.008320836
are;0.008317803
orange-colored;0.008351288
crackers,;0.008343239
contributing;0.008344143
to;0.008322488
the;0.008321997
color;0.008315765
theme,;0.008329544
and;0.008326267
a;0.00831798
whole,;0.008325054
unpeeled;0.00839659
carrot;0.008344996
lying;0.008322716
beside;0.008351124
the;0.008337102
other;0.008326101
items;0.008315983
on;0.008318293
the;0.0083331205
plate.;0.0083221095
The;0.008325633
background;0.0083342325
textile;0.008377397
has;0.008344808
a;0.008362791
floral;0.008383105
pattern;0.008328327
with;0.008395563
a;0.008340218
mix;0.008332741
of;0.008322172
vibrant;0.008365234
colors,;0.008368336
adding;0.008353694
a;0.008338202
decorative;0.008336461
backdrop;0.00841607
to;0.008344784
the;0.008361123
meal;0.00835065
presentation.;0.00838919
