text;attention
The;0.1430239
clock;0.13249816
on;0.12870699
the;0.12008479
building;0.12702267
shows;0.15402254
12:30.;0.19464089
