text;attention
The;0.11499081
website;0.11551886
mentioned;0.11539156
in;0.11617331
the;0.11583542
image;0.11519936
is;0.11491576
www.tamilkavithaial.com.;0.19197488
