text;attention
The;0.11534887
website;0.11562872
mentioned;0.11560797
in;0.116515435
the;0.11583738
image;0.11544507
is;0.11523752
www.tamilkavithaial.com.;0.19037907
