text;attention
The;0.114204094
website;0.11478542
mentioned;0.114633806
in;0.115356006
the;0.11522409
image;0.11448193
is;0.114115395
www.tamilkavithaial.com.;0.19719921
