text;attention
The;0.11598798
website;0.11608258
mentioned;0.11579045
in;0.11653266
the;0.115974754
image;0.11552584
is;0.1153648
www.tamilkavithaial.com.;0.18874092
