text;attention
The;0.114732206
website;0.11595033
mentioned;0.11539438
in;0.11621975
the;0.11655129
image;0.11523984
is;0.11467875
www.tamilkavithaial.com.;0.19123343
