text;attention
The;0.043083545
purpose;0.04677909
of;0.042109556
the;0.050763283
Om;0.04162942
chanting;0.042444855
mentioned;0.05115001
in;0.04402133
the;0.04767763
image;0.046706434
is;0.052543055
to;0.046879638
meditate;0.058912825
and;0.045994572
chant;0.045665115
deep;0.044952247
mantra;0.04300635
chants;0.047121096
for;0.04488438
positive;0.04570864
transformation.;0.06796693
