text;attention
The;0.12242146
clock;0.13794583
on;0.11983262
the;0.10791131
building;0.11879337
shows;0.12330607
12:30.;0.2697893
