text;attention
The;0.008795244
image;0.007864174
features;0.012067728
a;0.0070478376
dining;0.013264056
table;0.015109153
with;0.011087814
a;0.0066174865
plate;0.014627862
of;0.018437745
food,;0.045067012
including;0.010715054
a;0.0060296063
variety;0.0066316356
of;0.007533355
snacks;0.016615944
and;0.010584127
a;0.008114902
can;0.0065383203
of;0.00840308
soda.;0.07823987
The;0.007388232
plate;0.011636485
is;0.0076067424
placed;0.0070065586
on;0.0060503758
a;0.0061191595
table;0.007404448
with;0.007465205
a;0.0056090355
colorful;0.007868214
cloth,;0.013006205
adding;0.007909395
a;0.0053830585
touch;0.0055569517
of;0.005322481
elegance;0.008355479
to;0.00596322
the;0.005651424
scene.;0.020414485
There;0.006921381
are;0.007089206
several;0.006212563
carrots;0.018362992
scattered;0.010347968
across;0.0076888967
the;0.006059065
plate,;0.031832173
with;0.007556252
some;0.0062676715
of;0.0054751383
them;0.006936497
placed;0.006751998
closer;0.0067388252
to;0.0058777356
the;0.005262453
edge;0.0072683436
and;0.007333073
others;0.006429946
in;0.005278345
the;0.0050350954
middle.;0.017475907
Additionally,;0.008455472
a;0.005857906
few;0.0056132497
oranges;0.010970592
are;0.0070914715
also;0.0057036555
present;0.006350891
on;0.0053000553
the;0.005280464
plate,;0.00845986
adding;0.006636531
a;0.00524518
pop;0.005374828
of;0.005405948
color;0.006153515
to;0.00533459
the;0.0050625564
arrangement.;0.010056783
The;0.005863364
can;0.007965562
of;0.005639503
soda;0.0077224295
is;0.0072320225
positioned;0.0057910597
next;0.0055113337
to;0.006158688
the;0.0050620954
plate,;0.007687853
ready;0.005890957
to;0.0055108475
be;0.0052033667
enjoyed;0.006100722
alongside;0.0056969305
the;0.005298997
snacks.;0.009478604
The;0.005316767
overall;0.0056789205
scene;0.005806335
is;0.0055421633
a;0.005544586
casual;0.0068762708
and;0.0055284393
inviting;0.0061093345
dining;0.0057623005
experience,;0.0069205416
with;0.005521568
a;0.0050787474
mix;0.005380956
of;0.0054517244
healthy;0.006476716
and;0.005603081
indulgent;0.005785476
food;0.0050558555
options.;0.0050817765
