text;attention
The;0.0083680935
image;0.008778548
features;0.016601928
a;0.008340162
dining;0.011228479
table;0.017314266
with;0.009653618
a;0.0068456125
plate;0.01125609
of;0.008225363
food,;0.03398691
including;0.011808937
a;0.006584481
variety;0.0090924585
of;0.0085339425
snacks;0.017010823
and;0.007982554
a;0.008102114
can;0.007527075
of;0.006542123
soda.;0.052759517
The;0.00968825
plate;0.010696141
is;0.006919732
placed;0.00851623
on;0.006662368
a;0.006700966
table;0.0094877845
with;0.0074463077
a;0.0061795977
colorful;0.008460804
cloth,;0.013135259
adding;0.009747827
a;0.0063882945
touch;0.0073742326
of;0.0059303297
elegance;0.0095298765
to;0.006527039
the;0.0069523714
scene.;0.024708658
There;0.0077836323
are;0.008004966
several;0.0073466264
carrots;0.014591044
scattered;0.00993579
across;0.007950065
the;0.0064072316
plate,;0.016927155
with;0.007723331
some;0.006508237
of;0.006038912
them;0.0072531966
placed;0.007714807
closer;0.0070229336
to;0.0064970166
the;0.0060205585
edge;0.008335869
and;0.006423815
others;0.00666389
in;0.0059258873
the;0.0057750335
middle.;0.014139905
Additionally,;0.012858801
a;0.006611084
few;0.006835952
oranges;0.009791485
are;0.007236894
also;0.0068759825
present;0.008511678
on;0.0062624635
the;0.0061248075
plate,;0.008431927
adding;0.0074483957
a;0.005985931
pop;0.006558317
of;0.006133611
color;0.0066708326
to;0.0060269865
the;0.005926601
arrangement.;0.011718482
The;0.0067533366
can;0.0071410346
of;0.0060400944
soda;0.006958845
is;0.006252304
positioned;0.0068792235
next;0.007514425
to;0.00674832
the;0.005560083
plate,;0.006754456
ready;0.0064304993
to;0.005967252
be;0.0057688304
enjoyed;0.006920359
alongside;0.0068315007
the;0.0060576973
snacks.;0.009229137
The;0.0060875746
overall;0.006606921
scene;0.007097902
is;0.0062676533
a;0.0065474827
casual;0.007662076
and;0.006201387
inviting;0.0066808006
dining;0.006274445
experience,;0.0076376484
with;0.006308381
a;0.005636716
mix;0.0063083987
of;0.0061820843
healthy;0.0066866693
and;0.005948233
indulgent;0.0062401523
food;0.00549658
options.;0.0057263128
