text;attention
A;0.010552074
possible;0.012769092
reason;0.014868135
the;0.011548178
people;0.014302881
in;0.010935734
the;0.009463957
image;0.015258409
are;0.011043588
playing;0.011754359
Wii;0.018318506
at;0.010797274
work;0.0143628735
could;0.012050172
be;0.009572392
that;0.011273225
they;0.010607373
enjoy;0.011529749
spending;0.010876668
time;0.010451887
together,;0.017203687
engaging;0.0101732835
in;0.009774057
fun;0.010223787
activities,;0.011799155
and;0.010085727
fostering;0.011035565
a;0.009310544
sense;0.009380444
of;0.00948454
camaraderie.;0.018400742
Wii;0.013424106
games;0.012558353
often;0.010570595
involve;0.010942813
physical;0.010583283
movements,;0.014000225
which;0.010165278
can;0.009619898
help;0.010161153
relieve;0.010216043
stress,;0.012259041
promote;0.009921235
teamwork,;0.012086832
and;0.009488879
enhance;0.009579667
communication;0.009879112
among;0.009450549
players.;0.013076525
By;0.01010144
playing;0.010616102
together,;0.013353422
they;0.010464706
share;0.010546333
a;0.009334232
common;0.010066532
interest;0.010504157
in;0.0096970955
a;0.009440226
fun;0.009809886
and;0.009232097
interactive;0.009760328
way,;0.010767609
which;0.009512279
can;0.009248749
contribute;0.009601636
to;0.009236394
a;0.008946119
positive;0.009442803
work;0.00961394
environment.;0.011151551
Additionally,;0.011539862
playing;0.009717456
Wii;0.010338635
at;0.009431816
work;0.009928004
might;0.0099336775
encourage;0.010052795
employees;0.01058307
to;0.00953247
engage;0.00954118
in;0.009198168
more;0.009439492
physical;0.009579424
activity,;0.0106869275
which;0.0092602065
can;0.008969453
lead;0.00895363
to;0.009009976
improved;0.009380895
health;0.009515606
and;0.008823588
well-being.;0.008944351
