text;attention
The;0.016918674
bedroom;0.016968442
in;0.01693692
the;0.01694427
image;0.016929246
has;0.016922835
a;0.016969813
clean;0.016929455
and;0.016921373
minimalist;0.016948957
appearance,;0.016965851
featuring;0.016947918
a;0.016940555
large;0.016932925
bed;0.016926328
with;0.016927052
white;0.01692559
sheets;0.0169178
and;0.016920745
pillows,;0.016950155
which;0.016913483
gives;0.016920108
it;0.016927132
a;0.016918104
fresh;0.016921584
and;0.016920695
inviting;0.016936194
look.;0.0169603
The;0.016934004
room;0.016988963
is;0.016933622
well-lit,;0.016969949
with;0.016947404
a;0.016922578
light;0.016919384
on,;0.016946236
creating;0.01692384
a;0.01692878
cozy;0.016933778
atmosphere.;0.01693788
The;0.016958315
overall;0.01697498
atmosphere;0.01692759
of;0.016926128
the;0.016954733
bedroom;0.01693509
is;0.016929269
calm;0.01692806
and;0.016926322
relaxing,;0.017041542
making;0.016941024
it;0.016945096
an;0.016935283
ideal;0.01693296
space;0.016927581
for;0.016973259
rest;0.017019633
and;0.016986704
rejuvenation.;0.017387504
