text;attention
The;0.1195356
website;0.116847165
mentioned;0.11851485
in;0.11046239
the;0.10767695
image;0.1137609
is;0.1099894
www.tamilkavithaial.com.;0.20321278
