text;attention
The;0.14572725
bowl;0.16250114
in;0.14195432
the;0.13036194
image;0.13657477
is;0.14534451
small.;0.13753608
