text;attention
The;0.06816128
prominent;0.059106417
objects;0.06466967
in;0.052557416
the;0.047802135
image;0.078374356
include;0.06568497
a;0.05484173
train,;0.12744667
a;0.048760857
station;0.06937984
platform,;0.071491644
and;0.048608802
a;0.04671426
train;0.047599085
station.;0.048800893
