text;attention
The;0.06337779
prominent;0.065905035
objects;0.06649116
in;0.061092228
the;0.058072437
image;0.06093754
include;0.06908887
a;0.060962953
train,;0.08143545
a;0.06230262
station;0.059782434
platform,;0.06249955
and;0.058209065
a;0.056638397
train;0.056453463
station.;0.056750994
