text;attention
The;0.06727691
prominent;0.06267854
objects;0.06593903
in;0.062252045
the;0.05953679
image;0.06402522
include;0.06563699
a;0.061931126
train,;0.071877755
a;0.05839773
station;0.06041774
platform,;0.06498578
and;0.058601033
a;0.057510875
train;0.05651455
station.;0.062417887
