text;attention
The;0.061366573
prominent;0.06602494
objects;0.07954279
in;0.05897561
the;0.05451405
image;0.07216262
include;0.06888758
a;0.05975821
train,;0.082101844
a;0.055551924
station;0.05965875
platform,;0.06764575
and;0.05440283
a;0.05225246
train;0.05304291
station.;0.05411114
