text;attention
The;0.06692481
prominent;0.055152796
objects;0.066579916
in;0.054027714
the;0.05226726
image;0.067487195
include;0.06524553
a;0.058265977
train,;0.11694024
a;0.053191785
station;0.07047479
platform,;0.071069576
and;0.053281777
a;0.04954078
train;0.047344077
station.;0.05220576
