text;attention
The;0.062016748
prominent;0.060619615
objects;0.06774156
in;0.05999176
the;0.05663917
image;0.057791132
include;0.065181874
a;0.062007762
train,;0.08478225
a;0.05803042
station;0.064968266
platform,;0.0739477
and;0.05644456
a;0.056051474
train;0.05371851
station.;0.060067236
