;ID;x;y;duration;pupil_r;pupil_l;word;word_number;distance
1625;1626;835.7010709708761;456.31106298919013;366.0;2.6330108642578125;2.8467351740056817;;;
1626;1627;762.0287358952664;447.52301004015175;300.0;2.647635565863715;2.86944580078125;the;3.0;7.523010040151746
1627;1628;866.504319289635;451.9187071570035;275.0;2.640073776245117;2.8717098236083984;small.;6.0;11.918707157003496
1628;1629;737.1205675710135;447.725936751184;633.0;2.5156587299547697;2.751857556794819;the;3.0;7.725936751184008
1629;1630;747.4784225814643;443.0922668226835;300.0;2.566374037000868;2.781985812717014;the;3.0;3.0922668226834844
1630;1631;868.9828970397048;447.45205851024014;234.0;2.438350132533482;2.6154654366629466;small.;6.0;7.4520585102401355
