;ID;x;y;duration;pupil_r;pupil_l;word;word_number;distance
3224;3226;546.1339579990931;777.506329536438;234.0;2.5189317975725447;2.8191964285714284;;;
3225;3227;620.0380706787109;775.3593091964722;100.0;2.558441162109375;2.855967203776041;name;3.0;0.0
3226;3228;747.8212127685547;776.1117553710938;300.0;2.513668484157986;2.793904622395833;school;6.0;0.0
3227;3229;869.023065740412;776.9500109065663;366.0;2.5526372736150567;2.8581972989169038;mentioned;7.0;0.0
3228;3230;731.7669113159179;775.2316188812256;166.0;2.575408935546875;2.909857177734375;school;6.0;3.2330886840820767
3229;3231;976.8134880065918;778.3585252761841;133.0;2.610034942626953;2.9355010986328125;image?;10.0;0.0
3235;3237;972.2605641682943;763.5756769180298;300.0;2.6485426161024304;2.919364081488715;image?;10.0;6.424323081970215
