;ID;x;y;duration;pupil_r;pupil_l;word;word_number;distance
482;483;425.8818321228027;795.4749283790588;200.0;2.6054890950520835;2.838963826497396;;;
483;484;529.3621582031251;777.256742477417;167.0;2.5075721740722656;2.77833251953125;overall;2.0;0.0
484;485;630.7972137451172;772.2590635299682;166.0;2.4706939697265624;2.696273803710937;appearance;3.0;1.7409364700317838
485;486;785.9807228675255;774.7405458597036;433.0;2.487756582406851;2.7687518780048075;atmosphere;5.0;0.0
486;487;922.1318283081055;790.8032841682435;200.0;2.4729715983072915;2.751630147298177;the;7.0;4.803284168243522
487;488;988.4349700927734;780.2952981948853;166.0;2.440264892578125;2.728955078125;bedroom;8.0;0.0
488;489;1090.8969612121582;777.2611005306244;133.0;2.474895477294922;2.6994705200195312;image.;11.0;0.0
491;492;570.2833156585692;780.8865694999696;133.0;2.487126668294271;2.699298858642578;overall;2.0;0.0
492;493;524.5794891357423;781.7584659576416;166.0;2.591171264648437;2.750750732421875;overall;2.0;0.0
