;number;text;x1;y1;x2;y2;y;diff_y;line;fixations;fix_distance;fix_duration;first_fix_duration;fix_number;pupil_l;pupil_r;distance;pupil;fix_duration_avg;go_past_time
0;0;The;619;425;655;440;432.5;;1;[];[];0.0;0.0;0;;;214.11261850144408;;;
1;1;bowl;664;425;706;440;432.5;0.0;1;[];[];0.0;0.0;0;;;163.1531731333934;;;
2;2;in;715;425;729;440;432.5;0.0;1;[];[];0.0;0.0;0;;;140.18111370533703;;;
3;3;the;737;425;766;440;432.5;0.0;1;[np.float64(1627.0), np.float64(1629.0), np.float64(1630.0)];[np.float64(7.523010040151746), np.float64(7.725936751184008), np.float64(3.0922668226834844)];1233.0;300.0;3;2.8011;2.5766;103.25216830038232;2.69;411.0;300.0
4;4;image;775;425;831;444;434.5;2.0;1;[];[];0.0;0.0;0;;;38.13944382770853;;;
5;5;is;840;425;853;440;432.5;2.0;1;[];[];0.0;0.0;0;;;17.634800078873756;;;
6;6;small.;862;425;915;440;432.5;0.0;1;[np.float64(1628.0), np.float64(1631.0)];[np.float64(11.918707157003496), np.float64(7.4520585102401355)];509.0;275.0;2;2.7436;2.5392;7.4520585102401355;2.64;254.5;1442.0
