text;attention
The;2.6009675e-07
bedroom;3.1361785e-07
in;2.1236761e-07
the;1.949847e-07
image;2.1808508e-07
has;2.2859675e-07
a;2.183758e-07
clean;2.4667634e-07
and;1.967784e-07
minimalist;2.8961455e-07
appearance,;3.0348187e-07
featuring;2.6373678e-07
a;1.9861115e-07
large;1.9668909e-07
bed;2.0454733e-07
with;2.0291796e-07
white;2.1726011e-07
sheets;2.1010993e-07
and;1.822614e-07
pillows,;2.2563638e-07
which;1.9036963e-07
gives;1.9860964e-07
it;1.8734977e-07
a;2.0109341e-07
fresh;2.2663185e-07
and;1.8264402e-07
inviting;2.0867576e-07
look.;0.99998784
The;2.1687485e-07
room;2.0245271e-07
is;1.8455587e-07
well-lit,;2.9695346e-07
with;1.9847651e-07
a;1.8327425e-07
light;1.8389755e-07
on,;1.8886203e-07
creating;1.9041974e-07
a;1.8848112e-07
cozy;1.9641654e-07
atmosphere.;2.80124e-07
The;1.814655e-07
overall;1.8730816e-07
atmosphere;1.985801e-07
of;1.8261878e-07
the;1.8781722e-07
bedroom;1.950617e-07
is;1.8100505e-07
calm;1.947992e-07
and;1.777336e-07
relaxing,;2.431435e-07
making;1.8089737e-07
it;1.7654182e-07
an;1.739127e-07
ideal;1.7826476e-07
space;1.8055077e-07
for;1.8308191e-07
rest;1.7847586e-07
and;1.8300459e-07
rejuvenation.;2.394568e-07
