text;attention
The;4.867426e-08
bedroom;7.322525e-08
in;4.439659e-08
the;3.2989092e-08
image;4.3501934e-08
has;5.2187396e-08
a;3.426086e-08
clean;3.5513036e-08
and;3.6014814e-08
minimalist;4.7549346e-08
appearance,;5.7649395e-08
featuring;3.942227e-08
a;3.241681e-08
large;3.1748424e-08
bed;3.725072e-08
with;4.1554284e-08
white;3.32432e-08
sheets;3.5569304e-08
and;3.445727e-08
pillows,;4.310951e-08
which;3.2034986e-08
gives;3.3421916e-08
it;3.1802667e-08
a;3.174358e-08
fresh;3.221937e-08
and;3.2677793e-08
inviting;3.3558102e-08
look.;0.9999982
The;3.9443407e-08
room;3.5367435e-08
is;3.292422e-08
well-lit,;4.6386248e-08
with;3.3500356e-08
a;3.0283584e-08
light;3.1154908e-08
on,;3.6644888e-08
creating;3.2734558e-08
a;3.0215965e-08
cozy;3.1694153e-08
atmosphere.;3.965243e-08
The;3.135952e-08
overall;3.2241932e-08
atmosphere;3.3630702e-08
of;3.2552254e-08
the;3.0019674e-08
bedroom;3.6572686e-08
is;3.204226e-08
calm;3.233789e-08
and;3.248502e-08
relaxing,;3.459985e-08
making;3.1090384e-08
it;2.9802994e-08
an;2.992951e-08
ideal;3.0129694e-08
space;3.0621045e-08
for;3.0293172e-08
rest;3.0435412e-08
and;3.1969066e-08
rejuvenation.;3.2139276e-08
