text;attention
The;1.3251922e-06
bedroom;4.1200933e-06
in;1.3126305e-06
the;9.2986636e-07
image;1.6539914e-06
has;1.7416979e-06
a;1.1254389e-06
clean;1.0905828e-06
and;1.0680743e-06
minimalist;1.5924995e-06
appearance,;2.191889e-06
featuring;1.2187745e-06
a;1.0197626e-06
large;1.0940757e-06
bed;1.6235897e-06
with;1.2077387e-06
white;1.2191267e-06
sheets;1.2866442e-06
and;1.1031931e-06
pillows,;1.5966053e-06
which;1.0076591e-06
gives;1.059806e-06
it;1.0173691e-06
a;9.661301e-07
fresh;1.0360882e-06
and;9.3538165e-07
inviting;1.2627635e-06
look.;0.9999281
The;1.8676269e-06
room;1.3226847e-06
is;1.0024859e-06
well-lit,;2.1706833e-06
with;9.818199e-07
a;9.131542e-07
light;1.0128578e-06
on,;1.2481983e-06
creating;9.925922e-07
a;9.071616e-07
cozy;1.1264568e-06
atmosphere.;1.9782003e-06
The;9.936018e-07
overall;1.0649062e-06
atmosphere;1.0869084e-06
of;9.4992237e-07
the;9.022154e-07
bedroom;1.3081318e-06
is;9.693437e-07
calm;1.1164997e-06
and;9.482127e-07
relaxing,;1.4443702e-06
making;9.624589e-07
it;9.1715066e-07
an;9.1038135e-07
ideal;9.836268e-07
space;9.709664e-07
for;9.194504e-07
rest;1.0270386e-06
and;9.08702e-07
rejuvenation.;1.0741501e-06
