text;attention
The;0.14091754
predominant;0.1462694
airplane;0.14403988
on;0.14152323
display;0.14176166
is;0.14132018
blue.;0.14416808
