text;attention
The;0.14331225
bowl;0.14481348
in;0.14994185
the;0.13499355
image;0.13410558
is;0.14377698
small.;0.14905629
