text;attention
The;0.15912953
bowl;0.13496153
in;0.1588092
the;0.1242716
image;0.1485991
is;0.1327959
small.;0.14143308
