text;attention
The;3.1673758e-17
image;2.4552453e-17
features;2.841959e-17
a;2.0405386e-17
dining;2.99473e-17
table;2.5293881e-17
with;1.8374562e-17
a;1.7020811e-17
plate;2.6101476e-17
of;1.8865922e-17
food,;3.006658e-17
including;2.0527413e-17
a;1.727527e-17
variety;2.116917e-17
of;1.6965646e-17
snacks;2.7150146e-17
and;1.7367577e-17
a;1.6636104e-17
can;2.0320716e-17
of;2.1512792e-17
soda.;1.0
The;2.2526216e-17
plate;2.175343e-17
is;1.7551466e-17
placed;2.0999384e-17
on;1.7186795e-17
a;1.7454985e-17
table;1.8598605e-17
with;1.7402196e-17
a;1.6785845e-17
colorful;2.2702022e-17
cloth,;2.2795136e-17
adding;1.987158e-17
a;1.7070424e-17
touch;2.0168194e-17
of;1.6443418e-17
elegance;2.5973941e-17
to;1.7319877e-17
the;1.7000371e-17
scene.;3.1837176e-17
There;2.0975605e-17
are;1.6928797e-17
several;1.7665454e-17
carrots;3.2119453e-17
scattered;2.7434158e-17
across;1.8455981e-17
the;1.6497955e-17
plate,;2.3482693e-17
with;1.7515415e-17
some;1.7091667e-17
of;1.6947922e-17
them;1.7520696e-17
placed;1.9305213e-17
closer;2.0941386e-17
to;1.6647278e-17
the;1.6766711e-17
edge;1.8899347e-17
and;1.6590222e-17
others;1.7706407e-17
in;1.6672762e-17
the;1.6496319e-17
middle.;2.1645406e-17
Additionally,;2.7006774e-17
a;1.6549264e-17
few;1.7025941e-17
oranges;2.3145984e-17
are;1.7033088e-17
also;1.683574e-17
present;1.8781409e-17
on;1.6588196e-17
the;1.62301e-17
plate,;1.9685898e-17
adding;1.8357679e-17
a;1.6644103e-17
pop;1.8260594e-17
of;1.692234e-17
color;1.8365382e-17
to;1.6540616e-17
the;1.6064466e-17
arrangement.;2.1424099e-17
The;1.67227e-17
can;1.8715894e-17
of;1.8139722e-17
soda;1.9326288e-17
is;1.7214222e-17
positioned;1.9303887e-17
next;1.7207329e-17
to;1.6623607e-17
the;1.5964645e-17
plate,;1.7260449e-17
ready;1.7932081e-17
to;1.5951374e-17
be;1.6052275e-17
enjoyed;1.7343345e-17
alongside;1.7261569e-17
the;1.6519617e-17
snacks.;2.1372428e-17
The;1.6515963e-17
overall;1.6933512e-17
scene;1.8883564e-17
is;1.6572258e-17
a;1.7095709e-17
casual;1.989365e-17
and;1.6516152e-17
inviting;1.8484305e-17
dining;1.7381894e-17
experience,;1.7502057e-17
with;1.6542257e-17
a;1.5909019e-17
mix;1.7079868e-17
of;1.6681351e-17
healthy;1.689061e-17
and;1.6019671e-17
indulgent;1.7341759e-17
food;1.560262e-17
options.;1.6580288e-17
