text;attention
The;1.30594225e-17
image;1.1969516e-17
features;1.7075895e-17
a;1.0303028e-17
dining;1.4011892e-17
table;1.498516e-17
with;1.0655578e-17
a;8.666163e-18
plate;1.31179885e-17
of;1.0009225e-17
food,;2.2303473e-17
including;1.07487e-17
a;8.823109e-18
variety;1.0106757e-17
of;9.125366e-18
snacks;1.713449e-17
and;9.0042704e-18
a;9.122547e-18
can;9.337207e-18
of;9.311313e-18
soda.;1.0
The;1.510482e-17
plate;1.19311316e-17
is;8.912652e-18
placed;1.00891145e-17
on;8.677112e-18
a;8.539133e-18
table;9.605164e-18
with;9.110862e-18
a;8.279695e-18
colorful;1.28652956e-17
cloth,;1.2490037e-17
adding;9.5207504e-18
a;8.2482025e-18
touch;8.940915e-18
of;8.14673e-18
elegance;1.2142019e-17
to;8.352118e-18
the;8.529495e-18
scene.;1.824507e-17
There;8.9679e-18
are;8.64922e-18
several;9.280887e-18
carrots;3.0336048e-17
scattered;1.1084361e-17
across;9.423517e-18
the;8.1677336e-18
plate,;1.3046525e-17
with;8.981595e-18
some;8.935766e-18
of;7.954065e-18
them;9.429486e-18
placed;9.841123e-18
closer;1.0369705e-17
to;8.542781e-18
the;8.154098e-18
edge;9.521041e-18
and;8.588199e-18
others;8.698455e-18
in;7.977798e-18
the;7.812131e-18
middle.;1.23278656e-17
Additionally,;1.0437727e-17
a;8.209091e-18
few;8.675888e-18
oranges;1.560375e-17
are;8.4177845e-18
also;8.270667e-18
present;9.856001e-18
on;8.055135e-18
the;7.957586e-18
plate,;9.9718e-18
adding;8.72574e-18
a;8.059623e-18
pop;8.777219e-18
of;8.144959e-18
color;9.058567e-18
to;7.958315e-18
the;7.880012e-18
arrangement.;1.1417776e-17
The;8.575694e-18
can;8.880987e-18
of;8.515062e-18
soda;1.01475134e-17
is;8.4638295e-18
positioned;9.778332e-18
next;8.22696e-18
to;8.347659e-18
the;7.8572604e-18
plate,;9.0604335e-18
ready;8.672082e-18
to;7.960986e-18
be;7.843216e-18
enjoyed;8.8970935e-18
alongside;8.786331e-18
the;7.9909866e-18
snacks.;1.17588456e-17
The;8.40293e-18
overall;8.9382895e-18
scene;9.288856e-18
is;8.109615e-18
a;8.556577e-18
casual;1.03952904e-17
and;8.306966e-18
inviting;9.6510016e-18
dining;9.046825e-18
experience,;9.052383e-18
with;8.082653e-18
a;7.660446e-18
mix;8.2297845e-18
of;8.166955e-18
healthy;9.528998e-18
and;8.146295e-18
indulgent;8.6884405e-18
food;7.572846e-18
options.;7.895449e-18
