text;attention
The;0.09462092
image;0.013422644
features;0.0185992
a;0.0090665845
dining;0.039016105
table;0.011175677
with;0.008242031
a;0.0066862027
plate;0.011297867
of;0.0074351584
food,;0.02183528
including;0.008482602
a;0.0064846952
variety;0.01095536
of;0.006549302
snacks;0.023471043
and;0.006900342
a;0.006487264
can;0.0077592093
of;0.0076965364
soda.;0.018867413
The;0.012626076
plate;0.009631021
is;0.006199819
placed;0.009279042
on;0.006991079
a;0.007058663
table;0.006721542
with;0.0060065845
a;0.0056441813
colorful;0.013517473
cloth,;0.014688629
adding;0.0070113167
a;0.00545916
touch;0.0064244787
of;0.0053361123
elegance;0.01365615
to;0.0053082826
the;0.0058711446
scene.;0.017679023
There;0.008801227
are;0.0064364974
several;0.0071895677
carrots;0.03830306
scattered;0.010339556
across;0.0064954166
the;0.005637088
plate,;0.011414882
with;0.0059984885
some;0.0061484515
of;0.0056625823
them;0.0057143057
placed;0.006392927
closer;0.007928813
to;0.0055154734
the;0.0064939456
edge;0.006287319
and;0.0062629874
others;0.0053819935
in;0.005209723
the;0.0048483047
middle.;0.009155895
Additionally,;0.008678048
a;0.005787825
few;0.005600533
oranges;0.013770438
are;0.0055205417
also;0.0052140406
present;0.0062232623
on;0.0052220323
the;0.0050465623
plate,;0.007240982
adding;0.0056037055
a;0.004910786
pop;0.006334695
of;0.0048504327
color;0.005608653
to;0.0046304865
the;0.004846343
arrangement.;0.008008294
The;0.005473096
can;0.0054697026
of;0.0053751506
soda;0.006574498
is;0.0050648716
positioned;0.006661562
next;0.0051944894
to;0.0046124165
the;0.0045964937
plate,;0.0059176553
ready;0.005964225
to;0.0047267354
be;0.004535642
enjoyed;0.005065649
alongside;0.004860716
the;0.004843511
snacks.;0.007815405
The;0.0048058997
overall;0.0053996346
scene;0.0058058943
is;0.0049827597
a;0.0054350556
casual;0.008913187
and;0.005090199
inviting;0.0073447
dining;0.0057495753
experience,;0.0059634144
with;0.0046603503
a;0.0045375144
mix;0.0047614654
of;0.0044747097
healthy;0.0057524177
and;0.0044839163
indulgent;0.005146042
food;0.004396699
options.;0.004667388
