text;attention
The;0.14091991
clock;0.14176002
on;0.14173636
the;0.14236031
building;0.14129002
shows;0.14084302
12:30.;0.15109038
