text;attention
The;0.14012425
clock;0.14214648
on;0.14127663
the;0.14202778
building;0.14083225
shows;0.14041395
12:30.;0.1531787
