text;attention
Reaching;0.6073108
for;0.20184228
Home;0.19084695
