text;attention
The;0.012300966
predominant;0.015917799
airplane;0.014537687
on;0.011652648
display;0.013852222
is;0.013316146
blue.;0.9184226
