text;attention
The;0.123196505
predominant;0.16190441
airplane;0.13693656
on;0.1168677
display;0.14702347
is;0.13374123
blue.;0.18033013
