text;attention
The;0.01345851
bedroom;0.0135428095
in;0.0135010285
the;0.013556755
image;0.01348133
has;0.013454233
a;0.013555887
modern;0.013535453
and;0.013479741
stylish;0.013562801
appearance,;0.013523776
featuring;0.013514336
a;0.013485437
large;0.013506755
bed;0.013484683
with;0.013470947
white;0.013579985
pillows;0.013544254
and;0.013473899
a;0.01350625
white;0.0134845935
comforter.;0.013545128
The;0.013473069
room;0.013556565
is;0.013517092
dimly;0.013578335
lit,;0.013536801
creating;0.01350379
a;0.0134948995
cozy;0.01352394
and;0.013489258
intimate;0.013519862
atmosphere.;0.0135289775
The;0.013483041
bed;0.013559691
is;0.013510351
positioned;0.013567387
next;0.0134628005
to;0.013484997
a;0.013458584
wall,;0.013511324
and;0.013523475
there;0.013500068
is;0.013479759
a;0.013466182
lamp;0.01345508
on;0.013462187
the;0.013611378
nightstand,;0.013573803
providing;0.013575956
additional;0.01347918
lighting;0.013538927
in;0.013479929
the;0.013458543
room.;0.013468269
The;0.013476034
overall;0.013547122
ambiance;0.013579376
of;0.013476277
the;0.013508011
bedroom;0.013491338
is;0.0134782735
inviting;0.013615616
and;0.01347393
comfortable,;0.013571277
making;0.013506281
it;0.013498742
an;0.01350372
ideal;0.013476765
space;0.013480256
for;0.013511788
relaxation;0.013610302
and;0.013507608
rest.;0.0136052305
