text;attention
The;0.013480082
bedroom;0.013635937
in;0.013512542
the;0.013506141
image;0.013498732
has;0.013486073
a;0.013514284
modern;0.013509463
and;0.013491235
stylish;0.013520708
appearance,;0.013515576
featuring;0.013509318
a;0.013491608
large;0.0134924855
bed;0.013493881
with;0.013487354
white;0.013499887
pillows;0.013516672
and;0.013515652
a;0.013481197
white;0.013483575
comforter.;0.013552298
The;0.013487162
room;0.013527489
is;0.013491
dimly;0.013513553
lit,;0.013574441
creating;0.0135016395
a;0.013481653
cozy;0.013500952
and;0.013496152
intimate;0.0135026155
atmosphere.;0.013499494
The;0.013488143
bed;0.013511352
is;0.013495392
positioned;0.01350434
next;0.013509893
to;0.013483704
a;0.013506356
wall,;0.01350382
and;0.01350301
there;0.013486985
is;0.0134891635
a;0.013495025
lamp;0.013484254
on;0.01348565
the;0.013526717
nightstand,;0.013549201
providing;0.013499616
additional;0.013497098
lighting;0.013544899
in;0.013500479
the;0.013511954
room.;0.01352409
The;0.013493842
overall;0.013523864
ambiance;0.0135317445
of;0.013555163
the;0.013560396
bedroom;0.013532372
is;0.013504022
inviting;0.013530502
and;0.013538774
comfortable,;0.013528547
making;0.013532251
it;0.01350951
an;0.013513804
ideal;0.01350618
space;0.013543422
for;0.013509111
relaxation;0.01357631
and;0.013587539
rest.;0.013550626
