text;attention
The;0.013472177
bedroom;0.013573798
in;0.013491534
the;0.013486186
image;0.013485496
has;0.013478992
a;0.0135044735
modern;0.013486369
and;0.013479735
stylish;0.013543914
appearance,;0.013518689
featuring;0.0134899095
a;0.013487274
large;0.013490603
bed;0.013488288
with;0.013480976
white;0.013492875
pillows;0.0135357715
and;0.013528593
a;0.013475749
white;0.013479658
comforter.;0.013571106
The;0.013470997
room;0.0135237705
is;0.013492353
dimly;0.013518566
lit,;0.01356169
creating;0.0135023445
a;0.013482906
cozy;0.013520018
and;0.013498565
intimate;0.013520122
atmosphere.;0.013550256
The;0.013483251
bed;0.013515524
is;0.013498462
positioned;0.013507333
next;0.013510808
to;0.013476542
a;0.013485363
wall,;0.013512024
and;0.013494399
there;0.013483567
is;0.013496373
a;0.013489684
lamp;0.013476661
on;0.013480135
the;0.0135133015
nightstand,;0.013573362
providing;0.013481021
additional;0.0135151865
lighting;0.013528087
in;0.013489295
the;0.013480489
room.;0.013542603
The;0.0134846065
overall;0.013539831
ambiance;0.0135293435
of;0.013530989
the;0.013520343
bedroom;0.013533397
is;0.013478808
inviting;0.013539253
and;0.013578213
comfortable,;0.013573144
making;0.0135213
it;0.013511435
an;0.013521342
ideal;0.013540252
space;0.013516292
for;0.013518219
relaxation;0.013663587
and;0.013580393
rest.;0.013602013
