text;attention
The;0.009188142
quote;0.009204494
on;0.009205815
the;0.00922843
image;0.009192203
suggests;0.0091839805
that;0.009250559
peace,;0.009263273
poetry,;0.009273991
and;0.009248744
power;0.009207543
are;0.009213242
important;0.009267266
aspects;0.0092082685
of;0.009210235
life.;0.00921136
It;0.0092260875
encourages;0.012418446
people;0.009202636
to;0.009209374
appreciate;0.009194925
these;0.009197786
qualities;0.009244972
and;0.009196324
strive;0.009248138
to;0.00917954
incorporate;0.009217068
them;0.009186914
into;0.009193165
their;0.009202273
daily;0.009188748
lives.;0.00919947
The;0.009199321
image;0.00926728
features;0.009238597
a;0.009231171
clock;0.009218385
with;0.00919297
a;0.009277196
rose;0.009234563
and;0.009183785
a;0.009241651
quote,;0.009231316
which;0.009240553
can;0.009252301
be;0.009220636
interpreted;0.009195172
as;0.009182094
a;0.009214328
reminder;0.009223262
to;0.009188802
find;0.00922145
balance;0.009211895
between;0.009196414
the;0.009242212
passage;0.00922815
of;0.009193674
time;0.009196715
and;0.009208012
the;0.009250738
beauty;0.009221947
of;0.009187261
life.;0.009224204
The;0.009223156
rose;0.009296269
symbolizes;0.00935742
love;0.009205235
and;0.009244971
appreciation,;0.009295461
while;0.00920582
the;0.009210851
clock;0.009227859
represents;0.009199847
the;0.009295576
importance;0.009259787
of;0.009192127
time;0.009213582
and;0.009206094
its;0.009309255
value;0.009223356
in;0.009207673
our;0.009225926
lives.;0.009227978
The;0.009203314
combination;0.0092715835
of;0.009213918
these;0.009240943
elements;0.009212528
in;0.009221462
the;0.009265714
image;0.009230589
serves;0.009195635
as;0.009249584
a;0.009221854
reminder;0.009227843
to;0.00921145
cherish;0.00935338
the;0.009212434
moments;0.009266707
and;0.009222073
make;0.009350075
the;0.009280322
most;0.009244357
of;0.009205437
our;0.0092507405
time;0.009293729
on;0.009247844
earth.;0.009398736
