text;attention
The;0.009188684
quote;0.009212891
on;0.009213609
the;0.009219902
image;0.009198525
suggests;0.009187145
that;0.0092517985
peace,;0.0092985
poetry,;0.009257656
and;0.009238838
power;0.009196652
are;0.009203796
important;0.009244139
aspects;0.009208793
of;0.009215058
life.;0.0092156865
It;0.009231801
encourages;0.012203805
people;0.00922103
to;0.009227715
appreciate;0.009195077
these;0.0092045
qualities;0.00925284
and;0.009195999
strive;0.00924507
to;0.009187039
incorporate;0.009226587
them;0.009190665
into;0.009192878
their;0.009200464
daily;0.009191673
lives.;0.009205581
The;0.009202537
image;0.009261644
features;0.00923843
a;0.009231343
clock;0.009235339
with;0.009205324
a;0.009320939
rose;0.009232047
and;0.009191465
a;0.00926638
quote,;0.009233209
which;0.009247272
can;0.0092502665
be;0.009214805
interpreted;0.009195971
as;0.0091812
a;0.009221637
reminder;0.009239608
to;0.009205374
find;0.009260912
balance;0.009221752
between;0.009211761
the;0.009243771
passage;0.009233605
of;0.009198404
time;0.009222011
and;0.009220227
the;0.009277502
beauty;0.009245868
of;0.009192856
life.;0.0092391735
The;0.009230705
rose;0.009282495
symbolizes;0.009327967
love;0.009226771
and;0.009280457
appreciation,;0.00932151
while;0.009220752
the;0.009215629
clock;0.009220347
represents;0.009201863
the;0.009296364
importance;0.00927669
of;0.009195642
time;0.009229476
and;0.009198747
its;0.009284937
value;0.009223184
in;0.009200437
our;0.009243379
lives.;0.00922558
The;0.00920442
combination;0.009269015
of;0.009223889
these;0.009256305
elements;0.009197611
in;0.009208682
the;0.009249226
image;0.009204836
serves;0.009195044
as;0.009250293
a;0.009232512
reminder;0.009221682
to;0.00920865
cherish;0.009380902
the;0.00921941
moments;0.009239728
and;0.009207896
make;0.009288002
the;0.009268194
most;0.009247503
of;0.00920259
our;0.009230356
time;0.0092488825
on;0.009243139
earth.;0.009331337
