text;attention
The;0.00923084
quote;0.009242972
on;0.009268175
the;0.00925609
image;0.009235041
suggests;0.009238277
that;0.009227983
peace,;0.009287149
poetry,;0.00936224
and;0.009255355
power;0.009209338
are;0.009234713
important;0.009263219
aspects;0.009238762
of;0.009252226
life.;0.009277825
It;0.009241675
encourages;0.009364451
people;0.009260678
to;0.00923261
appreciate;0.009230144
these;0.009227888
qualities;0.009323399
and;0.009253691
strive;0.009272629
to;0.009249993
incorporate;0.009265906
them;0.009268715
into;0.009216075
their;0.009208593
daily;0.009217915
lives.;0.009251732
The;0.009223451
image;0.009272413
features;0.009249676
a;0.009238081
clock;0.009243723
with;0.0092311185
a;0.009294475
rose;0.009236549
and;0.00922386
a;0.009255358
quote,;0.009246007
which;0.009239608
can;0.009233456
be;0.009225653
interpreted;0.009235529
as;0.009216942
a;0.009242073
reminder;0.009274161
to;0.009247515
find;0.009234001
balance;0.009231711
between;0.0092585785
the;0.009280036
passage;0.009255454
of;0.00922831
time;0.009225443
and;0.009216676
the;0.0092353
beauty;0.009231706
of;0.009221759
life.;0.009267723
The;0.009230008
rose;0.009292926
symbolizes;0.009321391
love;0.009272268
and;0.009239966
appreciation,;0.009395149
while;0.009215354
the;0.009211081
clock;0.00922068
represents;0.009227289
the;0.009275123
importance;0.009259662
of;0.009227095
time;0.009221523
and;0.009233086
its;0.009255786
value;0.009241018
in;0.009241556
our;0.009278705
lives.;0.009297829
The;0.009221034
combination;0.009297256
of;0.009250911
these;0.009282493
elements;0.00923077
in;0.009252353
the;0.009271545
image;0.00925229
serves;0.009246496
as;0.009264177
a;0.009262823
reminder;0.0093352385
to;0.009267589
cherish;0.009378736
the;0.009363622
moments;0.009278648
and;0.009253406
make;0.009267723
the;0.009331057
most;0.009318138
of;0.009244882
our;0.009264197
time;0.0092901485
on;0.009274465
earth.;0.009459814
