text;attention
The;0.10814766
clock;0.05166798
on;0.061088756
the;0.09562726
building;0.059349895
shows;0.068843275
12:30.;0.55527514
