text;attention
The;0.10517528
clock;0.14520417
on;0.09745488
the;0.08515881
building;0.10641589
shows;0.123814404
12:30.;0.33677658
