text;attention
The;0.011654452
purpose;0.011674729
of;0.011673991
the;0.011692173
Om;0.011667842
chanting;0.01169979
in;0.011817439
the;0.011732885
image;0.011691833
is;0.011658918
to;0.011768355
promote;0.01170928
positive;0.011690689
transformation;0.011697457
and;0.011679389
meditation.;0.011881304
The;0.011728976
group;0.015673667
of;0.011728055
people;0.011709133
is;0.011655984
sitting;0.011682929
in;0.011672268
a;0.011688639
circle,;0.011658464
focusing;0.011737241
on;0.011700519
the;0.011680309
chant,;0.011688931
which;0.011740195
is;0.01170746
a;0.011667726
deep;0.011659889
mantra;0.0116911465
that;0.011675125
helps;0.01168231
them;0.011665018
connect;0.01169005
with;0.01170187
their;0.011683933
inner;0.011663829
selves;0.011697006
and;0.0116517935
achieve;0.011693558
a;0.011683909
state;0.011683501
of;0.011668659
mindfulness.;0.011785247
This;0.011694098
practice;0.011716762
can;0.011689836
lead;0.011729491
to;0.01170139
personal;0.011675524
growth,;0.011722055
relaxation,;0.011827593
and;0.011678545
stress;0.011671019
reduction.;0.011717814
The;0.011694205
image;0.011721318
also;0.011696225
suggests;0.011747779
that;0.0116969645
the;0.011762394
Om;0.011691815
chanting;0.011805226
is;0.0117178345
being;0.011729715
used;0.011698107
as;0.011678841
a;0.011729137
tool;0.011692742
for;0.011678914
positive;0.011726319
transformation,;0.011809191
which;0.011917777
can;0.01177577
be;0.011721669
achieved;0.011700665
through;0.011667246
meditation;0.011998809
and;0.011822926
mindfulness;0.012019224
practices.;0.011787095
