text;attention
The;0.011651353
purpose;0.011691199
of;0.011700757
the;0.01167955
Om;0.011658592
chanting;0.011705769
in;0.011802361
the;0.011704405
image;0.011681678
is;0.011648068
to;0.011770699
promote;0.011730506
positive;0.011686359
transformation;0.011704191
and;0.011671571
meditation.;0.011890609
The;0.011728338
group;0.015399417
of;0.011794179
people;0.0117108375
is;0.011661794
sitting;0.011668397
in;0.01167287
a;0.011675741
circle,;0.011660151
focusing;0.011757216
on;0.011682917
the;0.011670491
chant,;0.011685415
which;0.011705086
is;0.011699477
a;0.011673399
deep;0.011652968
mantra;0.011694596
that;0.011681183
helps;0.011693411
them;0.011680694
connect;0.011688746
with;0.011690572
their;0.011673197
inner;0.0116554145
selves;0.011689839
and;0.0116444705
achieve;0.011675836
a;0.011685998
state;0.01167045
of;0.01165026
mindfulness.;0.011776367
This;0.01167613
practice;0.011760523
can;0.011732981
lead;0.0117077
to;0.01169496
personal;0.011671778
growth,;0.011738744
relaxation,;0.011866337
and;0.011669142
stress;0.011675062
reduction.;0.011725945
The;0.011680556
image;0.011746282
also;0.011756458
suggests;0.011738412
that;0.0117080165
the;0.011813545
Om;0.0117005985
chanting;0.011829176
is;0.011720104
being;0.0117121115
used;0.01170115
as;0.011675936
a;0.01170856
tool;0.011691537
for;0.01166929
positive;0.011719587
transformation,;0.011830743
which;0.011967549
can;0.011773988
be;0.011739599
achieved;0.011713246
through;0.011661313
meditation;0.01207084
and;0.0117711155
mindfulness;0.012091603
practices.;0.0117620295
