;ID;x;y;duration;pupil_r;pupil_l;word;word_number;distance
3169;3170;524.1582670211792;751.1058161258698;133.0;2.562231063842773;2.616147994995117;;;
3170;3171;479.5733291625976;753.1901332855225;250.0;2.46180419921875;2.529371134440104;What;0.0;16.809866714477494
3171;3172;757.5833337744888;751.5080764050387;1642.0;2.370939916493941;2.409198216029576;the;7.0;18.49192359496135
3181;3182;577.2069854736327;724.0564429419381;117.0;2.5987330845424106;2.635463169642857;the;2.0;46.05534921130744
3182;3183;508.13522243499756;753.6965178251266;133.0;2.6073951721191406;2.676864624023437;What;0.0;16.303482174873352
3183;3184;609.9772313435872;756.5111031532288;300.0;2.49855719672309;2.5213902791341147;title;3.0;13.48889684677124
3184;3185;611.2796783447266;770.7013120651245;100.0;2.5063145955403647;2.4899215698242188;title;3.0;0.0
3185;3186;678.1218948364258;758.9444166183472;250.0;2.5011189778645835;2.4859934488932294;topic;5.0;11.05558338165281
