;number;text;x1;y1;x2;y2;y;diff_y;line;fixations;fix_distance;fix_duration;first_fix_duration;fix_number;pupil_l;pupil_r;distance;pupil;fix_duration_avg;go_past_time
0;0;Please;520;770;583;786;778.0;;1;[4510, 4511, 4519];[np.float64(22.661933767111158), np.float64(7.201004082499328), np.float64(7.1414735317230225)];516.0;133.0;3;2.3662;2.4041;317.25251545610115;2.39;172.0;316.0
1;1;provide;592;770;660;790;780.0;2.0;1;[4500, 4520];[np.float64(21.065870198336597), np.float64(12.52118444442749)];350.0;183.0;2;2.5308;2.3924;245.10382046469158;2.46;175.0;183.0
2;2;an;668;774;690;786;780.0;0.0;1;[];[];0.0;0.0;0;;;219.71009559952307;;;
3;3;intricate;699;770;772;786;778.0;2.0;1;[4501, 4512, 4521, 4522];[np.float64(23.533710670471237), np.float64(13.751217108506467), np.float64(15.476227760314941), np.float64(27.654611110687256)];500.0;83.0;4;2.4631;2.3862;149.09127733795415;2.42;125.0;83.0
4;4;breakdown;781;770;883;786;778.0;0.0;1;[4502, 4513, 4514, 4523, 4524, 4557];[np.float64(27.02634334564209), np.float64(29.338207960128784), np.float64(31.766749663843278), np.float64(24.342112307056585), np.float64(35.06170082092285), np.float64(97.32143037028098)];1458.0;233.0;6;2.3463;2.3931;97.32143037028098;2.37;243.0;233.0
5;5;of;892;770;910;786;778.0;0.0;1;[];[];0.0;0.0;0;;;97.55577828452941;;;
6;6;the;916;770;945;786;778.0;0.0;1;[4505, 4515, 4525];[np.float64(17.729496189817727), np.float64(28.39240312576294), np.float64(28.500993967056274)];542.0;242.0;3;2.3911;2.3632;102.13184643580944;2.38;180.6667;242.0
7;7;image.;954;770;1015;790;780.0;2.0;1;[4503, 4504, 4506, 4516, 4526];[np.float64(18.29608245064855), np.float64(24.38993873596189), np.float64(27.285475437457762), np.float64(28.946168532738284), np.float64(29.524818038940452)];1024.0;166.0;5;2.4579;2.3879;119.30523461927241;2.42;204.8;3891.0
