;number;text;x1;y1;x2;y2;y;diff_y;line;fixations;fix_distance;fix_duration;first_fix_duration;fix_number;pupil_l;pupil_r;distance;pupil;fix_duration_avg;go_past_time
0;0;What;568;770;617;786;778.0;;1;[np.float64(5894.0)];[np.float64(4.484967803955101)];166.0;166.0;1;2.5461;2.6169;333.9094495997991;2.58;166.0;166.0
1;1;is;625;770;638;786;778.0;0.0;1;[];[];0.0;0.0;0;;;312.9358048853556;;;
2;2;the;646;770;675;786;778.0;0.0;1;[np.float64(5895.0)];[np.float64(4.136106610298157)];133.0;133.0;1;2.5923;2.6064;275.9919929058262;2.6;133.0;133.0
3;3;possible;684;770;760;790;780.0;2.0;1;[np.float64(5900.0), np.float64(5910.0)];[np.float64(16.778563771929043), np.float64(29.540052986145042)];649.0;233.0;2;2.5894;2.5925;191.20339035187885;2.59;324.5;233.0
4;4;theme;768;770;826;786;778.0;2.0;1;[np.float64(5896.0), np.float64(5901.0), np.float64(5911.0)];[np.float64(21.868213653564453), np.float64(22.887453079223633), np.float64(23.564788818359375)];450.0;150.0;3;2.604;2.5502;125.56483766955489;2.58;150.0;150.0
5;5;of;834;770;852;786;778.0;0.0;1;[np.float64(5898.0)];[np.float64(24.104468326378633)];183.0;183.0;1;2.5869;2.5761;99.8381622011902;2.58;183.0;183.0
6;6;this;859;770;891;786;778.0;0.0;1;[np.float64(5897.0), np.float64(5912.0)];[np.float64(21.295039892196655), np.float64(22.373550675693174)];467.0;200.0;2;2.585;2.5441;61.67944463762139;2.56;233.5;383.0
7;7;image?;900;770;967;790;780.0;2.0;1;[np.float64(5899.0), np.float64(5902.0), np.float64(5903.0), np.float64(5913.0)];[np.float64(18.383441925048828), np.float64(18.164423718171975), np.float64(23.501747812543613), np.float64(16.189905643463135)];589.0;116.0;4;2.619;2.5226;16.189905643463135;2.57;147.25;1805.0
