text;attention
The;0.14101227
bowl;0.14323148
in;0.14285813
the;0.14533634
image;0.14172061
is;0.14091557
small.;0.14492558
