text;attention
The;0.14046583
bowl;0.14460732
in;0.1407193
the;0.14372844
image;0.14171825
is;0.14030793
small.;0.14845288
