text;attention
The;0.1404501
bowl;0.1459611
in;0.14127955
the;0.14306359
image;0.1417446
is;0.14037606
small.;0.14712505
