text;attention
The;0.1403476
bowl;0.15844817
in;0.13554345
the;0.13661337
image;0.14105982
is;0.14159046
small.;0.14639716
