text;attention
The;0.13960275
clock;0.14586145
on;0.1249586
the;0.11513641
building;0.12894054
shows;0.1366352
12:30.;0.20886506
