text;attention
The;0.16691591
clock;0.10466172
on;0.1426694
the;0.15123978
building;0.095481366
shows;0.09894216
12:30.;0.24008968
