text;attention
This;0.0243409
page;0.024239551
shows;0.024326893
a;0.024295252
diagram;0.024213798
showing;0.02434322
how;0.024315327
vehicles;0.024259025
use;0.024452178
noise;0.024373753
and;0.024506822
vibration;0.0243724
reduction;0.024426453
systems;0.024483126
to;0.024366286
reduce;0.02431553
their;0.02427543
environmental;0.024235714
impact.;0.024373624
The;0.024613872
diagram;0.02427043
includes;0.02443205
various;0.024389215
components,;0.024534268
such;0.024282442
as;0.024238218
vehicle;0.024294058
body,;0.024666384
engine,;0.024653785
transmission,;0.024598824
differentials,;0.024721548
and;0.024291923
wheels,;0.024536362
that;0.02436149
are;0.024313243
used;0.024262248
for;0.02435547
noise;0.024371658
and;0.024480818
vibration;0.024390161
reduction.;0.02442631
