text;attention
This;0.024552267
page;0.024325194
shows;0.024265707
a;0.024244031
diagram;0.024242593
showing;0.024304984
how;0.024226375
vehicles;0.02422652
use;0.024255052
noise;0.024247758
and;0.024378011
vibration;0.024506403
reduction;0.02419292
systems;0.024345778
to;0.024291571
reduce;0.024250217
their;0.024256887
environmental;0.024213064
impact.;0.024420602
The;0.024475535
diagram;0.024318058
includes;0.024365066
various;0.024290904
components,;0.024658406
such;0.024256887
as;0.02429468
vehicle;0.024275903
body,;0.02457901
engine,;0.024553338
transmission,;0.024486069
differentials,;0.024667678
and;0.024195854
wheels,;0.024719598
that;0.024287412
are;0.02440118
used;0.02430593
for;0.024482345
noise;0.024452215
and;0.024732528
vibration;0.024863077
reduction.;0.024592422
