text;attention
In;0.0072320774
the;0.007567465
image,;0.022504685
|;0.007832554
can;0.009357976
see;0.01241462
a;0.008052049
variety;0.009671754
of;0.007316974
furniture,;0.019235423
including;0.010265239
a;0.007510321
couch,;0.019481394
a;0.0076548043
chair,;0.016822288
and;0.0093590915
a;0.007654205
refrigerator.;0.032726943
The;0.009454469
couch;0.009849003
is;0.009864323
located;0.010095682
in;0.008032217
the;0.008134339
living;0.008687019
room,;0.020775976
while;0.0092857145
the;0.008089128
chair;0.009112772
is;0.009795408
positioned;0.010216806
near;0.00915759
the;0.008164259
dining;0.0074213236
table.;0.028702326
The;0.008899029
refrigerator;0.010984312
is;0.009703646
situated;0.011926872
in;0.008036426
the;0.007813929
kitchen;0.008285248
area.;0.02653472
Additionally,;0.01898825
there;0.010342383
is;0.010362845
a;0.0086790975
TV;0.007918243
in;0.008499513
the;0.008432915
living;0.0092129
room,;0.020363014
which;0.009037199
adds;0.010344026
to;0.00916247
the;0.008943513
cozy;0.010493739
and;0.0080927955
functional;0.0078654345
setup;0.009968274
of;0.008574799
the;0.008534681
space.;0.037236024
The;0.009417921
presence;0.010950567
of;0.007939099
these;0.010283879
items;0.008763845
indicates;0.013203181
that;0.009332356
the;0.008601635
room;0.010972477
is;0.009791957
designed;0.009847978
to;0.008362247
accommodate;0.011461092
both;0.008627732
relaxation;0.009773081
and;0.008259676
dining;0.0077505703
activities,;0.018565089
making;0.008866115
it;0.008231813
a;0.008817565
versatile;0.00875088
and;0.0077254595
comfortable;0.007828129
living;0.009405563
space.;0.027735583
