text;attention
The;0.005679602
image;0.006780049
shows;0.0071406863
a;0.006614068
meal;0.005646889
arrangement;0.005441192
on;0.007073749
a;0.005433493
patterned;0.0045606685
textile;0.0041998522
surface.;0.018025907
At;0.004118048
the;0.0039502624
center;0.0054892898
is;0.005676078
a;0.006280012
white,;0.0065175695
round;0.0037667847
plate;0.0064694104
that;0.005410454
contains;0.006267392
an;0.0038813457
assortment;0.004663135
of;0.004313382
food;0.0042706146
items.;0.02065479
There's;0.25854242
a;0.005294867
can;0.005630643
of;0.004988782
Fanta;0.004399613
with;0.0071497527
an;0.003729455
orange;0.0044533936
flavor,;0.007815644
which;0.0073958556
seems;0.005166612
to;0.0036590076
be;0.0053887665
the;0.005151601
drink;0.0046638064
of;0.0032717814
choice.;0.01905198
The;0.006549351
food;0.0049686967
items;0.0045355074
include;0.016410032
what;0.004496666
appears;0.0046750284
to;0.0037629644
be;0.006644042
pasta;0.0042808778
shells,;0.009508021
neatly;0.0040012873
arranged;0.0055188593
on;0.004761278
one;0.0036717767
side;0.0037196244
of;0.0035403473
the;0.0043364232
plate,;0.0069879903
and;0.007814783
orange;0.00438015
wedges;0.004680817
with;0.008532469
some;0.004190504
of;0.0036743935
the;0.004102506
peel;0.004151918
still;0.005101777
attached,;0.010620213
placed;0.00679948
on;0.0054521803
the;0.004028138
opposite;0.0050862194
side.;0.015332116
Additionally,;0.009761755
there;0.00570914
are;0.008804834
orange-colored;0.009366584
crackers,;0.010240247
contributing;0.006951663
to;0.0039866986
the;0.0041500535
color;0.0046557584
theme,;0.008225535
and;0.0072321603
a;0.0054454696
whole,;0.007076435
unpeeled;0.0044469535
carrot;0.004372923
lying;0.005702642
beside;0.00496372
the;0.0046966188
other;0.0047944817
items;0.0043552765
on;0.004374162
the;0.0038642192
plate.;0.019867064
The;0.0064377543
background;0.006979776
textile;0.0049636518
has;0.0070446664
a;0.0046206284
floral;0.004475956
pattern;0.0044798316
with;0.006580684
a;0.0034789003
mix;0.0040245033
of;0.0035346963
vibrant;0.003994249
colors,;0.01013872
adding;0.0070065153
a;0.004140404
decorative;0.0042961454
backdrop;0.004221583
to;0.0052106553
the;0.0047820155
meal;0.0051642735
presentation.;0.020984856
