text;attention
Reaching;0.07978766
for;0.061386235
Home:;0.104455195
Global;0.07132936
Learning;0.070123956
on;0.06670418
Family;0.06527486
Reintegration;0.085284896
in;0.06572463
Low;0.064161494
and;0.06270031
Lower-Middle;0.08154309
Income;0.06331537
Countries;0.058208756
