text;attention
The;1.7901028e-12
purpose;1.8544738e-12
of;1.383894e-12
the;1.3384614e-12
Om;1.4804993e-12
chanting;3.1198549e-12
in;1.4205191e-12
the;1.3510704e-12
image;1.4192164e-12
is;1.5282589e-12
to;1.4821691e-12
promote;1.4943126e-12
positive;1.433554e-12
transformation;1.5938216e-12
and;1.4121338e-12
meditation.;1.0
The;1.6268853e-12
group;1.7449502e-12
of;1.3846648e-12
people;1.4714681e-12
is;1.4349354e-12
sitting;1.6560451e-12
in;1.3695488e-12
a;1.3316724e-12
circle,;1.6742148e-12
focusing;1.5817925e-12
on;1.3590879e-12
the;1.3305097e-12
chant,;1.6090113e-12
which;1.3789877e-12
is;1.3566404e-12
a;1.3369305e-12
deep;1.3955009e-12
mantra;1.6928647e-12
that;1.3638321e-12
helps;1.4539893e-12
them;1.4394694e-12
connect;1.4251379e-12
with;1.3179441e-12
their;1.2984943e-12
inner;1.3639051e-12
selves;1.5828397e-12
and;1.3352129e-12
achieve;1.457955e-12
a;1.3432592e-12
state;1.4879616e-12
of;1.357391e-12
mindfulness.;1.964814e-12
This;1.369285e-12
practice;1.4125945e-12
can;1.4408182e-12
lead;1.4180367e-12
to;1.3348589e-12
personal;1.4952733e-12
growth,;1.586845e-12
relaxation,;1.5309693e-12
and;1.3062868e-12
stress;1.3075257e-12
reduction.;1.6078179e-12
The;1.325684e-12
image;1.4203483e-12
also;1.3368438e-12
suggests;1.3815994e-12
that;1.3740886e-12
the;1.2978701e-12
Om;1.4535762e-12
chanting;1.4562736e-12
is;1.3082243e-12
being;1.2806814e-12
used;1.3639986e-12
as;1.3194659e-12
a;1.2647571e-12
tool;1.3692798e-12
for;1.2794265e-12
positive;1.328253e-12
transformation,;1.4135459e-12
which;1.2913365e-12
can;1.298093e-12
be;1.2521795e-12
achieved;1.2840886e-12
through;1.2918957e-12
meditation;1.6006303e-12
and;1.2674835e-12
mindfulness;1.3653913e-12
practices.;1.2825588e-12
