text;attention
A;0.010732143
possible;0.010740086
reason;0.010731934
the;0.010733856
people;0.010737612
in;0.010731731
the;0.010743501
image;0.010732533
are;0.010728654
playing;0.010744236
Wii;0.010754947
at;0.010739346
work;0.010810399
could;0.010742197
be;0.010814521
that;0.010737591
they;0.010735927
enjoy;0.010742689
spending;0.010748123
time;0.01073964
together,;0.010749455
engaging;0.01076285
in;0.010737387
fun;0.010740043
activities,;0.010747943
and;0.0107403975
fostering;0.010743874
a;0.010755301
sense;0.01073164
of;0.010729016
camaraderie.;0.010789136
Wii;0.01076619
games;0.010731703
often;0.010770921
involve;0.010755852
physical;0.010733028
movements,;0.010764428
which;0.010755247
can;0.010733916
help;0.010738931
relieve;0.010743567
stress,;0.010749255
promote;0.010757259
teamwork,;0.010752423
and;0.010740691
enhance;0.010735817
communication;0.010739891
among;0.010732463
players.;0.010756545
By;0.010739661
playing;0.010756519
together,;0.010755907
they;0.010745664
share;0.010738354
a;0.010735383
common;0.010740082
interest;0.0107328575
in;0.010750508
a;0.010772639
fun;0.010735064
and;0.010737082
interactive;0.010755067
way,;0.010760518
which;0.010745308
can;0.010738524
contribute;0.010738081
to;0.010735938
a;0.010746956
positive;0.010732911
work;0.0107291415
environment.;0.010762008
Additionally,;0.010777663
playing;0.010749842
Wii;0.010777782
at;0.010747947
work;0.010763253
might;0.0107407505
encourage;0.010774782
employees;0.010751076
to;0.010758008
engage;0.010798648
in;0.010750155
more;0.0107596265
physical;0.01073875
activity,;0.010810693
which;0.01079328
can;0.010764071
lead;0.010765013
to;0.010764906
improved;0.010747155
health;0.010742232
and;0.010747691
well-being.;0.010985612
