text;attention
The;0.0015861223
purpose;0.0017289593
of;0.0014744593
the;0.0020914874
Om;0.0017860852
chanting;0.0024275796
in;0.0014903601
the;0.0016456367
image;0.002431288
is;0.001851307
to;0.0018476297
promote;0.002355959
positive;0.0015937112
transformation;0.0019191762
and;0.0016670594
meditation.;0.09243838
The;0.002806389
group;0.0020113587
of;0.0012991148
people;0.001739721
is;0.0025250574
sitting;0.0019157921
in;0.0014588945
a;0.0015238911
circle,;0.0040623923
focusing;0.0020430293
on;0.0020520352
the;0.0022418085
chant,;0.0034790225
which;0.001433001
is;0.0015230087
a;0.0016612198
deep;0.0016185252
mantra;0.0024820133
that;0.0016481907
helps;0.0018875229
them;0.0022494015
connect;0.0016653988
with;0.0013570973
their;0.0011965432
inner;0.0013894421
selves;0.0014342915
and;0.0015479362
achieve;0.0016745691
a;0.001495147
state;0.0013975238
of;0.0013268027
mindfulness.;0.29542038
This;0.0024234205
practice;0.002169689
can;0.0024537803
lead;0.0016303137
to;0.0017900525
personal;0.0018832624
growth,;0.0033161165
relaxation,;0.0020209649
and;0.0014370861
stress;0.0014699791
reduction.;0.22603385
The;0.0019915653
image;0.002761555
also;0.0020781474
suggests;0.0024496042
that;0.0018178619
the;0.002988631
Om;0.0018260919
chanting;0.0028300453
is;0.0020274948
being;0.0016939893
used;0.0017862725
as;0.0013372307
a;0.0013128578
tool;0.0017697015
for;0.0016128403
positive;0.0018055283
transformation,;0.0035522273
which;0.0015695695
can;0.0015831082
be;0.0012570126
achieved;0.0017240641
through;0.0018981409
meditation;0.0016856424
and;0.001530494
mindfulness;0.0014879494
practices.;0.2310921
