text;attention
The;0.1381684
bowl;0.13298498
in;0.14053309
the;0.12648414
image;0.14778927
is;0.14198084
small.;0.17205931
