text;attention
The;0.0015667814
bowl;0.0016186369
in;0.0014357104
the;0.0018012358
image;0.0014004841
is;0.0015100266
small.;0.99066716
