text;attention
The;0.14842072
bowl;0.1520734
in;0.13300668
the;0.12610748
image;0.12718531
is;0.12993455
small.;0.18327183
