text;attention
The;1.7833862e-23
image;1.6149022e-23
shows;1.8717978e-23
a;1.4389508e-23
meal;2.14955e-23
arrangement;2.2024316e-23
on;1.4135488e-23
a;1.389019e-23
patterned;1.7727506e-23
textile;2.0069666e-23
surface.;1.0
At;1.5696417e-23
the;1.3496978e-23
center;2.066658e-23
is;1.4201154e-23
a;1.5109673e-23
white,;1.8642658e-23
round;1.382691e-23
plate;2.2349991e-23
that;1.4228269e-23
contains;1.7283324e-23
an;1.4035868e-23
assortment;2.7248423e-23
of;1.3731352e-23
food;1.477047e-23
items.;2.3150682e-23
There's;1.3326218e-21
a;1.3501356e-23
can;1.5443284e-23
of;1.4462424e-23
Fanta;2.4458055e-23
with;1.3697711e-23
an;1.3224618e-23
orange;1.5221559e-23
flavor,;1.9889342e-23
which;1.3889873e-23
seems;1.3920107e-23
to;1.2777999e-23
be;1.27326016e-23
the;1.3106344e-23
drink;1.3848499e-23
of;1.28293325e-23
choice.;2.028e-23
The;1.3141992e-23
food;1.29980525e-23
items;1.3714442e-23
include;1.6032645e-23
what;1.3328188e-23
appears;1.4657261e-23
to;1.2530277e-23
be;1.28864736e-23
pasta;1.7110467e-23
shells,;2.643548e-23
neatly;1.6546749e-23
arranged;1.5923845e-23
on;1.2870557e-23
one;1.3152071e-23
side;1.6027631e-23
of;1.2696807e-23
the;1.3042406e-23
plate,;1.7102962e-23
and;1.3377699e-23
orange;1.5420031e-23
wedges;1.9209948e-23
with;1.3673175e-23
some;1.2946438e-23
of;1.2439787e-23
the;1.3212465e-23
peel;1.4922648e-23
still;1.2807085e-23
attached,;1.581862e-23
placed;1.435431e-23
on;1.2373717e-23
the;1.239507e-23
opposite;1.2913491e-23
side.;1.787418e-23
Additionally,;1.9320182e-23
there;1.3009113e-23
are;1.4014788e-23
orange-colored;1.8079013e-23
crackers,;1.7401279e-23
contributing;1.645215e-23
to;1.2918713e-23
the;1.288731e-23
color;1.27126055e-23
theme,;1.6303024e-23
and;1.2666427e-23
a;1.2809235e-23
whole,;1.4668783e-23
unpeeled;1.6741989e-23
carrot;1.5214708e-23
lying;1.320798e-23
beside;1.26995696e-23
the;1.24090266e-23
other;1.23901065e-23
items;1.3099598e-23
on;1.2274802e-23
the;1.2181183e-23
plate.;1.5695399e-23
The;1.3027737e-23
background;1.3891091e-23
textile;1.4377162e-23
has;1.3924888e-23
a;1.3703249e-23
floral;1.3495845e-23
pattern;1.3229058e-23
with;1.3583132e-23
a;1.2538693e-23
mix;1.3332966e-23
of;1.2924381e-23
vibrant;1.313748e-23
colors,;1.4468383e-23
adding;1.4124815e-23
a;1.2468102e-23
decorative;1.30074265e-23
backdrop;1.3362652e-23
to;1.2839957e-23
the;1.3201482e-23
meal;1.2510075e-23
presentation.;1.30379286e-23
