text;attention
The;0.14919792
bowl;0.1532864
in;0.1350238
the;0.12548876
image;0.12973
is;0.12733918
small.;0.17993389
