text;attention
The;0.13813977
bowl;0.15020677
in;0.12789932
the;0.12688719
image;0.12882073
is;0.12968276
small.;0.19836342
