;ID;x;y;duration;pupil_r;pupil_l;word;word_number;distance
3639;3640;607.9941685994465;441.1364579200744;150.0;3.334170871310764;3.609254625108507;;;
3640;3641;767.8098200017756;444.935218074105;183.0;3.307525634765625;3.5951080322265625;airplane;2.0;0.9352180741050233
3641;3642;868.5018081665039;447.46933536529536;167.0;3.2576904296875;3.6108551025390634;display;4.0;3.4693353652953647
3642;3643;951.5229072570801;447.087196111679;200.0;3.2501513163248696;3.5986353556315103;blue.;6.0;7.08719611167902
3643;3644;870.8477536714993;443.2358059149522;217.0;3.2640768197866588;3.5655963604266825;display;4.0;0.0
3644;3645;957.9135131835938;444.8823653020357;316.0;3.2597423352693258;3.655417994449013;blue.;6.0;4.88236530203568
