text;attention
The;0.08269687
name;0.08287134
of;0.082882
the;0.08332888
school;0.08334131
mentioned;0.082540974
in;0.08407095
the;0.08401241
image;0.08295066
is;0.08262074
Witch;0.084661946
School.;0.08402194
