text;attention
The;0.08241286
name;0.083201796
of;0.08294359
the;0.08266715
school;0.08275211
mentioned;0.08222152
in;0.084037475
the;0.082807325
image;0.08267086
is;0.08251101
Witch;0.08615115
School.;0.08562322
