text;attention
The;0.082774065
name;0.08327698
of;0.08332777
the;0.08289955
school;0.083075
mentioned;0.082585454
in;0.08347786
the;0.083327115
image;0.083065554
is;0.082637325
Witch;0.08559905
School.;0.08395428
