text;attention
The;0.011584957
full;0.014253641
name;0.018596
of;0.013193841
this;0.01318898
Institute;0.019811722
is;0.013957495
"""Juilliard";0.23218665
"University"".";0.10152145
It;0.012722854
was;0.012952535
established;0.023405625
by;0.013448159
a;0.011270368
group;0.01598829
of;0.011629307
students;0.023730785
from;0.011467182
different;0.015966425
universities;0.024870612
and;0.012072858
institutions,;0.04151965
including;0.018473484
Juilliard;0.10309077
School;0.01683877
of;0.011310327
Music,;0.035185326
where;0.013613935
they;0.013413493
were;0.013101622
studying;0.023938324
music;0.01611355
theory;0.022065366
and;0.010886845
composition.;0.032628894
