text;attention
The;0.03847225
quote;0.04524234
on;0.036792643
the;0.031813547
image;0.034599707
is:;0.043389753
"""My";0.04965428
goal;0.04226109
is;0.035124306
not;0.03554796
to;0.035507318
be;0.033020556
better;0.035127748
than;0.035784695
anyone;0.03411391
else,;0.03599816
but;0.03376949
to;0.034480654
be;0.032193054
better;0.032204706
than;0.0320654
|;0.035311054
used;0.03583345
to;0.03098042
"be.""";0.03424829
-;0.030766504
Wayne;0.035159137
Dyer;0.03053765
