text;attention
The;0.045550328
quote;0.0402579
on;0.029686993
the;0.028277293
image;0.03454142
is:;0.045693927
"""My";0.05768528
goal;0.04412288
is;0.034761697
not;0.035622057
to;0.031599786
be;0.03071792
better;0.045650836
than;0.042508822
anyone;0.038042907
else,;0.047188617
but;0.032800645
to;0.03193452
be;0.029929964
better;0.031681575
than;0.034650445
|;0.02981519
used;0.027055537
to;0.029528245
"be.""";0.037197474
-;0.029409064
Wayne;0.027879559
Dyer;0.026209014
