;ID;x;y;duration;pupil_r;pupil_l;word;word_number;distance
3815;3820;641.2703447341919;739.7405830621719;133.0;3.461532592773437;3.40896224975586;;;
3816;3821;631.6763174874441;771.6501948492868;116.0;3.403782435825893;3.364227294921875;artist;2.0;0.0
3817;3822;733.3680576997644;786.7782446917365;283.0;3.490142822265625;3.446087107938878;include;3.0;0.7782446917365178
3818;3823;632.3576267787389;784.8512539182391;233.0;3.506667000906808;3.442551749093192;artist;2.0;0.0
3819;3824;818.7187791304154;793.6493685462258;183.0;3.586923772638494;3.548531272194602;chicken;5.0;7.649368546225787
3820;3825;902.1035757064819;781.2331377267838;266.0;3.632105827331543;3.602627754211426;this;7.0;0.0
3821;3826;946.3745269775391;782.5043466567993;250.0;3.649918619791667;3.600181070963542;piece?;8.0;0.0
