;ID;x;y;duration;pupil_r;pupil_l;word;word_number;distance
2610;2615;726.1895224831321;339.2992702830921;183.0;3.836653275923296;3.810383189808239;;;
2611;2616;798.4338734944662;440.1416201591492;150.0;3.815424601236979;3.807442559136285;for;1.0;0.4564016637543622
2612;2617;761.0942550659179;430.28644180297846;92.0;3.841851806640625;3.832177734375;Reaching;0.0;0.0
2613;2618;819.8406822898171;442.11983474818146;1092.0;4.053815205891927;4.020755189837831;Home;2.0;2.119834748181461
