;ID;x;y;duration;pupil_r;pupil_l;word;word_number;distance
320;321;730.5243415832518;759.8928809165955;100.0;3.673311869303385;3.6150232950846353;;;
321;322;647.0459442138672;779.8546171188353;150.0;3.4850565592447915;3.438746134440104;the;2.0;0.0
322;323;748.6318771362305;787.7683668136597;83.0;3.374761962890625;3.357492065429688;prominent;3.0;0.0
323;324;863.0970039367676;782.4313867092134;133.0;3.374490737915039;3.3855113983154297;in;5.0;0.0
324;325;927.998233795166;781.4852514266968;74.0;3.3983917236328125;3.4016876220703125;image?;7.0;0.0
325;326;642.0149173736572;795.7256286621093;326.0;3.423162078857422;3.379475402832031;the;2.0;9.926147586382667
326;327;667.5587743123372;790.3323240280151;150.0;3.531887478298611;3.4623260498046875;the;2.0;4.332324028015137
327;328;809.0293487548829;792.3781880378722;175.0;3.497601318359375;3.4660659790039063;objects;4.0;2.378188037872178
