;number;text;x1;y1;x2;y2;y;diff_y;line;fixations;fix_distance;fix_duration;first_fix_duration;fix_number;pupil_l;pupil_r;distance;pupil;fix_duration_avg;go_past_time
0;0;Could;498;770;552;786;778.0;;1;[];[];0.0;0.0;0;;;426.29491424560547;;;
1;1;you;561;774;593;790;782.0;4.0;1;[np.float64(4149.0)];[np.float64(0.0)];100.0;100.0;1;3.3299;3.3775;385.29491424560547;3.35;100.0;100.0
2;2;give;602;770;639;790;780.0;2.0;1;[np.float64(4151.0)];[np.float64(0.21945953369129256)];83.0;83.0;1;3.276;3.2872;339.29491424560547;3.28;83.0;83.0
3;3;a;647;774;657;786;780.0;0.0;1;[];[];0.0;0.0;0;;;321.29491424560547;;;
4;4;blow-by-blow;666;770;789;790;780.0;0.0;1;[np.float64(4150.0), np.float64(4152.0), np.float64(4153.0), np.float64(4155.0), np.float64(4156.0), np.float64(4157.0)];[np.float64(3.4601387977600098), np.float64(4.51685190200817), np.float64(5.066720401539669), np.float64(4.404478454589935), np.float64(3.7001241615840854), np.float64(2.360626220703125)];1617.0;100.0;6;3.3454;3.3387;189.29491424560547;3.34;269.5;666.0
5;5;description;797;770;898;790;780.0;0.0;1;[np.float64(4154.0), np.float64(4158.0)];[np.float64(3.0168158791282167), np.float64(0.0)];317.0;183.0;2;3.3569;3.3183;80.29491424560547;3.34;158.5;1351.0
6;6;of;907;770;925;786;778.0;2.0;1;[];[];0.0;0.0;0;;;53.29491424560547;;;
7;7;the;932;770;960;786;778.0;0.0;1;[];[];0.0;0.0;0;;;18.29491424560547;;;
8;8;image?;969;770;1037;790;780.0;2.0;1;[np.float64(4159.0)];[np.float64(0.0)];167.0;167.0;1;3.3463;3.2863;0.0;3.32;167.0;167.0
