text;attention
The;0.028365847
full;0.029848332
name;0.029984703
of;0.027963929
this;0.028024185
Institute;0.029331276
is;0.028211532
"""Juilliard";0.03135596
"University"".";0.02823612
It;0.027931958
was;0.028495101
established;0.027989915
by;0.02809717
a;0.027975852
group;0.028402569
of;0.028844494
students;0.027868712
from;0.028439205
different;0.027899148
universities;0.028594565
and;0.027924325
institutions,;0.029093573
including;0.027798273
Juilliard;0.03150693
School;0.02793194
of;0.027808603
Music,;0.028940657
where;0.027921127
they;0.02950806
were;0.028031332
studying;0.028040139
music;0.028049087
theory;0.028092919
and;0.02803832
composition.;0.029454174
