text;attention
The;0.028350534
full;0.028401487
name;0.028483912
of;0.028387623
this;0.028460406
Institute;0.028387757
is;0.028398352
"""Juilliard";0.029217696
"University"".";0.02881515
It;0.028645063
was;0.028597659
established;0.02841427
by;0.028403353
a;0.02848855
group;0.028519405
of;0.028403899
students;0.0284125
from;0.028433584
different;0.028589707
universities;0.02868239
and;0.028409563
institutions,;0.028733563
including;0.028490365
Juilliard;0.028933106
School;0.028365524
of;0.028567344
Music,;0.028710166
where;0.028606445
they;0.028564876
were;0.028804516
studying;0.028530547
music;0.028467692
theory;0.028732626
and;0.028605841
composition.;0.028984679
