text;attention
Reaching;0.3649543
for;0.31224975
Home;0.32279596
