text;attention
What;0.096582726
is;0.08805622
the;0.0878552
name;0.109450206
of;0.08850723
the;0.08774637
school;0.08766261
mentioned;0.08788045
in;0.089066595
the;0.08799882
image?;0.08919363
