text;attention
What;0.0909695
is;0.09095168
the;0.09058379
name;0.09040758
of;0.09095237
the;0.0905285
school;0.09040904
mentioned;0.09104609
in;0.090974174
the;0.09122493
image?;0.09195229
