text;attention
What;0.09037912
is;0.091295905
the;0.09042837
name;0.09033851
of;0.091015674
the;0.090650216
school;0.09055834
mentioned;0.091329925
in;0.091569245
the;0.090901084
image?;0.0915336
