text;attention
What;0.10160138
is;0.08893587
the;0.08826584
name;0.09953015
of;0.08873935
the;0.088555604
school;0.08830746
mentioned;0.08855174
in;0.08891669
the;0.08895257
image?;0.08964337
