text;attention
What;0.090107694
is;0.09082898
the;0.090499744
name;0.090127245
of;0.09127865
the;0.09100582
school;0.090384774
mentioned;0.09142925
in;0.092325196
the;0.0905741
image?;0.09143851
