text;attention
What;0.090308145
is;0.09149737
the;0.09008556
name;0.08986437
of;0.09075857
the;0.09027911
school;0.090115815
mentioned;0.09264856
in;0.09174955
the;0.090668805
image?;0.09202411
