text;attention
Reaching;0.07552664
for;0.05742305
Home:;0.14286694
Global;0.075739324
Learning;0.072815865
on;0.07023497
Family;0.06279139
Reintegration;0.09138289
in;0.062496487
Low;0.06147283
and;0.05558117
Lower-Middle;0.070956744
Income;0.051123414
Countries;0.049588244
