text;attention
Reaching;0.07448831
for;0.06460478
Home:;0.103644654
Global;0.07113366
Learning;0.07219882
on;0.074512035
Family;0.0683398
Reintegration;0.074824855
in;0.06728547
Low;0.070731424
and;0.0666396
Lower-Middle;0.07259988
Income;0.060040195
Countries;0.058956526
