text;attention
Reaching;0.071692236
for;0.06252435
Home:;0.08182188
Global;0.061945878
Learning;0.06598994
on;0.06635287
Family;0.065179706
Reintegration;0.073584385
in;0.06597752
Low;0.07951653
and;0.068866424
Lower-Middle;0.116022095
Income;0.05954961
Countries;0.060976554
