text;attention
What;0.07695473
is;0.07698136
the;0.07658517
title;0.07653991
of;0.07763569
the;0.07690727
book;0.07665311
or;0.076856576
study;0.077006266
mentioned;0.07702214
in;0.07712052
the;0.07674999
image?;0.07698726
