text;attention
What;0.07659548
is;0.07736219
the;0.07643386
title;0.07630775
of;0.07750788
the;0.07666737
book;0.07651677
or;0.077191584
study;0.076671064
mentioned;0.07708839
in;0.077494346
the;0.07672457
image?;0.07743869
