text;attention
The;0.06597017
predominant;0.067281574
airplane;0.06678288
on;0.065945506
display;0.06620169
is;0.065976165
blue,;0.067290805
with;0.06695288
additional;0.06616269
stripes;0.06720128
in;0.06629325
red,;0.06787197
white,;0.06737327
and;0.066406146
green.;0.066289775
