text;attention
The;0.06622925
predominant;0.066896826
airplane;0.066977814
on;0.06635156
display;0.06658859
is;0.06629827
blue,;0.0669109
with;0.066786535
additional;0.06636423
stripes;0.06693397
in;0.066704735
red,;0.06704312
white,;0.06697907
and;0.06650029
green.;0.06643482
