text;attention
The;0.139881
bowl;0.1465849
in;0.14291307
the;0.14327954
image;0.14156227
is;0.14050661
small.;0.1452726
