text;attention
The;0.14113678
bowl;0.1440042
in;0.14191848
the;0.14440951
image;0.14194308
is;0.14075007
small.;0.14583784
