text;attention
The;0.026103757
full;0.015775321
name;0.019500287
of;0.016583592
this;0.018249061
Institute;0.0334759
is;0.023673952
"""Juilliard";0.22408484
"University"".";0.06826101
It;0.03197167
was;0.02077688
established;0.021364748
by;0.02871071
a;0.017866611
group;0.018087719
of;0.020910326
students;0.02605745
from;0.019527113
different;0.018385503
universities;0.024675474
and;0.02098346
institutions,;0.028129429
including;0.0243006
Juilliard;0.03951774
School;0.019228349
of;0.01686018
Music,;0.023026286
where;0.019350627
they;0.01692229
were;0.016241316
studying;0.018230563
music;0.016736336
theory;0.016115965
and;0.015065375
composition.;0.015249574
