text;attention
The;0.00804184
image;0.0071473797
shows;0.009265079
a;0.0065985983
meal;0.017210823
arrangement;0.01156776
on;0.010111339
a;0.0062111667
patterned;0.017674783
textile;0.01142839
surface.;0.06317654
At;0.009875813
the;0.00927974
center;0.008905314
is;0.009156545
a;0.0073210066
white,;0.011282876
round;0.0067192554
plate;0.012807799
that;0.008838295
contains;0.008298931
an;0.006505511
assortment;0.007367672
of;0.0092222635
food;0.020187968
items.;0.041830562
There's;0.0105307
a;0.00651836
can;0.007360912
of;0.007156878
Fanta;0.017323988
with;0.010470557
an;0.0052822917
orange;0.00677443
flavor,;0.017327068
which;0.0063526174
seems;0.0065969117
to;0.005457372
be;0.0049946564
the;0.005406105
drink;0.006826796
of;0.0050038863
choice.;0.014703465
The;0.0065413644
food;0.0098897545
items;0.0076935007
include;0.010030797
what;0.0059721516
appears;0.0059709465
to;0.005691319
be;0.0061348304
pasta;0.009492002
shells,;0.013781725
neatly;0.006452806
arranged;0.0071084867
on;0.0059091337
one;0.0051299143
side;0.008062204
of;0.005607697
the;0.0056648683
plate,;0.010347927
and;0.0069701537
orange;0.009940676
wedges;0.018075764
with;0.007145388
some;0.0055729556
of;0.0052569057
the;0.004804337
peel;0.006293906
still;0.005232364
attached,;0.008449051
placed;0.005507951
on;0.004969092
the;0.0049400614
opposite;0.0055672335
side.;0.0122471815
Additionally,;0.0067971353
there;0.0053464286
are;0.0055559524
orange-colored;0.010571297
crackers,;0.010249654
contributing;0.0060614003
to;0.005133904
the;0.0051102703
color;0.0058317217
theme,;0.008440349
and;0.0055509997
a;0.005686648
whole,;0.0074825776
unpeeled;0.0061918776
carrot;0.0060671754
lying;0.0055814683
beside;0.0059868908
the;0.0050197947
other;0.004993068
items;0.005307655
on;0.004821805
the;0.0048720706
plate.;0.0064305225
The;0.00581585
background;0.0073559457
textile;0.006822557
has;0.007064563
a;0.0053494107
floral;0.007348019
pattern;0.0067227576
with;0.00612763
a;0.0049664094
mix;0.005064955
of;0.0050292797
vibrant;0.0053252727
colors,;0.0064465352
adding;0.005826846
a;0.004931844
decorative;0.0052494686
backdrop;0.005222367
to;0.0048500155
the;0.00494106
meal;0.0048880004
presentation.;0.004985872
