text;attention
The;0.031117126
full;0.024475023
name;0.027150057
of;0.026183655
this;0.023751205
Institute;0.02767977
is;0.024890527
"""Juilliard";0.10187196
"University"".";0.03966298
It;0.02434241
was;0.024227515
established;0.024617147
by;0.028615093
a;0.024748728
group;0.026286796
of;0.025467446
students;0.026037853
from;0.025062745
different;0.025309078
universities;0.029349906
and;0.023795001
institutions,;0.03233901
including;0.025036046
Juilliard;0.036460392
School;0.024255313
of;0.024256378
Music,;0.025486175
where;0.02420684
they;0.02410981
were;0.022822892
studying;0.024180796
music;0.024381408
theory;0.02351986
and;0.02284205
composition.;0.031461
