text;attention
A;9.823762e-11
possible;1.0266839e-10
reason;1.4322334e-10
the;1.2105533e-10
people;1.10862666e-10
in;9.712756e-11
the;1.0370341e-10
image;8.79002e-11
are;1.1994407e-10
playing;9.271177e-11
Wii;8.9853326e-11
at;9.01694e-11
work;1.06250175e-10
could;8.467062e-11
be;1.0050723e-10
that;9.1203926e-11
they;1.0840654e-10
enjoy;1.0776252e-10
spending;7.286363e-11
time;8.014526e-11
together,;1.32825e-10
engaging;8.4816404e-11
in;7.912818e-11
fun;9.062717e-11
activities,;1.3045062e-10
and;1.0405112e-10
fostering;9.959962e-11
a;8.221801e-11
sense;7.973464e-11
of;8.583011e-11
camaraderie.;7.021948e-10
Wii;9.177104e-11
games;1.12211844e-10
often;1.0187368e-10
involve;1.00532534e-10
physical;9.545099e-11
movements,;1.7243607e-10
which;9.171645e-11
can;1.1350294e-10
help;1.02387376e-10
relieve;8.1742044e-11
stress,;1.6200136e-10
promote;9.309807e-11
teamwork,;1.3197625e-10
and;1.0130305e-10
enhance;9.719501e-11
communication;9.2902935e-11
among;9.527948e-11
players.;0.83972394
By;1.072415e-10
playing;8.9011014e-11
together,;1.3094045e-10
they;1.09439915e-10
share;9.402388e-11
a;9.278748e-11
common;1.0492743e-10
interest;1.1591968e-10
in;9.993891e-11
a;1.0009744e-10
fun;9.625872e-11
and;9.4634516e-11
interactive;8.305939e-11
way,;1.6688198e-10
which;9.075968e-11
can;1.1503885e-10
contribute;9.478698e-11
to;8.633861e-11
a;9.0249405e-11
positive;1.0300929e-10
work;9.84584e-11
environment.;0.16027604
Additionally,;2.6807295e-10
playing;9.805023e-11
Wii;8.7471724e-11
at;8.632906e-11
work;9.5152525e-11
might;1.2765643e-10
encourage;1.09522384e-10
employees;1.2790942e-10
to;8.798693e-11
engage;8.6096054e-11
in;8.1736895e-11
more;1.10387706e-10
physical;1.0097723e-10
activity,;2.0089151e-10
which;8.942197e-11
can;1.0065169e-10
lead;8.5603344e-11
to;8.697463e-11
improved;1.155896e-10
health;9.909936e-11
and;9.838706e-11
well-being.;3.2339793e-09
