text;attention
A;1.2026562e-10
possible;1.0146405e-10
reason;1.1810267e-10
the;1.1195587e-10
people;1.7044127e-10
in;1.054677e-10
the;1.0812417e-10
image;1.6898398e-10
are;1.3914435e-10
playing;1.2894448e-10
Wii;1.358182e-10
at;1.1759668e-10
work;1.6613076e-10
could;1.053338e-10
be;1.0152116e-10
that;1.15386194e-10
they;1.1804885e-10
enjoy;1.3637969e-10
spending;1.0841637e-10
time;9.5847545e-11
together,;1.7642178e-10
engaging;9.108911e-11
in;9.688473e-11
fun;1.05524034e-10
activities,;3.6481784e-10
and;1.0454959e-10
fostering;9.8779596e-11
a;1.0151168e-10
sense;9.283662e-11
of;1.0353039e-10
camaraderie.;2.1718592e-10
Wii;1.14920344e-10
games;1.1531337e-10
often;1.0936867e-10
involve;1.0077186e-10
physical;1.05901496e-10
movements,;1.9687656e-10
which;8.934894e-11
can;1.0492495e-10
help;1.05804164e-10
relieve;1.060189e-10
stress,;1.5384172e-10
promote;9.828701e-11
teamwork,;4.0779494e-10
and;9.703806e-11
enhance;9.998612e-11
communication;1.08408525e-10
among;1.0069116e-10
players.;0.29739094
By;1.10292074e-10
playing;1.10511066e-10
together,;2.375559e-10
they;1.1696565e-10
share;1.2653975e-10
a;1.017045e-10
common;1.00451945e-10
interest;1.2683649e-10
in;9.803688e-11
a;9.6986426e-11
fun;1.08457125e-10
and;9.4560824e-11
interactive;1.0704483e-10
way,;5.9806704e-10
which;9.252708e-11
can;1.0771147e-10
contribute;9.8209996e-11
to;9.948563e-11
a;9.957313e-11
positive;1.1792305e-10
work;1.2629502e-10
environment.;0.2978121
Additionally,;1.7048063e-10
playing;1.178974e-10
Wii;1.1839407e-10
at;9.412931e-11
work;1.2707452e-10
might;1.1570134e-10
encourage;1.1773763e-10
employees;1.3283427e-10
to;9.747974e-11
engage;8.657402e-11
in;8.6896615e-11
more;1.0719807e-10
physical;1.1272875e-10
activity,;6.0900845e-10
which;8.816039e-11
can;9.930666e-11
lead;9.191058e-11
to;9.4371094e-11
improved;1.0100623e-10
health;9.9345115e-11
and;1.2994565e-10
well-being.;0.404797
