text;attention
Title:;0.11945142
Vehicle;0.07106326
Noise;0.06931398
and;0.058741678
Vibration;0.059152618
Refinement.;0.118487775
Topic:;0.092757076
Woodhead;0.067116044
Publishing;0.08077191
in;0.06635918
Mechanical;0.06919845
Engineering.;0.12758666
