text;attention
The;0.06851054
predominant;0.0819043
airplane;0.07807238
on;0.05946387
display;0.06140256
is;0.061463192
blue,;0.07794655
with;0.06210853
additional;0.060144022
stripes;0.07193304
in;0.059713494
red,;0.06822749
white,;0.060711045
and;0.053813584
green.;0.07458543
