text;attention
The;0.070770904
predominant;0.08992561
airplane;0.07153883
on;0.05721292
display;0.062628016
is;0.06017454
blue,;0.072359085
with;0.05777665
additional;0.05744288
stripes;0.07262929
in;0.057207808
red,;0.071094066
white,;0.061829735
and;0.054679323
green.;0.0827304
