text;attention
In;9.202845e-06
the;1.0353522e-05
image,;2.6744889e-05
|;9.4976185e-06
can;8.711799e-06
see;1.27066505e-05
a;9.078556e-06
variety;7.787832e-06
of;7.82275e-06
furniture,;3.6817983e-05
including;9.942007e-06
a;9.805996e-06
couch,;1.2487504e-05
a;7.079455e-06
chair,;2.1570651e-05
and;8.624858e-06
a;8.065339e-06
refrigerator.;0.36347944
The;1.3542976e-05
couch;1.0463834e-05
is;9.157302e-06
located;7.4226728e-06
in;8.615807e-06
the;8.368729e-06
living;7.237304e-06
room,;2.2419534e-05
while;9.919836e-06
the;9.051851e-06
chair;9.005279e-06
is;7.343119e-06
positioned;7.80314e-06
near;9.7327e-06
the;7.849056e-06
dining;7.775639e-06
table.;0.017986013
The;1.0889282e-05
refrigerator;8.516599e-06
is;8.716003e-06
situated;7.1548225e-06
in;8.615939e-06
the;8.8044935e-06
kitchen;7.582568e-06
area.;0.19865867
Additionally,;3.104989e-05
there;1.0000785e-05
is;8.167254e-06
a;1.01383275e-05
TV;9.4321695e-06
in;9.123046e-06
the;8.884429e-06
living;7.394962e-06
room,;2.1824233e-05
which;8.872744e-06
adds;1.0094142e-05
to;8.421104e-06
the;1.2016449e-05
cozy;8.257453e-06
and;8.226343e-06
functional;7.966632e-06
setup;8.15841e-06
of;8.399937e-06
the;9.346101e-06
space.;0.41894278
The;1.1217719e-05
presence;9.890222e-06
of;7.4205145e-06
these;1.0281144e-05
items;1.0470163e-05
indicates;1.3702579e-05
that;8.891998e-06
the;1.2596769e-05
room;1.0979629e-05
is;7.665536e-06
designed;9.231421e-06
to;8.51703e-06
accommodate;8.269116e-06
both;7.591186e-06
relaxation;8.7338185e-06
and;8.790533e-06
dining;8.511379e-06
activities,;2.5941694e-05
making;8.818813e-06
it;1.0667986e-05
a;1.149223e-05
versatile;1.0010221e-05
and;7.55382e-06
comfortable;8.065808e-06
living;8.86558e-06
space.;4.082326e-05
