text;attention
In;1.1139614e-06
the;1.198329e-06
image,;2.9704247e-06
|;1.0770453e-06
can;1.0752052e-06
see;1.1482322e-06
a;1.1034313e-06
variety;1.4387136e-06
of;1.2418072e-06
furniture,;2.4950562e-06
including;1.191803e-06
a;1.144121e-06
couch,;1.6474276e-06
a;1.0191144e-06
chair,;7.330972e-06
and;1.2361805e-06
a;1.0442407e-06
refrigerator.;0.20631857
The;1.1075557e-06
couch;1.3078177e-06
is;1.2435612e-06
located;1.1880638e-06
in;1.3247592e-06
the;1.339989e-06
living;1.1793716e-06
room,;2.31754e-06
while;1.0964233e-06
the;1.0528543e-06
chair;1.257625e-06
is;1.0529558e-06
positioned;1.1094702e-06
near;1.2919244e-06
the;1.0461533e-06
dining;1.3141365e-06
table.;0.19975755
The;1.03479e-06
refrigerator;1.1324332e-06
is;1.0931469e-06
situated;1.0473884e-06
in;1.1150773e-06
the;1.3343576e-06
kitchen;1.2872424e-06
area.;0.21182206
Additionally,;2.5489103e-06
there;1.1716944e-06
is;1.1500206e-06
a;1.1000839e-06
TV;1.3264191e-06
in;1.1068103e-06
the;1.5192539e-06
living;1.1226372e-06
room,;6.3774155e-06
which;1.19464e-06
adds;1.0852359e-06
to;1.0336735e-06
the;1.191894e-06
cozy;1.742408e-06
and;1.1186893e-06
functional;1.3949491e-06
setup;1.2899054e-06
of;1.2999838e-06
the;1.3856294e-06
space.;0.23940313
The;1.5149135e-06
presence;1.09591e-06
of;1.1460398e-06
these;1.2803666e-06
items;1.1490165e-06
indicates;1.2202787e-06
that;1.2318733e-06
the;1.2926699e-06
room;1.5472177e-06
is;1.1747568e-06
designed;1.1756546e-06
to;1.214876e-06
accommodate;1.193524e-06
both;1.181302e-06
relaxation;1.6689896e-06
and;1.3676931e-06
dining;1.6711874e-06
activities,;7.486793e-06
making;1.0873825e-06
it;1.146208e-06
a;1.2806572e-06
versatile;1.198584e-06
and;1.2908332e-06
comfortable;1.1604008e-06
living;1.1959257e-06
space.;0.14257279
