text;attention
The;0.51625913
clock;0.096945636
on;0.06757287
the;0.056948613
building;0.06300709
shows;0.06651172
12:30.;0.13275497
