text;attention
The;0.6581367
clock;0.06438349
on;0.052079905
the;0.051295515
building;0.053569563
shows;0.050067313
12:30.;0.070467554
