text;attention
The;0.5563379
clock;0.07769303
on;0.058800735
the;0.050775666
building;0.046179578
shows;0.073726855
12:30.;0.13648616
