text;attention
The;0.12627319
clock;0.12986094
on;0.12206177
the;0.10617416
building;0.115371555
shows;0.1337864
12:30.;0.26647198
