text;attention
The;0.12580556
clock;0.13131489
on;0.11865528
the;0.11576278
building;0.115026444
shows;0.12827611
12:30.;0.265159
