text;attention
The;0.008601485
image;0.008618953
features;0.008621388
a;0.008633343
dining;0.0086125145
table;0.00861202
with;0.008624978
a;0.008613594
plate;0.008603943
of;0.008613601
food,;0.008622994
including;0.008609961
a;0.008618712
variety;0.008604297
of;0.008608771
snacks;0.008611105
and;0.008613805
a;0.0086066965
can;0.008604148
of;0.008606941
soda.;0.008620398
The;0.008623612
plate;0.008610093
is;0.008618534
placed;0.008611607
on;0.008616321
a;0.008610348
table;0.008604852
with;0.008613103
a;0.0086089475
colorful;0.008611432
cloth,;0.008629762
adding;0.008609955
a;0.008619738
touch;0.008604499
of;0.0086077545
elegance;0.008617147
to;0.008609813
the;0.008607514
scene.;0.008626153
There;0.008619858
are;0.0086126095
several;0.008609433
carrots;0.008636296
scattered;0.008616836
across;0.008626941
the;0.008616466
plate,;0.008620555
with;0.008615736
some;0.0086125145
of;0.008610813
them;0.008605886
placed;0.008617345
closer;0.008620374
to;0.008612089
the;0.008608563
edge;0.008604189
and;0.00861579
others;0.008609711
in;0.0086159175
the;0.008605147
middle.;0.008608843
Additionally,;0.008631001
a;0.008615538
few;0.008608024
oranges;0.0086206505
are;0.008640797
also;0.008613537
present;0.008612471
on;0.0086156735
the;0.008609867
plate,;0.008613771
adding;0.008610815
a;0.008616335
pop;0.008604494
of;0.008609461
color;0.008614671
to;0.008617713
the;0.008606945
arrangement.;0.008614444
The;0.008617982
can;0.008616821
of;0.0086303055
soda;0.008642288
is;0.0086226575
positioned;0.008637332
next;0.008619168
to;0.008612938
the;0.008617458
plate,;0.0086221015
ready;0.008612181
to;0.008623147
be;0.008614317
enjoyed;0.00860933
alongside;0.008628612
the;0.008626207
snacks.;0.00862113
The;0.008620811
overall;0.00862203
scene;0.00864196
is;0.008672225
a;0.008634764
casual;0.00863608
and;0.008649939
inviting;0.008631813
dining;0.008657869
experience,;0.00866729
with;0.008629619
a;0.008632057
mix;0.008615515
of;0.008633898
healthy;0.008705494
and;0.008666618
indulgent;0.008662635
food;0.0086460635
options.;0.008656404
