text;attention
The;0.0086095985
image;0.0086122
features;0.008620058
a;0.0086276
dining;0.008607479
table;0.008603933
with;0.008628051
a;0.008608235
plate;0.008598232
of;0.008613294
food,;0.008625957
including;0.008607945
a;0.008614945
variety;0.008598058
of;0.008602664
snacks;0.008608749
and;0.008613938
a;0.008607199
can;0.008602051
of;0.008606265
soda.;0.008638506
The;0.008641469
plate;0.008613094
is;0.008621215
placed;0.008602849
on;0.008606713
a;0.0085983705
table;0.008596055
with;0.008609637
a;0.008607377
colorful;0.008604847
cloth,;0.008636099
adding;0.008616375
a;0.008621239
touch;0.008600954
of;0.008602526
elegance;0.008621929
to;0.008605661
the;0.0086041335
scene.;0.008626986
There;0.0086297775
are;0.008610886
several;0.008606611
carrots;0.008641005
scattered;0.0086136665
across;0.008622207
the;0.008605851
plate,;0.008637283
with;0.008622081
some;0.008612122
of;0.008606
them;0.008597994
placed;0.008609319
closer;0.008608628
to;0.008609434
the;0.008607281
edge;0.0085969325
and;0.008609651
others;0.008610469
in;0.008608275
the;0.008595793
middle.;0.008606832
Additionally,;0.00866882
a;0.00860816
few;0.008602681
oranges;0.008612051
are;0.008636587
also;0.008606762
present;0.008607189
on;0.008604519
the;0.008598974
plate,;0.008625224
adding;0.008611021
a;0.00862368
pop;0.008600242
of;0.00860082
color;0.008610249
to;0.008613243
the;0.008607261
arrangement.;0.008620868
The;0.008629727
can;0.008617147
of;0.008623127
soda;0.00862098
is;0.008640484
positioned;0.008638518
next;0.008611152
to;0.008603508
the;0.008611736
plate,;0.008631214
ready;0.0086135
to;0.008626744
be;0.008607807
enjoyed;0.008600328
alongside;0.008622296
the;0.008627751
snacks.;0.008643304
The;0.008644429
overall;0.00861897
scene;0.00862578
is;0.008643965
a;0.008625472
casual;0.008643273
and;0.008642724
inviting;0.008651847
dining;0.008651249
experience,;0.008672737
with;0.0086554745
a;0.008644253
mix;0.008617402
of;0.008635064
healthy;0.008732672
and;0.008651721
indulgent;0.008752836
food;0.008638273
options.;0.008663648
