;number;text;x1;y1;x2;y2;y;diff_y;line;fixations;fix_distance;fix_duration;first_fix_duration;fix_number;pupil_l;pupil_r;distance;pupil;fix_duration_avg;go_past_time
0;0;What;557;770;606;786;778.0;;1;[];[];0.0;0.0;0;;;333.4986455502718;;;
1;1;is;615;770;628;786;778.0;0.0;1;[];[];0.0;0.0;0;;;311.4986455502718;;;
2;2;the;636;770;664;786;778.0;0.0;1;[];[];0.0;0.0;0;;;275.4986455502718;;;
3;3;man;673;774;712;786;780.0;2.0;1;[];[];0.0;0.0;0;;;227.49864555027182;;;
4;4;doing;721;770;771;790;780.0;0.0;1;[np.float64(3967.0), np.float64(3969.0)];[np.float64(0.0), np.float64(0.0)];217.0;134.0;2;2.3589;2.4731;168.49864555027182;2.42;108.5;134.0
5;5;with;779;770;816;786;778.0;2.0;1;[];[];0.0;0.0;0;;;123.49864555027182;;;
6;6;the;824;770;853;786;778.0;0.0;1;[np.float64(3968.0)];[np.float64(0.0)];184.0;184.0;1;2.3701;2.4876;86.49864555027182;2.43;184.0;267.0
7;7;skateboard?;862;770;978;786;778.0;0.0;1;[np.float64(3970.0)];[np.float64(0.0)];251.0;251.0;1;2.3805;2.4649;0.0;2.42;251.0;251.0
