;number;text;x1;y1;x2;y2;y;diff_y;line;fixations;fix_distance;fix_duration;first_fix_duration;fix_number;pupil_l;pupil_r;distance;pupil;fix_duration_avg;go_past_time
0;0;What;581;770;630;786;778.0;;1;[np.float64(2598.0), np.float64(2603.0)];[np.float64(5.502658843994141), np.float64(3.6565671478715736)];292.0;150.0;2;2.3598;2.4968;157.72430903983377;2.43;146.0;150.0
1;1;is;638;770;651;786;778.0;0.0;1;[];[];0.0;0.0;0;;;136.82107227300074;;;
2;2;the;659;770;688;786;778.0;0.0;1;[np.float64(2635.0)];[np.float64(0.0)];100.0;100.0;1;2.4567;2.5553;100.09017456719272;2.51;100.0;100.0
3;3;title;696;770;728;786;778.0;0.0;1;[np.float64(2599.0)];[np.float64(17.802560876297)];150.0;150.0;1;2.3852;2.4992;60.74961500028559;2.44;150.0;150.0
4;4;of;737;770;754;786;778.0;0.0;1;[];[];0.0;0.0;0;;;35.966970448560176;;;
5;5;Naomi;762;770;821;786;778.0;0.0;1;[np.float64(2600.0), np.float64(2626.0), np.float64(2631.0), np.float64(2636.0)];[np.float64(16.394341468811035), np.float64(0.0), np.float64(25.860264778137207), np.float64(14.08559793584493)];658.0;200.0;4;2.3814;2.4691;14.08559793584493;2.43;164.5;200.0
6;6;Klein's;830;770;890;786;778.0;0.0;1;[np.float64(2601.0), np.float64(2624.0), np.float64(2627.0), np.float64(2629.0), np.float64(2630.0)];[np.float64(0.0), np.float64(27.756751775741577), np.float64(0.0), np.float64(12.868783877446162), np.float64(10.707280599153933)];899.0;66.0;5;2.3839;2.47;45.15884244588254;2.43;179.8;66.0
7;7;book?;899;770;955;786;778.0;0.0;1;[np.float64(2602.0), np.float64(2625.0), np.float64(2628.0)];[np.float64(0.0), np.float64(0.0), np.float64(5.71739649772644)];575.0;175.0;3;2.3889;2.4751;112.78890202605449;2.43;191.6667;2108.0
