text;attention
The;0.02082486
bedroom;0.02329008
in;0.018700514
the;0.01695125
image;0.01857257
has;0.018602667
a;0.017867403
clean;0.017835204
and;0.016970031
minimalist;0.017043576
appearance,;0.024164792
featuring;0.019197727
a;0.016330881
large;0.015757049
bed;0.016715797
with;0.016998656
white;0.015981121
sheets;0.01611516
and;0.016165322
pillows,;0.019171193
which;0.016346684
gives;0.017817859
it;0.015755458
a;0.015273238
fresh;0.016587969
and;0.015332507
inviting;0.015488292
look.;0.02163195
The;0.016957005
room;0.01706287
is;0.016561547
well-lit,;0.029490005
with;0.01635606
a;0.015179919
light;0.015788777
on,;0.017983291
creating;0.016016267
a;0.014726556
cozy;0.015119998
atmosphere.;0.018624447
The;0.016008493
overall;0.016394716
atmosphere;0.016502034
of;0.014977761
the;0.014799502
bedroom;0.015528683
is;0.015482925
calm;0.015625138
and;0.01517226
relaxing,;0.01742179
making;0.016425326
it;0.015234193
an;0.014825581
ideal;0.0149376085
space;0.014692078
for;0.014433913
rest;0.01459456
and;0.0143553885
rejuvenation.;0.0152314175
