text;attention
Title:;0.0829755
Vehicle;0.08321784
Noise;0.08290173
and;0.08259991
Vibration;0.083302766
Refinement.;0.08372627
Topic:;0.08362261
Woodhead;0.08318038
Publishing;0.082720764
in;0.08382864
Mechanical;0.08354539
Engineering.;0.08437811
