text;attention
Title:;0.08254607
Vehicle;0.08357463
Noise;0.08271178
and;0.081899
Vibration;0.08392878
Refinement.;0.08360455
Topic:;0.08370123
Woodhead;0.08388825
Publishing;0.08221056
in;0.08394706
Mechanical;0.08533503
Engineering.;0.08265303
