text;attention
Title:;0.08306966
Vehicle;0.083244376
Noise;0.08291644
and;0.08266121
Vibration;0.08314482
Refinement.;0.08335372
Topic:;0.08318813
Woodhead;0.082998976
Publishing;0.082941435
in;0.08433763
Mechanical;0.08440925
Engineering.;0.08373438
