text;attention
Title:;0.08230138
Vehicle;0.08378106
Noise;0.08265126
and;0.08192368
Vibration;0.08396448
Refinement.;0.083905615
Topic:;0.08458884
Woodhead;0.08366195
Publishing;0.081897035
in;0.08416166
Mechanical;0.084752016
Engineering.;0.08241106
