text;attention
The;0.013398955
bedroom;0.013743459
in;0.013527685
the;0.0134632895
image;0.013456133
has;0.013416044
a;0.01350045
modern;0.013406669
and;0.013393261
stylish;0.013582242
appearance,;0.0137589285
featuring;0.013449389
a;0.013411185
large;0.013408566
bed;0.013401326
with;0.013440197
white;0.013442654
pillows;0.013559465
and;0.013647865
a;0.01340662
white;0.013392369
comforter.;0.01387859
The;0.013412296
room;0.013436069
is;0.013428946
dimly;0.013523848
lit,;0.013739795
creating;0.013478754
a;0.013440804
cozy;0.0135150505
and;0.013553871
intimate;0.013581998
atmosphere.;0.013657869
The;0.013437021
bed;0.0134149715
is;0.013438667
positioned;0.013478433
next;0.013548712
to;0.0133994315
a;0.01346484
wall,;0.013443624
and;0.013450893
there;0.013415297
is;0.013394162
a;0.013423256
lamp;0.013374422
on;0.013393742
the;0.01351288
nightstand,;0.0138693685
providing;0.013452915
additional;0.01370285
lighting;0.013551416
in;0.013457841
the;0.013439324
room.;0.01385715
The;0.013455156
overall;0.013432754
ambiance;0.013567866
of;0.013720584
the;0.013433146
bedroom;0.013483293
is;0.013455884
inviting;0.013572446
and;0.01371612
comfortable,;0.013525588
making;0.01347959
it;0.013464863
an;0.0134447925
ideal;0.013432581
space;0.0135235945
for;0.01352178
relaxation;0.013778021
and;0.013562859
rest.;0.013653222
