text;attention
The;0.10115428
name;0.08576733
of;0.07889177
the;0.074259415
school;0.10157812
mentioned;0.09297734
in;0.07550838
the;0.07115854
image;0.08421579
is;0.07499189
Witch;0.07784877
School.;0.08164849
