text;attention
The;0.090537235
name;0.08364263
of;0.08005755
the;0.08286694
school;0.08815179
mentioned;0.08907411
in;0.08232218
the;0.07960571
image;0.083981216
is;0.07998084
Witch;0.07849461
School.;0.08128519
