text;attention
The;0.12629193
name;0.07829545
of;0.10477826
the;0.11171603
school;0.06658873
mentioned;0.07028955
in;0.09025853
the;0.08911375
image;0.062260557
is;0.068465374
Witch;0.065705076
School.;0.06623679
