text;attention
The;0.08945684
name;0.0871959
of;0.08371314
the;0.07858542
school;0.084128775
mentioned;0.08624404
in;0.082112595
the;0.074614935
image;0.07897089
is;0.080878064
Witch;0.07890812
School.;0.09519127
