text;attention
Did;0.11207757
the;0.10667227
artist;0.13714275
include;0.106775835
a;0.107218504
chicken;0.107520096
in;0.10690886
this;0.10662465
piece?;0.109059475
