text;attention
Did;0.110346675
the;0.111827336
artist;0.109305926
include;0.11174248
a;0.11258765
chicken;0.11028949
in;0.11051942
this;0.11080248
piece?;0.112578556
