text;attention
Did;0.11041762
the;0.11154654
artist;0.10959274
include;0.11126302
a;0.11305097
chicken;0.11054839
in;0.111639544
this;0.1104588
piece?;0.11148241
