text;attention
Did;0.11097122
the;0.11198486
artist;0.10971521
include;0.11111205
a;0.1109674
chicken;0.111203596
in;0.11134662
this;0.11058966
piece?;0.11210933
