text;attention
The;3.7144755e-06
prominent;3.3570298e-06
objects;3.6234508e-06
in;3.539817e-06
the;3.9169577e-06
image;4.237847e-06
include;3.5086775e-06
a;3.6769368e-06
train,;5.1982342e-06
a;3.839674e-06
station;3.3549204e-06
platform,;9.201678e-06
and;3.568734e-06
a;3.8022897e-06
train;3.3534266e-06
station.;0.999938
