text;attention
The;0.00033498558
prominent;0.00025511096
objects;0.00028308207
in;0.00023531323
the;0.00026072573
image;0.00028647465
include;0.0002923138
a;0.00026090333
train,;0.00031286076
a;0.00023653451
station;0.00023333823
platform,;0.0006136544
and;0.00026596297
a;0.00022656003
train;0.00019467881
station.;0.9957075
