text;attention
The;0.057961572
man;0.056564573
is;0.053058296
performing;0.057932805
a;0.05333981
trick;0.062829114
on;0.053427644
his;0.053388674
skateboard,;0.15124273
jumping;0.059833873
in;0.05100043
the;0.05086931
air;0.05573594
while;0.05358708
riding;0.053134963
it.;0.0760932
