text;attention
The;0.047669478
quote;0.05190957
written;0.0477914
in;0.042877126
the;0.041713234
image;0.045428343
is:;0.051157292
"""forgive";0.057668623
yourself;0.051767513
for;0.04520704
not;0.04557932
knowing;0.061518777
what;0.04510458
you;0.043255027
didn't;0.048098773
know;0.05411116
before;0.047834
you;0.042431947
lived;0.043666743
through;0.041688036
"it.""";0.043522004
