text;attention
The;0.04692167
quote;0.048400104
written;0.045816995
in;0.043998536
the;0.042455375
image;0.044668768
is:;0.05536604
"""forgive";0.064357676
yourself;0.05100942
for;0.046911273
not;0.044786442
knowing;0.048895687
what;0.04713355
you;0.04800134
didn't;0.051460177
know;0.050043337
before;0.044886462
you;0.04391615
lived;0.044339813
through;0.0420626
"it.""";0.044568527
