text;attention
The;0.046017304
full;0.028137607
name;0.030647565
of;0.02568342
this;0.026486207
Institute;0.03658729
is;0.023860306
"""Juilliard";0.15101694
"University"".";0.046350073
It;0.024612656
was;0.021903574
established;0.023866855
by;0.021970212
a;0.030978486
group;0.021806158
of;0.020917928
students;0.028169427
from;0.021434117
different;0.020371335
universities;0.02469228
and;0.021071045
institutions,;0.02928714
including;0.021326782
Juilliard;0.036830503
School;0.021554725
of;0.019111222
Music,;0.026066836
where;0.020088043
they;0.018591886
were;0.018682698
studying;0.019079523
music;0.01820529
theory;0.01828131
and;0.018102348
composition.;0.018210953
