text;attention
The;0.05842344
predominant;0.072215326
airplane;0.09807579
on;0.05386748
display;0.091094874
is;0.058440715
blue,;0.064632855
with;0.056428503
additional;0.060674764
stripes;0.060811024
in;0.055794027
red,;0.053628907
white,;0.06714366
and;0.047765255
green.;0.10100335
