text;attention
The;0.04744046
quote;0.04719445
written;0.04734259
in;0.047105744
the;0.04707103
image;0.04707059
is:;0.047210056
"""forgive";0.04890456
yourself;0.04740086
for;0.047355644
not;0.04721804
knowing;0.047267057
what;0.047236964
you;0.047243647
didn't;0.053704333
know;0.047160912
before;0.047219276
you;0.047107447
lived;0.047116242
through;0.047179352
"it.""";0.047450807
