text;attention
Reaching;0.33401826
for;0.33247212
Home;0.33350965
