text;attention
Title:;0.09044627
Vehicle;0.08532755
Noise;0.10173198
and;0.0773519
Vibration;0.08110966
Refinement.;0.090974554
Topic:;0.08303848
Woodhead;0.099202454
Publishing;0.07746777
in;0.07202045
Mechanical;0.070467986
Engineering.;0.070861004
