text;attention
Title:;0.10270607
Vehicle;0.07548809
Noise;0.08840654
and;0.07843692
Vibration;0.08521883
Refinement.;0.111297436
Topic:;0.09077616
Woodhead;0.07930455
Publishing;0.074072435
in;0.069561064
Mechanical;0.070158266
Engineering.;0.07457353
