text;attention
The;0.035561357
quote;0.03558047
on;0.035606608
the;0.035632305
image;0.035557464
is:;0.035631683
"""My";0.035813585
goal;0.035671752
is;0.03573346
not;0.035708953
to;0.035662513
be;0.035743386
better;0.035688266
than;0.035712928
anyone;0.035752457
else,;0.03572588
but;0.03563812
to;0.035744958
be;0.03565035
better;0.035706382
than;0.03563015
|;0.035657484
used;0.035870418
to;0.035844475
"be.""";0.035797276
-;0.03577943
Wayne;0.035767764
Dyer;0.036130164
