text;attention
The;0.035658326
quote;0.035582125
on;0.03576157
the;0.035452396
image;0.035406318
is:;0.03579435
"""My";0.035990115
goal;0.035605676
is;0.035603806
not;0.03549529
to;0.035510533
be;0.035507564
better;0.03545155
than;0.03566946
anyone;0.035720523
else,;0.03634684
but;0.0357962
to;0.035642557
be;0.03555436
better;0.035458986
than;0.03551682
|;0.03559957
used;0.03568482
to;0.035625484
"be.""";0.036002483
-;0.036229033
Wayne;0.036181174
Dyer;0.036152057
