text;attention
Who;0.12543193
has;0.12501346
written;0.12553422
the;0.124835424
quote;0.12436076
in;0.12533894
the;0.1246351
image?;0.12485016
