text;attention
The;0.1334127
clock;0.15946299
on;0.1325369
the;0.12067932
building;0.13617611
shows;0.13858299
12:30.;0.17914897
