text;attention
What;0.12452643
is;0.12472885
the;0.12452665
man;0.124002576
doing;0.12462775
with;0.1245021
the;0.12508506
skateboard?;0.12800059
