text;attention
What;0.12502502
is;0.12531376
the;0.12455506
man;0.124138124
doing;0.124507636
with;0.12493453
the;0.12444984
skateboard?;0.12707599
