text;attention
What;0.1253052
is;0.12566845
the;0.12390434
man;0.12341474
doing;0.124152504
with;0.123966806
the;0.124476805
skateboard?;0.12911116
