text;attention
What;0.12466109
is;0.12452464
the;0.12416346
man;0.1241596
doing;0.12457975
with;0.12427805
the;0.12425301
skateboard?;0.12938045
