text;attention
Can;0.08350489
you;0.08311547
find;0.08293651
the;0.083164066
flock;0.083372004
of;0.08327867
birds;0.083019376
flying;0.08414347
over;0.0834957
the;0.083050534
cloudy;0.08348193
sky?;0.08343742
