text;attention
Can;0.08381948
you;0.083245836
find;0.0830316
the;0.08315454
flock;0.08329555
of;0.08352855
birds;0.08284022
flying;0.08394137
over;0.083360724
the;0.08293912
cloudy;0.08346699
sky?;0.083376065
