text;attention
Reaching;0.071139164
for;0.07012538
Home:;0.07080559
Global;0.07082639
Learning;0.07077868
on;0.0712245
Family;0.07082903
Reintegration;0.07287274
in;0.070394896
Low;0.071211286
and;0.0716028
Lower-Middle;0.07417096
Income;0.07194115
Countries;0.07207753
