text;attention
Reaching;0.07149008
for;0.07087912
Home:;0.07148828
Global;0.07102539
Learning;0.07099174
on;0.07111456
Family;0.07105269
Reintegration;0.07167685
in;0.071044885
Low;0.07106147
and;0.07146462
Lower-Middle;0.07291317
Income;0.07231636
Countries;0.07148089
