text;attention
The;0.06670608
man;0.058932126
is;0.05869571
performing;0.06384709
a;0.057854857
trick;0.06400834
on;0.057786215
his;0.056086812
skateboard,;0.11395598
jumping;0.060670365
in;0.05718098
the;0.055612724
air;0.05866219
while;0.056102797
riding;0.05617372
it.;0.057724107
