text;attention
The;0.070511155
man;0.06266135
is;0.058241207
performing;0.073442526
a;0.05454249
trick;0.066789255
on;0.054732207
his;0.05025216
skateboard,;0.13408618
jumping;0.07293044
in;0.04835186
the;0.047012113
air;0.056867164
while;0.05199859
riding;0.049496904
it.;0.04808438
