text;attention
The;0.0638153
man;0.055980716
is;0.0523703
performing;0.063842155
a;0.05152404
trick;0.07074355
on;0.052747242
his;0.049336087
skateboard,;0.18476295
jumping;0.065634824
in;0.04500984
the;0.045465447
air;0.054118365
while;0.04941329
riding;0.047971137
it.;0.04726475
