text;attention
The;2.8899878e-23
image;1.7482319e-23
shows;1.8542442e-23
a;1.4860163e-23
meal;1.854237e-23
arrangement;1.7083012e-23
on;1.5625086e-23
a;1.5141521e-23
patterned;2.3082517e-23
textile;2.0728243e-23
surface.;1.0
At;1.6363397e-23
the;1.5113707e-23
center;1.980417e-23
is;1.5598286e-23
a;1.5390941e-23
white,;2.2864914e-23
round;1.7040314e-23
plate;1.8272245e-23
that;1.5070184e-23
contains;1.5135401e-23
an;1.4529942e-23
assortment;2.3364763e-23
of;1.4163068e-23
food;1.5158688e-23
items.;2.0772967e-23
There's;1.1933839e-21
a;1.4103495e-23
can;1.6180348e-23
of;1.602488e-23
Fanta;2.1966335e-23
with;1.494629e-23
an;1.4230983e-23
orange;1.5311478e-23
flavor,;2.1934099e-23
which;1.536554e-23
seems;1.5445228e-23
to;1.3858645e-23
be;1.391156e-23
the;1.3866472e-23
drink;1.4967973e-23
of;1.4076726e-23
choice.;2.0953468e-23
The;1.4019813e-23
food;1.4338822e-23
items;1.4947718e-23
include;1.5072253e-23
what;1.529058e-23
appears;1.5270063e-23
to;1.3651129e-23
be;1.3684862e-23
pasta;2.1230648e-23
shells,;1.9880164e-23
neatly;1.6262648e-23
arranged;1.4935063e-23
on;1.4609198e-23
one;1.4765345e-23
side;1.4935292e-23
of;1.4098169e-23
the;1.4055264e-23
plate,;1.5425151e-23
and;1.4185401e-23
orange;1.4895294e-23
wedges;1.9174585e-23
with;1.456046e-23
some;1.4157991e-23
of;1.358308e-23
the;1.3779835e-23
peel;1.5839029e-23
still;1.4027731e-23
attached,;1.5977513e-23
placed;1.450873e-23
on;1.3930092e-23
the;1.3563042e-23
opposite;1.441335e-23
side.;1.7844818e-23
Additionally,;1.6594347e-23
there;1.3948918e-23
are;1.3792614e-23
orange-colored;1.9136734e-23
crackers,;1.7844545e-23
contributing;1.6140154e-23
to;1.3489515e-23
the;1.3796666e-23
color;1.386293e-23
theme,;1.466923e-23
and;1.3885582e-23
a;1.3573186e-23
whole,;1.5698632e-23
unpeeled;1.7345147e-23
carrot;1.5552241e-23
lying;1.4369597e-23
beside;1.4111944e-23
the;1.3537042e-23
other;1.4019119e-23
items;1.3824589e-23
on;1.3378822e-23
the;1.3446513e-23
plate.;1.538695e-23
The;1.376859e-23
background;1.5321291e-23
textile;1.4673037e-23
has;1.4151728e-23
a;1.3960416e-23
floral;1.461544e-23
pattern;1.3853571e-23
with;1.3783674e-23
a;1.3520786e-23
mix;1.440615e-23
of;1.3754574e-23
vibrant;1.5015726e-23
colors,;1.4241626e-23
adding;1.3563611e-23
a;1.3335154e-23
decorative;1.3995126e-23
backdrop;1.4365705e-23
to;1.3419662e-23
the;1.3543964e-23
meal;1.3639833e-23
presentation.;1.3821585e-23
