text;attention
The;5.979962e-22
image;3.988836e-22
shows;4.405363e-22
a;3.4519574e-22
meal;4.7679505e-22
arrangement;4.2753494e-22
on;3.3534442e-22
a;3.3678794e-22
patterned;4.3080267e-22
textile;4.117559e-22
surface.;1.0
At;3.7913203e-22
the;3.4314106e-22
center;3.7702346e-22
is;3.3862754e-22
a;3.3975714e-22
white,;3.790901e-22
round;3.4932475e-22
plate;4.467864e-22
that;3.4364538e-22
contains;3.4192978e-22
an;3.2958288e-22
assortment;5.657461e-22
of;3.250914e-22
food;3.3649383e-22
items.;4.8899274e-22
There's;9.2245444e-20
a;3.2255046e-22
can;4.1294195e-22
of;3.605703e-22
Fanta;4.8589677e-22
with;3.4281527e-22
an;3.2537551e-22
orange;3.6025543e-22
flavor,;4.655814e-22
which;3.4624155e-22
seems;3.472601e-22
to;3.3044146e-22
be;3.2865384e-22
the;3.2456848e-22
drink;3.4824705e-22
of;3.2369182e-22
choice.;4.9876477e-22
The;3.364399e-22
food;3.4011242e-22
items;3.538445e-22
include;3.8644016e-22
what;3.5111767e-22
appears;3.5360027e-22
to;3.341428e-22
be;3.2567727e-22
pasta;4.2422077e-22
shells,;5.1350503e-22
neatly;4.526828e-22
arranged;3.839891e-22
on;3.2893978e-22
one;3.3563232e-22
side;3.4044864e-22
of;3.2138e-22
the;3.3061297e-22
plate,;3.8284387e-22
and;3.3046416e-22
orange;3.8527588e-22
wedges;6.1086627e-22
with;3.4257735e-22
some;3.2663903e-22
of;3.2222825e-22
the;3.2642852e-22
peel;3.7484656e-22
still;3.2883188e-22
attached,;3.9460054e-22
placed;3.496047e-22
on;3.223143e-22
the;3.1833812e-22
opposite;3.2792246e-22
side.;4.6447443e-22
Additionally,;4.5826876e-22
there;3.3152984e-22
are;3.2648333e-22
orange-colored;4.6770147e-22
crackers,;4.766896e-22
contributing;3.669183e-22
to;3.1637692e-22
the;3.1574154e-22
color;3.2152466e-22
theme,;3.6219702e-22
and;3.2091445e-22
a;3.1666911e-22
whole,;3.5434834e-22
unpeeled;4.482357e-22
carrot;3.9860066e-22
lying;3.498462e-22
beside;3.2801003e-22
the;3.2014167e-22
other;3.145094e-22
items;3.3922486e-22
on;3.1654832e-22
the;3.194646e-22
plate.;3.992291e-22
The;3.2765614e-22
background;3.6976645e-22
textile;3.5591574e-22
has;3.2543885e-22
a;3.2200462e-22
floral;3.5774383e-22
pattern;3.401734e-22
with;3.2226513e-22
a;3.1354982e-22
mix;3.2662785e-22
of;3.1985604e-22
vibrant;3.5423889e-22
colors,;3.4043306e-22
adding;3.1991097e-22
a;3.1402864e-22
decorative;3.3119864e-22
backdrop;3.3940868e-22
to;3.1486473e-22
the;3.1453336e-22
meal;3.4276953e-22
presentation.;3.208961e-22
