text;attention
The;9.449055e-22
image;7.4762713e-22
shows;1.2313975e-21
a;5.8660666e-22
meal;1.2384496e-21
arrangement;1.3224479e-21
on;7.024674e-22
a;5.786368e-22
patterned;1.0629452e-21
textile;1.2820491e-21
surface.;1.0
At;1.4735088e-21
the;5.379249e-22
center;7.8244324e-22
is;7.8691225e-22
a;5.8623533e-22
white,;7.2393717e-22
round;6.6952475e-22
plate;1.0630871e-21
that;6.576277e-22
contains;6.88229e-22
an;5.328721e-22
assortment;8.455389e-22
of;5.9755156e-22
food;8.1533977e-22
items.;1.3961655e-21
There's;4.1518824e-21
a;5.737682e-22
can;6.5429724e-22
of;8.0691423e-22
Fanta;1.355597e-21
with;7.505046e-22
an;5.4237557e-22
orange;6.0980225e-22
flavor,;1.0792765e-21
which;6.056017e-22
seems;6.3025246e-22
to;6.0279666e-22
be;5.2454464e-22
the;5.613113e-22
drink;6.174825e-22
of;5.3496785e-22
choice.;1.0029577e-21
The;6.0805545e-22
food;6.7581923e-22
items;7.521957e-22
include;9.000407e-22
what;5.8728955e-22
appears;5.937003e-22
to;5.707731e-22
be;5.8372486e-22
pasta;8.0408125e-22
shells,;1.2531149e-21
neatly;7.483348e-22
arranged;7.3193443e-22
on;6.1977164e-22
one;5.146915e-22
side;6.4001383e-22
of;5.501691e-22
the;5.055014e-22
plate,;1.0332488e-21
and;6.345441e-22
orange;6.468077e-22
wedges;8.539181e-22
with;7.214367e-22
some;5.5665433e-22
of;5.2506314e-22
the;5.1446767e-22
peel;6.468027e-22
still;5.6264695e-22
attached,;7.451785e-22
placed;5.6285945e-22
on;5.211699e-22
the;4.907999e-22
opposite;5.4746417e-22
side.;7.5581407e-22
Additionally,;7.053889e-22
there;5.411108e-22
are;5.7959784e-22
orange-colored;7.907338e-22
crackers,;8.741047e-22
contributing;6.1687984e-22
to;5.779265e-22
the;5.191083e-22
color;5.31143e-22
theme,;8.09112e-22
and;5.613199e-22
a;5.4966773e-22
whole,;7.3507104e-22
unpeeled;6.91735e-22
carrot;5.96645e-22
lying;5.9328595e-22
beside;5.559349e-22
the;4.989056e-22
other;5.213946e-22
items;5.5666913e-22
on;4.927754e-22
the;4.7813013e-22
plate.;6.3722205e-22
The;5.483672e-22
background;6.8552497e-22
textile;7.2406137e-22
has;5.9336744e-22
a;5.0988995e-22
floral;6.7256584e-22
pattern;6.9145796e-22
with;5.9097526e-22
a;5.0010793e-22
mix;5.0834404e-22
of;5.5080535e-22
vibrant;5.398676e-22
colors,;5.700137e-22
adding;5.327603e-22
a;5.092951e-22
decorative;5.4602927e-22
backdrop;5.4305255e-22
to;5.0417067e-22
the;4.859969e-22
meal;5.056036e-22
presentation.;4.908486e-22
