text;attention
Reaching;0.36879703
for;0.3190017
Home;0.31220123
