text;attention
Reaching;0.3708865
for;0.30876356
Home;0.32034993
