text;attention
Reaching;0.36489463
for;0.325873
Home;0.30923235
