text;attention
Reaching;0.36363992
for;0.32081884
Home;0.3155412
