text;attention
The;0.051864933
man;0.05216326
in;0.052368272
the;0.052562516
image;0.052171133
is;0.051931508
riding;0.05337664
skis;0.052961785
down;0.051963106
a;0.053097423
snow-covered;0.05417169
slope;0.052026402
while;0.052016597
holding;0.052518237
an;0.052985705
ax;0.05267912
in;0.05214553
his;0.053951357
hand.;0.053044725
