text;attention
Can;0.0830857
you;0.0833095
find;0.082943425
the;0.0830698
flock;0.082895376
of;0.08365658
birds;0.083104625
flying;0.083794266
over;0.08357264
the;0.08316825
cloudy;0.08414506
sky?;0.08325479
