text;attention
Can;0.08263618
you;0.0835698
find;0.08376367
the;0.08362553
flock;0.08292546
of;0.08283882
birds;0.08375555
flying;0.08341728
over;0.0830052
the;0.0831029
cloudy;0.08373348
sky?;0.083626196
