text;attention
Can;0.08329319
you;0.083330855
find;0.0832441
the;0.08329235
flock;0.083402954
of;0.08333516
birds;0.083186865
flying;0.08380448
over;0.08321595
the;0.08317136
cloudy;0.08346507
sky?;0.08325777
