text;attention
The;0.0006875687
clock;0.00057589734
on;0.00045484194
the;0.0004594246
building;0.0004631885
shows;0.00052710704
12:30.;0.99683195
