text;attention
In;0.013332617
the;0.009733503
image,;0.02335605
|;0.0125867035
can;0.014389601
see;0.020763915
a;0.01122812
variety;0.01012253
of;0.010604551
furniture,;0.030566169
including;0.012140703
a;0.011225269
couch,;0.0219459
a;0.00967558
chair,;0.016656352
and;0.009800415
a;0.009154251
refrigerator.;0.028257733
The;0.011733863
couch;0.0113949925
is;0.011016406
located;0.013451116
in;0.009609213
the;0.009873445
living;0.0121071
room,;0.019470973
while;0.01169497
the;0.009316078
chair;0.010195642
is;0.009849252
positioned;0.0102688875
near;0.0103242155
the;0.009158968
dining;0.0099399965
table.;0.01403211
The;0.009365252
refrigerator;0.010158224
is;0.009655454
situated;0.009898755
in;0.00901563
the;0.0088779265
kitchen;0.01022344
area.;0.013108368
Additionally,;0.013901843
there;0.009363841
is;0.009552691
a;0.009403549
TV;0.012064042
in;0.009571975
the;0.008906384
living;0.009663207
room,;0.010734581
which;0.009137241
adds;0.009782097
to;0.009838082
the;0.009544449
cozy;0.010923392
and;0.009848344
functional;0.011472164
setup;0.010352164
of;0.00926422
the;0.0093714725
space.;0.013736652
The;0.009422788
presence;0.009902863
of;0.009024388
these;0.009400715
items;0.009299033
indicates;0.009976233
that;0.010236832
the;0.00913952
room;0.010034715
is;0.009442498
designed;0.009771081
to;0.009472201
accommodate;0.009654109
both;0.009660948
relaxation;0.009937462
and;0.0095103625
dining;0.00911051
activities,;0.010064581
making;0.009237109
it;0.00889778
a;0.008868838
versatile;0.009516355
and;0.008761676
comfortable;0.00870663
living;0.008448957
space.;0.008789279
