text;attention
In;0.01178412
the;0.01608975
image,;0.14233641
|;0.0063831084
can;0.005894322
see;0.0053869933
a;0.009816172
variety;0.005577691
of;0.010909893
furniture,;0.112442605
including;0.006216596
a;0.0085159615
couch,;0.071165666
a;0.008260118
chair,;0.054054644
and;0.013858644
a;0.007703527
refrigerator.;0.027051054
The;0.008562783
couch;0.0047912523
is;0.007042824
located;0.0061784084
in;0.009954697
the;0.009345259
living;0.0047710226
room,;0.033691164
while;0.0047479714
the;0.008866993
chair;0.0045268736
is;0.006647028
positioned;0.0047621187
near;0.004745586
the;0.008346822
dining;0.0053129224
table.;0.016173594
The;0.007570697
refrigerator;0.005025434
is;0.006273812
situated;0.0054865843
in;0.008197777
the;0.007899969
kitchen;0.0046276106
area.;0.013606628
Additionally,;0.022404218
there;0.00443273
is;0.006150578
a;0.0066694207
TV;0.0046544056
in;0.0077446694
the;0.0075756516
living;0.004409452
room,;0.015249903
which;0.0042563085
adds;0.004626242
to;0.0067444057
the;0.0070223063
cozy;0.0044808313
and;0.007907883
functional;0.0042625237
setup;0.004674057
of;0.00633419
the;0.00671369
space.;0.009930433
The;0.006269921
presence;0.004282551
of;0.0060706516
these;0.004690502
items;0.003973949
indicates;0.004605604
that;0.006016382
the;0.006266952
room;0.0039407033
is;0.005220271
designed;0.004341677
to;0.0055934046
accommodate;0.004159713
both;0.0040161638
relaxation;0.004063416
and;0.0058484147
dining;0.0041330927
activities,;0.006925892
making;0.0040786434
it;0.0042087957
a;0.004607127
versatile;0.003962111
and;0.004659151
comfortable;0.0037228023
living;0.0036692198
space.;0.003825799
