;number;text;x1;y1;x2;y2;y;diff_y;line;fixations;fix_distance;fix_duration;first_fix_duration;fix_number;pupil_l;pupil_r;distance;pupil;fix_duration_avg;go_past_time
0;0;The;619;425;655;440;432.5;;1;[];[];0.0;0.0;0;;;102.63278615698896;;;
1;1;bowl;664;425;706;440;432.5;0.0;1;[];[];0.0;0.0;0;;;53.22594937480436;;;
2;2;in;715;425;729;440;432.5;0.0;1;[];[];0.0;0.0;0;;;32.59191604234675;;;
3;3;the;737;425;766;440;432.5;0.0;1;[np.float64(1126.0), np.float64(1127.0)];[np.float64(6.534631073474884), np.float64(18.26210550161511)];784.0;134.0;2;2.8521;2.8879;18.26210550161511;2.87;392.0;784.0
4;4;image;775;425;831;444;434.5;2.0;1;[np.float64(1121.0), np.float64(1122.0), np.float64(1123.0), np.float64(1125.0)];[np.float64(26.605727195739803), np.float64(14.027250834873769), np.float64(13.430636201586083), np.float64(13.391435090319359)];534.0;100.0;4;2.8025;2.8173;26.357078750037257;2.81;133.5;334.0
5;5;is;840;425;853;440;432.5;2.0;1;[];[];0.0;0.0;0;;;85.96714073853516;;;
6;6;small.;862;425;915;440;432.5;0.0;1;[np.float64(1124.0)];[np.float64(24.500569547925693)];350.0;350.0;1;2.7535;2.7679;107.56658651507685;2.76;350.0;1334.0
