;number;text;x1;y1;x2;y2;y;diff_y;line;fixations;fix_distance;fix_duration;first_fix_duration;fix_number;pupil_l;pupil_r;distance;pupil;fix_duration_avg;go_past_time
0;0;Reaching;676;425;765;444;434.5;;1;[np.float64(4265.0)];[np.float64(60.05672005244662)];117.0;117.0;1;2.5925;2.794;74.1678741563353;2.69;117.0;117.0
1;1;for;773;425;798;440;432.5;2.0;1;[np.float64(4264.0)];[np.float64(59.60533809661865)];150.0;150.0;1;2.6206;2.7707;56.39049385610717;2.7;150.0;267.0
2;2;Home;806;425;861;440;432.5;0.0;1;[np.float64(4266.0), np.float64(4267.0)];[np.float64(57.69038118015635), np.float64(53.21138419603051)];500.0;183.0;2;2.6929;2.8037;53.21138419603051;2.75;250.0;500.0
