;number;text;x1;y1;x2;y2;y;diff_y;line;fixations;fix_distance;fix_duration;first_fix_duration;fix_number;pupil_l;pupil_r;distance;pupil;fix_duration_avg;go_past_time
0;0;The;514;425;551;440;432.5;;1;[];[];0.0;0.0;0;;;168.0480003181315;;;
1;1;clock;559;425;607;440;432.5;0.0;1;[np.float64(2092.0)];[np.float64(39.155501761037954)];125.0;125.0;1;2.6337;2.6869;114.73064565406563;2.66;125.0;125.0
2;2;on;615;429;638;440;434.5;2.0;1;[];[];0.0;0.0;0;;;88.7071832761031;;;
3;3;the;646;425;675;440;432.5;2.0;1;[];[];0.0;0.0;0;;;57.33518966348887;;;
4;4;building;683;425;755;444;434.5;2.0;1;[np.float64(2093.0), np.float64(2100.0)];[np.float64(30.422710481491592), np.float64(42.380615234375)];333.0;183.0;2;2.7684;2.8066;42.380615234375;2.79;166.5;183.0
5;5;shows;764;425;824;440;432.5;2.0;1;[np.float64(2094.0), np.float64(2099.0)];[np.float64(36.56331872940069), np.float64(29.966452121734676)];434.0;134.0;2;2.8019;2.7775;65.83804664307887;2.79;217.0;134.0
6;6;approximately;832;425;966;444;434.5;2.0;1;[np.float64(2095.0), np.float64(2096.0), np.float64(2097.0), np.float64(2098.0)];[np.float64(35.2274124405601), np.float64(27.02452750639486), np.float64(28.67918799473688), np.float64(25.771865749359165)];835.0;184.0;4;2.8135;2.7983;125.7412076740386;2.81;208.75;1285.0
7;7;3:00.;974;425;1020;440;432.5;2.0;1;[];[];0.0;0.0;0;;;263.8102789706295;;;
