text;attention
In;0.00033406544
the;0.00034489817
image,;0.0007038228
|;0.00031737518
can;0.00035390098
see;0.0005723714
a;0.00043471673
variety;0.0003938512
of;0.00038014643
furniture,;0.00086669077
including;0.00043283033
a;0.00041814314
couch,;0.00067006884
a;0.00032124325
chair,;0.00044436415
and;0.00036918357
a;0.00034514233
refrigerator.;0.18783686
The;0.0005567933
couch;0.00040525387
is;0.00041315617
located;0.00035927616
in;0.00036446477
the;0.00035026774
living;0.0004256823
room,;0.00042175458
while;0.00036484227
the;0.00034941413
chair;0.00038891457
is;0.00032287647
positioned;0.00035558964
near;0.00048009117
the;0.00036727864
dining;0.00036057556
table.;0.18748376
The;0.0004754686
refrigerator;0.00037153903
is;0.000362204
situated;0.0003268331
in;0.00037652036
the;0.00033966554
kitchen;0.00038005668
area.;0.18727201
Additionally,;0.0008847448
there;0.00032050943
is;0.00037875285
a;0.00037335872
TV;0.00042857663
in;0.00032536974
the;0.00031572144
living;0.00035908227
room,;0.00037949096
which;0.00033286287
adds;0.0004931389
to;0.0004094172
the;0.00043797484
cozy;0.0004683738
and;0.00033431358
functional;0.00041892746
setup;0.00050511776
of;0.00034951465
the;0.0003521917
space.;0.20748593
The;0.00042962754
presence;0.0004774887
of;0.00037608072
these;0.00046890386
items;0.00042455786
indicates;0.00040351474
that;0.00039669857
the;0.00038463552
room;0.0003403661
is;0.00034127344
designed;0.000408172
to;0.0004023662
accommodate;0.0005324646
both;0.00041298734
relaxation;0.00039779796
and;0.00038264506
dining;0.00036608582
activities,;0.000561782
making;0.00033885182
it;0.00036192208
a;0.00041210034
versatile;0.00038019143
and;0.00029453912
comfortable;0.00033804023
living;0.00035676526
space.;0.1954428
