text;attention
The;0.08896103
name;0.08545684
of;0.07988389
the;0.07868175
school;0.0928264
mentioned;0.09228166
in;0.07362918
the;0.06931799
image;0.0749513
is;0.076956436
Witch;0.07786244
School.;0.109191135
