text;attention
The;0.09026924
name;0.0811379
of;0.077120334
the;0.07984543
school;0.095214576
mentioned;0.08381865
in;0.07459044
the;0.071215145
image;0.07548736
is;0.076664485
Witch;0.084106795
School.;0.11052968
