text;attention
The;0.089061014
name;0.08132969
of;0.07992574
the;0.07562115
school;0.0816711
mentioned;0.07986801
in;0.07902898
the;0.07494968
image;0.077768825
is;0.081837885
Witch;0.08430238
School.;0.11463552
