text;attention
The;0.21455659
name;0.12113433
of;0.14595997
the;0.10957985
school;0.056523513
mentioned;0.05969702
in;0.06561685
the;0.057534136
image;0.042922378
is;0.042446747
Witch;0.048098497
School.;0.03592992
