text;attention
The;0.08458562
name;0.083917424
of;0.07815953
the;0.07733919
school;0.08303282
mentioned;0.08349175
in;0.07621797
the;0.07471355
image;0.07796943
is;0.08026142
Witch;0.081827365
School.;0.11848407
