text;attention
The;0.14480813
bowl;0.15142591
in;0.13001063
the;0.12567908
image;0.12820786
is;0.12737888
small.;0.19248958
