text;attention
The;0.14911224
bowl;0.15695074
in;0.13173781
the;0.12314582
image;0.13511577
is;0.123236105
small.;0.18070146
