text;attention
The;0.057500638
man;0.064388946
is;0.06884436
performing;0.046635833
a;0.039496012
trick;0.06791405
on;0.036117263
his;0.03955849
skateboard,;0.19454263
jumping;0.05783379
in;0.036448345
the;0.03505485
air;0.03951429
while;0.04494866
riding;0.050084267
it.;0.12111759
