text;attention
The;0.1406794
clock;0.14114176
on;0.14112912
the;0.14274824
building;0.14114839
shows;0.14089471
12:30.;0.15225832
