text;attention
The;0.096257895
man;0.030737957
is;0.031249097
performing;0.025716232
a;0.0393534
trick;0.035360105
on;0.02078542
his;0.026233964
skateboard,;0.10801464
jumping;0.028532276
in;0.020843284
the;0.20849453
air;0.024729023
while;0.024826402
riding;0.024356283
it.;0.2545095
