text;attention
The;7.070796e-18
image;6.097849e-18
shows;8.443094e-18
a;5.3838374e-18
meal;1.4314711e-17
arrangement;1.1378644e-17
on;5.8175207e-18
a;4.954737e-18
patterned;1.963962e-17
textile;1.0861224e-17
surface.;1.0
At;9.994002e-18
the;5.203048e-18
center;1.088416e-17
is;8.4025784e-18
a;5.82436e-18
white,;1.01382656e-17
round;6.3715775e-18
plate;2.3482604e-17
that;6.423535e-18
contains;9.229446e-18
an;5.0745186e-18
assortment;1.2606404e-17
of;5.93027e-18
food;1.2681308e-17
items.;1.7699991e-17
There's;2.0117031e-16
a;4.7591473e-18
can;5.1824276e-18
of;5.730169e-18
Fanta;1.3230359e-17
with;7.900269e-18
an;4.5817005e-18
orange;5.9255662e-18
flavor,;1.5932582e-17
which;4.743741e-18
seems;4.6908002e-18
to;4.3682387e-18
be;4.1970818e-18
the;4.495106e-18
drink;5.577033e-18
of;4.3226862e-18
choice.;1.034071e-17
The;4.992969e-18
food;5.5678706e-18
items;5.0478556e-18
include;5.7416786e-18
what;5.0765902e-18
appears;4.872899e-18
to;4.2426536e-18
be;4.468248e-18
pasta;8.319143e-18
shells,;1.1074766e-17
neatly;5.8289168e-18
arranged;5.710399e-18
on;5.009509e-18
one;4.5683324e-18
side;5.8803054e-18
of;5.218394e-18
the;4.9071477e-18
plate,;1.0830771e-17
and;4.789581e-18
orange;8.416981e-18
wedges;1.6857201e-17
with;5.5188965e-18
some;4.651864e-18
of;4.2840925e-18
the;4.3073784e-18
peel;6.892919e-18
still;4.4064982e-18
attached,;6.1964046e-18
placed;4.621107e-18
on;4.440737e-18
the;4.2678628e-18
opposite;5.2823435e-18
side.;8.632443e-18
Additionally,;5.6424715e-18
there;4.76656e-18
are;4.7454785e-18
orange-colored;1.237064e-17
crackers,;8.65186e-18
contributing;5.2335643e-18
to;4.300975e-18
the;4.661403e-18
color;4.4233566e-18
theme,;5.8696157e-18
and;4.4312434e-18
a;4.3850176e-18
whole,;6.310765e-18
unpeeled;5.7843495e-18
carrot;5.2501613e-18
lying;4.7105607e-18
beside;4.915072e-18
the;4.389637e-18
other;4.2005737e-18
items;4.6339407e-18
on;4.130609e-18
the;4.0568866e-18
plate.;5.358697e-18
The;4.949069e-18
background;5.769739e-18
textile;5.3070055e-18
has;4.941995e-18
a;4.2839783e-18
floral;7.5358445e-18
pattern;5.4649085e-18
with;4.6833444e-18
a;4.2223103e-18
mix;4.3166557e-18
of;4.4874817e-18
vibrant;5.041832e-18
colors,;5.0473548e-18
adding;4.6152757e-18
a;4.3163922e-18
decorative;4.4323592e-18
backdrop;4.6294354e-18
to;4.1183056e-18
the;4.180687e-18
meal;4.1466974e-18
presentation.;4.1555647e-18
