text;attention
The;0.047405295
quote;0.046981957
written;0.047002673
in;0.046789728
the;0.046701986
image;0.046655804
is:;0.04702836
"""forgive";0.049296144
yourself;0.046872552
for;0.04696736
not;0.046781845
knowing;0.04694314
what;0.046878092
you;0.046922598
didn't;0.058203403
know;0.04686111
before;0.04717237
you;0.04708673
lived;0.046929583
through;0.046885233
"it.""";0.04763402
