text;attention
The;0.047613487
quote;0.047372025
written;0.047497146
in;0.04723584
the;0.04715648
image;0.04714273
is:;0.047427054
"""forgive";0.049329333
yourself;0.047307257
for;0.047282115
not;0.04741079
knowing;0.04738794
what;0.047245294
you;0.0472728
didn't;0.051067453
know;0.04726893
before;0.047338516
you;0.04733938
lived;0.047333375
through;0.047371104
"it.""";0.04760096
