text;attention
The;0.047581423
quote;0.047317464
written;0.04747358
in;0.047428526
the;0.04723277
image;0.04717786
is:;0.04750257
"""forgive";0.0484644
yourself;0.047574777
for;0.047569707
not;0.047379307
knowing;0.04730465
what;0.047422256
you;0.047319483
didn't;0.05015515
know;0.04747807
before;0.047606748
you;0.04743273
lived;0.047414493
through;0.04755716
"it.""";0.04760683
