text;attention
The;5.5653072e-05
man;5.5139095e-05
in;4.7428275e-05
the;4.9126644e-05
image;5.5132627e-05
is;6.631208e-05
riding;5.164804e-05
skis;5.7769957e-05
down;4.9505197e-05
a;5.601649e-05
snow-covered;8.7659006e-05
slope;5.0329407e-05
while;6.2020044e-05
holding;5.3304342e-05
an;5.0498114e-05
ax;4.9971088e-05
in;4.8680737e-05
his;4.5920817e-05
hand.;0.9990079
