text;attention
The;0.04721662
purpose;0.047825605
of;0.047504548
the;0.04751057
Om;0.047308937
chanting;0.04794922
mentioned;0.047758684
in;0.047452264
the;0.047537547
image;0.047382466
is;0.047302123
to;0.047473826
meditate;0.048042495
and;0.047724646
chant;0.047545914
deep;0.047335602
mantra;0.048133984
chants;0.048130386
for;0.047427695
positive;0.04752084
transformation.;0.047916003
