text;attention
The;0.047286198
purpose;0.047355823
of;0.04739638
the;0.04741317
Om;0.04743188
chanting;0.047550946
mentioned;0.047818057
in;0.047787655
the;0.047644924
image;0.047357656
is;0.047222357
to;0.047898546
meditate;0.048100352
and;0.047307994
chant;0.047545556
deep;0.04751085
mantra;0.04820204
chants;0.04791894
for;0.047271065
positive;0.047567707
transformation.;0.04841194
