text;attention
The;0.04725073
purpose;0.047783904
of;0.047432084
the;0.047481906
Om;0.04735504
chanting;0.04776477
mentioned;0.047895692
in;0.047496114
the;0.047488227
image;0.047413867
is;0.047297403
to;0.047648333
meditate;0.048134916
and;0.047601968
chant;0.04762346
deep;0.04745772
mantra;0.048166312
chants;0.047970183
for;0.047386114
positive;0.047544975
transformation.;0.04780632
