text;attention
The;0.009854758
quote;0.011049902
on;0.008353998
the;0.008200588
image;0.009418374
suggests;0.010585087
that;0.011155388
peace,;0.022012873
poetry,;0.02686557
and;0.008951453
power;0.012274516
are;0.009575755
important;0.008648344
aspects;0.009013957
of;0.009171694
life.;0.03832737
It;0.010591578
encourages;0.012019941
people;0.009098237
to;0.009850345
appreciate;0.009214066
these;0.008809925
qualities;0.008454743
and;0.008404797
strive;0.011607732
to;0.007907961
incorporate;0.008250954
them;0.007630137
into;0.007768981
their;0.007698907
daily;0.008040477
lives.;0.025017671
The;0.010276877
image;0.009444217
features;0.010145545
a;0.00836402
clock;0.012531715
with;0.00943225
a;0.0084896395
rose;0.0102681555
and;0.007974181
a;0.007381677
quote,;0.012062024
which;0.008176629
can;0.007831745
be;0.007677673
interpreted;0.008286551
as;0.008334101
a;0.0073821736
reminder;0.0079663545
to;0.0085999025
find;0.008255052
balance;0.010037173
between;0.010351988
the;0.0078109712
passage;0.009115611
of;0.0072855894
time;0.0077257147
and;0.008233714
the;0.0072302665
beauty;0.0074155214
of;0.007685027
life.;0.015391742
The;0.008591022
rose;0.009717336
symbolizes;0.014001039
love;0.008573784
and;0.007300163
appreciation,;0.00834742
while;0.007731054
the;0.0079148235
clock;0.007908078
represents;0.008682544
the;0.007258747
importance;0.007220737
of;0.0077108527
time;0.0072954907
and;0.0070886584
its;0.0071061635
value;0.0072485134
in;0.00735826
our;0.0071039917
lives.;0.010549847
The;0.0077305976
combination;0.008098972
of;0.0075351414
these;0.007146592
elements;0.008022779
in;0.007583726
the;0.007319452
image;0.0073012747
serves;0.0072915633
as;0.007085927
a;0.006979425
reminder;0.0071134246
to;0.0075311796
cherish;0.00916713
the;0.0073639075
moments;0.0071095037
and;0.0070981714
make;0.0077356035
the;0.0069417413
most;0.0070709805
of;0.0071910527
our;0.00677647
time;0.0071350434
on;0.0068082027
earth.;0.007163744
