text;attention
The;0.0100995945
quote;0.010470496
on;0.0066483896
the;0.006147839
image;0.009103034
suggests;0.010449955
that;0.010540323
peace,;0.04319375
poetry,;0.027305586
and;0.008775658
power;0.012461163
are;0.008346834
important;0.008986964
aspects;0.007972077
of;0.006333854
life.;0.031215025
It;0.009457722
encourages;0.017984457
people;0.007871496
to;0.0087516215
appreciate;0.010262644
these;0.011725002
qualities;0.010017702
and;0.008568382
strive;0.012452924
to;0.0067263367
incorporate;0.007890894
them;0.0076946537
into;0.0069407565
their;0.0062393667
daily;0.0064823064
lives.;0.024342572
The;0.009501143
image;0.011863625
features;0.0099256355
a;0.007949029
clock;0.023605023
with;0.0097886855
a;0.0066794865
rose;0.010072161
and;0.008353732
a;0.006351832
quote,;0.022257835
which;0.008598744
can;0.0072748675
be;0.0055366
interpreted;0.007792394
as;0.007912822
a;0.0061000506
reminder;0.009658173
to;0.008532126
find;0.0071642553
balance;0.009848653
between;0.0102071
the;0.0069982186
passage;0.0075014294
of;0.0065060733
time;0.009747802
and;0.008762492
the;0.006412697
beauty;0.007106478
of;0.0059308843
life.;0.01931562
The;0.008456317
rose;0.0101351645
symbolizes;0.012470569
love;0.008338879
and;0.006687891
appreciation,;0.010111399
while;0.0078068953
the;0.0062529217
clock;0.009117932
represents;0.008393945
the;0.006409277
importance;0.0071029454
of;0.007027015
time;0.0090501495
and;0.006357168
its;0.006267414
value;0.0063157966
in;0.0060564005
our;0.0057664076
lives.;0.012616466
The;0.007211867
combination;0.007812691
of;0.0063080494
these;0.0065259514
elements;0.0072512305
in;0.00611537
the;0.0056920266
image;0.006729956
serves;0.0063864994
as;0.005900817
a;0.0056789955
reminder;0.006967493
to;0.007835634
cherish;0.009983421
the;0.0066454755
moments;0.0076275226
and;0.0070263804
make;0.0071924743
the;0.0054866886
most;0.005967394
of;0.0060509583
our;0.0056420355
time;0.005743685
on;0.005356908
earth.;0.005404605
