text;attention
The;0.009972258
quote;0.010116338
on;0.0061932984
the;0.0058123586
image;0.008802791
suggests;0.010692515
that;0.009244514
peace,;0.10258991
poetry,;0.07879506
and;0.007792931
power;0.032476205
are;0.00735501
important;0.0076613375
aspects;0.007552291
of;0.0066314386
life.;0.029365389
It;0.01060468
encourages;0.016853385
people;0.009257539
to;0.0075392374
appreciate;0.00842099
these;0.008602995
qualities;0.009021178
and;0.0072891274
strive;0.010884902
to;0.005867741
incorporate;0.006689248
them;0.006284747
into;0.0058438065
their;0.0056051766
daily;0.0059397984
lives.;0.016582608
The;0.007905931
image;0.010138934
features;0.008176939
a;0.0069987187
clock;0.025640087
with;0.007858903
a;0.0058186427
rose;0.017950784
and;0.006823916
a;0.005365965
quote,;0.0180087
which;0.0071103405
can;0.0061257305
be;0.0051474054
interpreted;0.006840758
as;0.0062088626
a;0.005357611
reminder;0.0069620195
to;0.00711719
find;0.006052382
balance;0.006997627
between;0.007213565
the;0.0057505984
passage;0.0063026864
of;0.0054932125
time;0.0074191624
and;0.006571611
the;0.0055709435
beauty;0.006210697
of;0.005232312
life.;0.013212485
The;0.006213492
rose;0.009512762
symbolizes;0.008469696
love;0.0067686937
and;0.0055186762
appreciation,;0.0069129122
while;0.005807631
the;0.0053995806
clock;0.006346961
represents;0.006130396
the;0.005478119
importance;0.0059962226
of;0.0055282004
time;0.0066653546
and;0.0053310557
its;0.005483588
value;0.0058377604
in;0.0053495686
our;0.0053749164
lives.;0.008925825
The;0.005596922
combination;0.0061387015
of;0.0052034464
these;0.005335431
elements;0.0058740573
in;0.005473588
the;0.005259822
image;0.005889761
serves;0.0055939443
as;0.0051809372
a;0.0050592395
reminder;0.0056345365
to;0.006277787
cherish;0.0063630594
the;0.0052027283
moments;0.0058631157
and;0.005503603
make;0.005609935
the;0.004967712
most;0.005446007
of;0.0052783275
our;0.0051666694
time;0.0050910832
on;0.0049442
earth.;0.005068425
