text;attention
In;0.011166127
the;0.011178563
image,;0.011191241
|;0.011252234
can;0.011190808
see;0.011209326
a;0.011203525
variety;0.011262743
of;0.01120354
furniture,;0.011254122
including;0.011203611
a;0.01121757
couch,;0.011256717
a;0.0112055205
chair,;0.01121006
and;0.011193673
a;0.01117798
refrigerator.;0.011322524
The;0.011208572
couch;0.01131757
is;0.011184451
located;0.011194625
in;0.011194389
the;0.01119391
living;0.011175272
room,;0.011235766
while;0.011247306
the;0.011218164
chair;0.011234005
is;0.01118297
positioned;0.011260267
near;0.01116886
the;0.0111723095
dining;0.011218141
table.;0.011222201
The;0.011215616
refrigerator;0.011438585
is;0.011176422
situated;0.011187956
in;0.011183131
the;0.011173549
kitchen;0.011164286
area.;0.01124977
Additionally,;0.011297635
there;0.011230396
is;0.011207566
a;0.011192133
TV;0.011177766
in;0.011177978
the;0.011272573
living;0.01120758
room,;0.011269163
which;0.011240579
adds;0.011209244
to;0.011197307
the;0.011227773
cozy;0.011266763
and;0.011181021
functional;0.01123811
setup;0.011209609
of;0.0113005005
the;0.011246142
space.;0.01123791
The;0.01123543
presence;0.011296208
of;0.011237749
these;0.011206104
items;0.011182294
indicates;0.011216462
that;0.011262095
the;0.011294417
room;0.011226922
is;0.011202648
designed;0.011337106
to;0.011193382
accommodate;0.011327654
both;0.011198565
relaxation;0.011313674
and;0.011222741
dining;0.011368275
activities,;0.01141416
making;0.01125543
it;0.011294498
a;0.011299389
versatile;0.011342
and;0.011234365
comfortable;0.011278659
living;0.011251223
space.;0.011402796
