text;attention
In;0.011222047
the;0.011249024
image,;0.011232342
|;0.011237028
can;0.011223801
see;0.011234231
a;0.011231878
variety;0.011231092
of;0.011221662
furniture,;0.011261525
including;0.011226224
a;0.011219976
couch,;0.011229695
a;0.011221152
chair,;0.011219311
and;0.011230178
a;0.011216357
refrigerator.;0.011255005
The;0.011220069
couch;0.011246448
is;0.011223006
located;0.011221896
in;0.011221503
the;0.011242996
living;0.011217304
room,;0.011239173
while;0.011228291
the;0.011219764
chair;0.011223344
is;0.01121857
positioned;0.011236415
near;0.0112318555
the;0.011222145
dining;0.011225923
table.;0.011226092
The;0.0112222
refrigerator;0.011273579
is;0.011229031
situated;0.011222356
in;0.011222956
the;0.011232046
kitchen;0.011216864
area.;0.011229457
Additionally,;0.01126464
there;0.011249277
is;0.011221203
a;0.011235249
TV;0.01121923
in;0.011219995
the;0.011245678
living;0.011218932
room,;0.01124059
which;0.011233469
adds;0.011219005
to;0.011225553
the;0.011224016
cozy;0.011227668
and;0.01122561
functional;0.011234732
setup;0.011219583
of;0.0112658795
the;0.0112403715
space.;0.011225181
The;0.011264189
presence;0.011246793
of;0.011228422
these;0.011260782
items;0.011221016
indicates;0.011223773
that;0.011234611
the;0.011248868
room;0.011232949
is;0.011226346
designed;0.011240244
to;0.011240834
accommodate;0.011273136
both;0.01125108
relaxation;0.011252552
and;0.011238161
dining;0.011259315
activities,;0.011244064
making;0.01124788
it;0.01125055
a;0.011244361
versatile;0.011258047
and;0.011307891
comfortable;0.011251918
living;0.011226693
space.;0.011293846
