text;attention
The;0.50090146
bowl;0.09354416
in;0.08474583
the;0.07837032
image;0.07746866
is;0.08160855
small.;0.08336106
