text;attention
The;0.44527543
bowl;0.12151899
in;0.08456919
the;0.084879674
image;0.08739576
is;0.0862609
small.;0.09010008
