text;attention
The;0.03969819
full;0.015983162
name;0.023077738
of;0.019254448
this;0.01694473
Institute;0.03336923
is;0.03031936
"""Juilliard";0.21498376
"University"".";0.067594625
It;0.021514382
was;0.018590432
established;0.022035602
by;0.02106965
a;0.01646167
group;0.018700054
of;0.018389454
students;0.027733164
from;0.01957624
different;0.017699115
universities;0.028097944
and;0.021323793
institutions,;0.030275233
including;0.024474692
Juilliard;0.045138303
School;0.017872386
of;0.015268296
Music,;0.023535
where;0.019713989
they;0.016827378
were;0.014557236
studying;0.01915312
music;0.016104085
theory;0.015596192
and;0.014477005
composition.;0.014590314
