text;attention
The;0.021946589
full;0.015222374
name;0.019386467
of;0.016435852
this;0.015703214
Institute;0.028005105
is;0.019177979
"""Juilliard";0.31156763
"University"".";0.04087835
It;0.018533912
was;0.016552791
established;0.018635375
by;0.024219362
a;0.01775926
group;0.017308487
of;0.016837837
students;0.021459201
from;0.022233417
different;0.019299917
universities;0.026728757
and;0.018892296
institutions,;0.024932362
including;0.023067003
Juilliard;0.03974139
School;0.017821334
of;0.016099678
Music,;0.021578299
where;0.017267937
they;0.01629168
were;0.015253764
studying;0.016890686
music;0.016515648
theory;0.016957229
and;0.015504606
composition.;0.015294211
