text;attention
The;2.2126746e-05
prominent;1.858563e-05
objects;1.9107092e-05
in;1.8049921e-05
the;3.0168778e-05
image;2.226809e-05
include;2.3172513e-05
a;1.998672e-05
train,;2.7516284e-05
a;2.2862107e-05
station;1.7378497e-05
platform,;4.4133812e-05
and;2.4783307e-05
a;2.700956e-05
train;1.7694796e-05
station.;0.9996451
