;ID;x;y;duration;pupil_r;pupil_l;word;word_number;distance
1403;1404;579.6408090591431;797.6974861621857;267.0;3.4418087005615234;3.441333770751953;;;
1404;1405;666.907808303833;795.5908834934235;400.0;3.512629191080729;3.484246571858724;the;2.0;9.590883493423462
1405;1406;695.2478915943818;792.8617613175336;566.0;3.520259183995864;3.494354248046875;key;3.0;3.970362516799417
1406;1407;738.851661233341;792.5342980553122;566.0;3.566019394818474;3.602975284352022;elements;4.0;6.534298055312206
1407;1408;873.3172160181507;789.4140287925457;975.0;3.4479533228380927;3.501556922649515;this;6.0;3.4140287925456505
