;ID;x;y;duration;pupil_r;pupil_l;word;word_number;distance
2370;2371;665.1285934448242;692.4939765930176;100.0;2.779118855794271;2.770248413085937;;;
2371;2372;744.3404555902248;779.401053498431;1367.0;2.843972927186547;2.838088244926639;man;3.0;0.0
2372;2373;901.9325523376465;777.649723649025;267.0;2.9042140415736606;2.8411788940429688;image?;7.0;0.0
