;number;text;x1;y1;x2;y2;y;diff_y;line;fixations;fix_distance;fix_duration;first_fix_duration;fix_number;pupil_l;pupil_r;distance;pupil;fix_duration_avg;go_past_time
0;0;What;549;770;598;786;778.0;;1;[np.float64(656.0), np.float64(658.0), np.float64(681.0)];[np.float64(12.953425334049939), np.float64(8.045083522796745), np.float64(8.734220431401354)];2192.0;1292.0;3;3.4416;3.4214;295.11450958251953;3.43;730.6667;1292.0
1;1;are;606;774;636;786;780.0;2.0;1;[np.float64(657.0), np.float64(659.0)];[np.float64(43.63534355163574), np.float64(13.621808052062988)];300.0;134.0;2;3.2834;;257.11450958251953;;150.0;766.0
2;2;the;644;770;672;786;778.0;2.0;1;[np.float64(649.0)];[np.float64(4.892875733582855)];1534.0;1534.0;1;3.2511;3.1915;221.11450958251953;3.22;1534.0;1534.0
3;3;prominent;681;770;775;790;780.0;2.0;1;[np.float64(650.0), np.float64(660.0), np.float64(661.0), np.float64(662.0), np.float64(668.0), np.float64(678.0), np.float64(679.0), np.float64(680.0), np.float64(682.0)];[np.float64(2.029987096786499), np.float64(4.380056789943183), np.float64(10.568881034851074), np.float64(11.634618983549217), np.float64(13.469496536254837), np.float64(0.0), np.float64(6.14434552192688), np.float64(2.4826461928232675), np.float64(2.547397918701222)];5143.0;400.0;9;3.4865;3.4447;118.11450958251953;3.47;571.4444;400.0
4;4;objects;783;770;850;790;780.0;0.0;1;[np.float64(651.0), np.float64(663.0), np.float64(669.0), np.float64(696.0), np.float64(697.0)];[np.float64(4.314065742492744), np.float64(16.385071468353203), np.float64(16.478206992149353), np.float64(82.95799732208252), np.float64(0.0)];2033.0;500.0;5;3.4289;3.342;43.11450958251953;3.39;406.6;500.0
5;5;in;858;770;872;786;778.0;2.0;1;[np.float64(652.0), np.float64(670.0), np.float64(688.0)];[np.float64(25.646215438842887), np.float64(20.56027045616736), np.float64(57.5211175608698)];799.0;100.0;3;3.6338;3.4591;21.11450958251953;3.55;266.3333;100.0
6;6;the;880;770;909;786;778.0;0.0;1;[np.float64(671.0), np.float64(698.0)];[np.float64(20.006658554077262), np.float64(0.0)];466.0;66.0;2;3.5157;3.4009;0.0;3.46;233.0;66.0
7;7;image?;918;770;986;790;780.0;2.0;1;[np.float64(653.0), np.float64(654.0), np.float64(655.0), np.float64(672.0), np.float64(673.0), np.float64(674.0)];[np.float64(8.07264498660436), np.float64(4.759018898010254), np.float64(14.886027336120605), np.float64(9.136693000793457), np.float64(0.0), np.float64(8.553868293762207)];1073.0;633.0;6;3.5447;;24.88549041748047;;178.8333;11006.0
