;number;text;x1;y1;x2;y2;y;diff_y;line;fixations;fix_distance;fix_duration;first_fix_duration;fix_number;pupil_l;pupil_r;distance;pupil;fix_duration_avg;go_past_time
0;0;What;592;770;641;786;778.0;;1;[];[];0.0;0.0;0;;;260.9325523376465;;;
1;1;is;649;770;662;786;778.0;0.0;1;[];[];0.0;0.0;0;;;239.93255233764648;;;
2;2;the;670;770;699;786;778.0;0.0;1;[];[];0.0;0.0;0;;;202.93255233764648;;;
3;3;man;708;774;746;786;780.0;2.0;1;[np.float64(2372.0)];[np.float64(0.0)];1367.0;1367.0;1;2.8381;2.844;155.93255233764648;2.84;1367.0;1367.0
4;4;doing;755;770;806;790;780.0;0.0;1;[];[];0.0;0.0;0;;;95.93255233764648;;;
5;5;in;815;770;829;786;778.0;2.0;1;[];[];0.0;0.0;0;;;72.93255233764648;;;
6;6;the;837;770;866;786;778.0;0.0;1;[];[];0.0;0.0;0;;;35.932552337646484;;;
7;7;image?;875;770;943;790;780.0;2.0;1;[np.float64(2373.0)];[np.float64(0.0)];267.0;267.0;1;2.8412;2.9042;0.0;2.87;267.0;267.0
