;number;text;x1;y1;x2;y2;y;diff_y;line;fixations;fix_distance;fix_duration;first_fix_duration;fix_number;pupil_l;pupil_r;distance;pupil;fix_duration_avg;go_past_time
0;0;Please;520;770;583;786;778.0;;1;[np.float64(3579.0)];[np.float64(0.0)];233.0;233.0;1;3.0169;3.0328;414.73533630371094;3.02;233.0;233.0
1;1;provide;592;770;660;790;780.0;2.0;1;[np.float64(3580.0)];[np.float64(0.0)];233.0;233.0;1;2.9937;2.9914;337.73533630371094;2.99;233.0;233.0
2;2;an;668;774;690;786;780.0;0.0;1;[np.float64(3581.0)];[np.float64(0.0)];200.0;200.0;1;3.0125;2.961;307.73533630371094;2.99;200.0;200.0
3;3;intricate;699;770;772;786;778.0;2.0;1;[np.float64(3582.0), np.float64(3584.0)];[np.float64(0.0), np.float64(0.0)];2534.0;367.0;2;3.1117;3.0792;225.73533630371094;3.1;1267.0;367.0
4;4;breakdown;781;770;883;786;778.0;0.0;1;[np.float64(3583.0)];[np.float64(0.0)];200.0;200.0;1;3.0356;3.0465;114.73533630371094;3.04;200.0;2367.0
5;5;of;892;770;910;786;778.0;0.0;1;[];[];0.0;0.0;0;;;87.73533630371094;;;
6;6;the;916;770;945;786;778.0;0.0;1;[np.float64(3585.0)];[np.float64(0.0)];434.0;434.0;1;3.2232;3.1416;52.73533630371094;3.18;434.0;434.0
7;7;image.;954;770;1015;790;780.0;2.0;1;[np.float64(3586.0)];[np.float64(0.0)];133.0;133.0;1;3.2367;3.1751;0.0;3.21;133.0;133.0
