;number;text;x1;y1;x2;y2;y;diff_y;line;fixations;fix_distance;fix_duration;first_fix_duration;fix_number;pupil_l;pupil_r;distance;pupil;fix_duration_avg;go_past_time
0;0;What;540;770;589;786;778.0;;1;[];[];0.0;0.0;0;;;389.4534973144532;;;
1;1;time;596;770;636;786;778.0;0.0;1;[np.float64(1909.0)];[np.float64(5.663164206913507)];933.0;933.0;1;3.2586;3.1917;342.4534973144532;3.23;933.0;933.0
2;2;does;644;770;689;786;778.0;0.0;1;[np.float64(1910.0)];[np.float64(9.408848762512207)];600.0;600.0;1;3.3791;3.2487;289.4534973144532;3.31;600.0;600.0
3;3;the;696;770;725;786;778.0;0.0;1;[];[];0.0;0.0;0;;;253.45349731445322;;;
4;4;clock;734;770;780;786;778.0;0.0;1;[np.float64(1911.0)];[np.float64(10.488469505310036)];333.0;333.0;1;3.2724;3.1526;198.45349731445322;3.21;333.0;333.0
5;5;on;788;774;810;786;780.0;2.0;1;[];[];0.0;0.0;0;;;168.45349731445322;;;
6;6;the;818;770;847;786;778.0;2.0;1;[np.float64(1912.0)];[np.float64(9.426381683349632)];167.0;167.0;1;3.308;3.1637;131.45349731445322;3.24;167.0;167.0
7;7;building;856;770;927;790;780.0;2.0;1;[np.float64(1913.0), np.float64(1914.0), np.float64(1915.0)];[np.float64(2.2228213718958614), np.float64(4.260578632354736), np.float64(5.100659370422477)];365.0;233.0;3;3.2452;;51.453497314453216;;121.6667;365.0
8;8;show?;936;770;995;786;778.0;2.0;1;[np.float64(1916.0)];[np.float64(0.0)];167.0;167.0;1;3.1803;;0.0;;167.0;167.0
