text;attention
The;0.008831726
image;0.00849578
shows;0.011405575
a;0.007788398
meal;0.011342507
arrangement;0.010891814
on;0.011274909
a;0.007976713
patterned;0.012535002
textile;0.010964153
surface.;0.029174842
At;0.0076261796
the;0.008212281
center;0.01108611
is;0.008665194
a;0.009339562
white,;0.0096937725
round;0.008006224
plate;0.021668706
that;0.008295697
contains;0.009263831
an;0.007386174
assortment;0.008060027
of;0.007970127
food;0.009488736
items.;0.016853083
There's;0.011446828
a;0.0077055874
can;0.008369021
of;0.008503413
Fanta;0.011618068
with;0.008326663
an;0.0065548588
orange;0.006690059
flavor,;0.01162613
which;0.007005669
seems;0.006977416
to;0.0064454745
be;0.0062831976
the;0.006839721
drink;0.008015405
of;0.0060627405
choice.;0.012756425
The;0.0074004857
food;0.006986842
items;0.007208736
include;0.008925855
what;0.006906969
appears;0.0073743076
to;0.007539024
be;0.0069209114
pasta;0.009213974
shells,;0.017816637
neatly;0.007180945
arranged;0.007917497
on;0.0073940465
one;0.006807489
side;0.010847978
of;0.007306569
the;0.0076228757
plate,;0.012620193
and;0.007821304
orange;0.009447948
wedges;0.014332797
with;0.008556773
some;0.006777898
of;0.006461852
the;0.006510158
peel;0.007043859
still;0.0060932315
attached,;0.007799097
placed;0.006987033
on;0.0061333408
the;0.0061043273
opposite;0.006364081
side.;0.010064444
Additionally,;0.008672839
there;0.006880456
are;0.006821315
orange-colored;0.009277405
crackers,;0.010057889
contributing;0.0072562676
to;0.006486077
the;0.006713717
color;0.006597988
theme,;0.0076374817
and;0.007189833
a;0.0067042676
whole,;0.007870003
unpeeled;0.007254599
carrot;0.0077207657
lying;0.006772459
beside;0.006560589
the;0.0062380745
other;0.0061406493
items;0.0065549556
on;0.006038549
the;0.006118879
plate.;0.008351659
The;0.006623427
background;0.0075056944
textile;0.007276581
has;0.007296945
a;0.0069684912
floral;0.007832797
pattern;0.0069656046
with;0.0069658076
a;0.006118022
mix;0.0062105474
of;0.006161473
vibrant;0.0064626797
colors,;0.007647935
adding;0.0065856567
a;0.006133207
decorative;0.00622009
backdrop;0.0062791607
to;0.0061240266
the;0.006299254
meal;0.006171229
presentation.;0.0062213624
