text;attention
The;0.0007259341
purpose;0.00059656193
of;0.00057595974
the;0.00073586503
Om;0.00080807024
chanting;0.00061491365
in;0.0006007797
the;0.00066423236
image;0.00079989515
is;0.0006810048
to;0.0006670468
promote;0.00061870646
positive;0.0006589929
transformation;0.00062111916
and;0.031028813
meditation.;0.16490725
The;0.0007408995
group;0.00063487457
of;0.00058699696
people;0.0009632531
is;0.00063134456
sitting;0.0005647666
in;0.0006283629
a;0.029761791
circle,;0.04315056
focusing;0.00061060325
on;0.0006003321
the;0.00075446157
chant,;0.0420732
which;0.0006403829
is;0.00063113327
a;0.03066903
deep;0.00065449683
mantra;0.00067095744
that;0.00068930426
helps;0.0006433343
them;0.0006539422
connect;0.000636866
with;0.00064681197
their;0.0006362255
inner;0.0006009613
selves;0.17111447
and;0.0307642
achieve;0.00061295624
a;0.00061993086
state;0.00060068193
of;0.03243258
mindfulness.;0.18943645
This;0.0006516006
practice;0.00059209444
can;0.000685556
lead;0.00061119196
to;0.00065597973
personal;0.00059570343
growth,;0.039083883
relaxation,;0.033405803
and;0.00062795123
stress;0.0005743389
reduction.;0.0026773608
The;0.0006799963
image;0.0006885665
also;0.000679065
suggests;0.00071573094
that;0.029842496
the;0.0007201973
Om;0.00073811866
chanting;0.0005919389
is;0.00071653846
being;0.0006499088
used;0.00060564815
as;0.0007264449
a;0.032686263
tool;0.00059201993
for;0.00064985326
positive;0.00075753435
transformation,;0.0513362
which;0.000639559
can;0.00064319506
be;0.0006135929
achieved;0.0006145094
through;0.00063301786
meditation;0.000596207
and;0.0006406499
mindfulness;0.0007653851
practices.;0.0009547125
