text;attention
The;0.06655839
man;0.06485231
is;0.06636167
performing;0.07087667
a;0.058303908
trick;0.06547192
on;0.06680641
his;0.057976298
skateboard,;0.08980631
jumping;0.060562246
in;0.05612534
the;0.053660024
air;0.05731005
while;0.055941995
riding;0.05489198
it.;0.054494426
