text;attention
The;0.058145452
man;0.05698343
is;0.060092393
performing;0.06530917
a;0.05820969
trick;0.06771911
on;0.058501832
his;0.059849035
skateboard,;0.12040835
jumping;0.06378199
in;0.055612177
the;0.052599575
air;0.05765614
while;0.056188118
riding;0.05400835
it.;0.054935172
