text;attention
The;0.06935272
man;0.061404854
is;0.067331664
performing;0.06354733
a;0.055573408
trick;0.067651704
on;0.0650578
his;0.057218235
skateboard,;0.11307547
jumping;0.060631033
in;0.05270447
the;0.050482847
air;0.054916214
while;0.055876777
riding;0.052308075
it.;0.05286742
