text;attention
Reaching;0.3587288
for;0.32444474
Home;0.3168265
