text;attention
Reaching;0.38541913
for;0.3347915
Home;0.2797894
