text;attention
Reaching;0.48922718
for;0.26207033
Home;0.24870251
