text;attention
The;0.14504038
predominant;0.13529877
airplane;0.14877214
on;0.13874568
display;0.1432522
is;0.13792767
blue.;0.15096316
