text;attention
In;0.012737385
the;0.0072562727
image,;0.02102791
|;0.0076669203
can;0.0073256847
see;0.010839988
a;0.0092176385
variety;0.0072691194
of;0.0093908785
furniture,;0.08421274
including;0.012750243
a;0.009067171
couch,;0.042966317
a;0.007041417
chair,;0.021776441
and;0.011368735
a;0.0074646217
refrigerator.;0.099626675
The;0.009982005
couch;0.011667071
is;0.009126302
located;0.008886472
in;0.0073345606
the;0.008305115
living;0.017174354
room,;0.032969587
while;0.009072954
the;0.007426441
chair;0.009223202
is;0.00710777
positioned;0.0071157673
near;0.006960065
the;0.00724533
dining;0.011534274
table.;0.01921037
The;0.007405222
refrigerator;0.01097783
is;0.00762504
situated;0.0067767636
in;0.006193903
the;0.0065926057
kitchen;0.012259973
area.;0.014480641
Additionally,;0.011434542
there;0.0071296585
is;0.006865189
a;0.0068519725
TV;0.012912263
in;0.0075090816
the;0.006455292
living;0.007915561
room,;0.012872417
which;0.0064211963
adds;0.0070560756
to;0.0063659516
the;0.007352391
cozy;0.008706525
and;0.0067804945
functional;0.01029098
setup;0.0094269635
of;0.006288255
the;0.007949261
space.;0.016136875
The;0.0064597493
presence;0.0064807246
of;0.00595167
these;0.0064691263
items;0.006995194
indicates;0.0075324555
that;0.0072926097
the;0.006240029
room;0.009305309
is;0.006698402
designed;0.007327955
to;0.0065926057
accommodate;0.0068343934
both;0.0066316733
relaxation;0.007739874
and;0.0067963493
dining;0.0074179117
activities,;0.00866867
making;0.006263124
it;0.0062774485
a;0.0059084715
versatile;0.0065238974
and;0.005768199
comfortable;0.00592478
living;0.0057305642
space.;0.005788077
