text;attention
In;0.013171061
the;0.012325617
image,;0.021307612
|;0.015609394
can;0.012277894
see;0.013245633
a;0.01178448
variety;0.011771311
of;0.010978499
furniture,;0.017694417
including;0.012403596
a;0.011072567
couch,;0.016426967
a;0.010580034
chair,;0.013838817
and;0.010627537
a;0.0097734835
refrigerator.;0.017620446
The;0.012192973
couch;0.0124010155
is;0.011583573
located;0.011567791
in;0.010624723
the;0.010787423
living;0.010516044
room,;0.014275606
while;0.011479204
the;0.01017083
chair;0.010376274
is;0.009793878
positioned;0.011221138
near;0.0107601
the;0.0101062525
dining;0.010432301
table.;0.014746743
The;0.010797606
refrigerator;0.011033707
is;0.010456456
situated;0.011108036
in;0.01015904
the;0.010183217
kitchen;0.010420933
area.;0.013493041
Additionally,;0.017491123
there;0.01068607
is;0.01045876
a;0.010284683
TV;0.011331903
in;0.010474318
the;0.010229776
living;0.010253465
room,;0.012371262
which;0.010246784
adds;0.011815569
to;0.0101758735
the;0.009991292
cozy;0.010565992
and;0.009926405
functional;0.009972986
setup;0.010687552
of;0.009538816
the;0.009475653
space.;0.012117603
The;0.01030926
presence;0.010646485
of;0.009900744
these;0.0100892475
items;0.009392654
indicates;0.010827092
that;0.010444927
the;0.009875935
room;0.010027564
is;0.009726843
designed;0.009957823
to;0.009474548
accommodate;0.010438867
both;0.01024178
relaxation;0.010245712
and;0.009984542
dining;0.009682834
activities,;0.010596673
making;0.010402951
it;0.009852035
a;0.009546147
versatile;0.0099981865
and;0.009382887
comfortable;0.009391856
living;0.009377246
space.;0.008891987
