text;attention
Title:;0.018074557
Vehicle;0.0127583165
Noise;0.012607447
and;0.0088615855
Vibration;0.010480693
Refinement.;0.88107264
Topic:;0.012368332
Woodhead;0.010023773
Publishing;0.008366894
in;0.00881682
Mechanical;0.008527202
Engineering.;0.008041759
