text;attention
Title:;0.13851926
Vehicle;0.12263504
Noise;0.104173705
and;0.06393808
Vibration;0.07401586
Refinement.;0.108035356
Topic:;0.11134929
Woodhead;0.067101635
Publishing;0.053862147
in;0.05846619
Mechanical;0.048094712
Engineering.;0.049808666
