text;attention
Title:;0.4698749
Vehicle;0.32832676
Noise;0.034782823
and;0.022211896
Vibration;0.025668908
Refinement.;0.07010805
Topic:;0.018870626
Woodhead;0.007996344
Publishing;0.005607337
in;0.00586216
Mechanical;0.005708792
Engineering.;0.0049814987
