text;attention
Title:;0.013602122
Vehicle;0.014137616
Noise;0.012229856
and;0.010543545
Vibration;0.011045994
Refinement.;0.8693843
Topic:;0.015606671
Woodhead;0.011792174
Publishing;0.010389827
in;0.010251697
Mechanical;0.010924517
Engineering.;0.010091633
