text;attention
Title:;0.018895507
Vehicle;0.015633015
Noise;0.015440941
and;0.01152033
Vibration;0.012542416
Refinement.;0.8489328
Topic:;0.020306995
Woodhead;0.012685479
Publishing;0.012640921
in;0.010915476
Mechanical;0.010471749
Engineering.;0.010014426
