text;attention
The;0.04099212
quote;0.044431645
on;0.033437535
the;0.029869622
image;0.034256373
is:;0.041275363
"""My";0.046777543
goal;0.045500368
is;0.032474063
not;0.03329919
to;0.03268969
be;0.032370403
better;0.044143565
than;0.0423957
anyone;0.0394575
else,;0.050629094
but;0.03013816
to;0.030050006
be;0.02928599
better;0.032688014
than;0.035676833
|;0.03016862
used;0.029477669
to;0.03112496
"be.""";0.03667195
-;0.029839456
Wayne;0.03163328
Dyer;0.029245295
