text;attention
The;0.047264848
quote;0.038490675
on;0.0300278
the;0.028659409
image;0.03735883
is:;0.053511422
"""My";0.06468838
goal;0.036124855
is;0.03234509
not;0.032689936
to;0.032873455
be;0.030441485
better;0.03535014
than;0.03574778
anyone;0.0346089
else,;0.054517742
but;0.033491615
to;0.03212324
be;0.029598186
better;0.03130033
than;0.032947365
|;0.031350918
used;0.027547648
to;0.028450893
"be.""";0.04134642
-;0.030327616
Wayne;0.028882766
Dyer;0.027932191
