text;attention
The;0.034910854
quote;0.051526625
on;0.037977025
the;0.0326354
image;0.041242693
is:;0.038376257
"""My";0.04141343
goal;0.045164227
is;0.03453599
not;0.034823935
to;0.0363252
be;0.033488244
better;0.03708315
than;0.035734136
anyone;0.035842173
else,;0.0370106
but;0.034313045
to;0.03295006
be;0.03207228
better;0.03250892
than;0.03309581
|;0.035084028
used;0.0331929
to;0.03152362
"be.""";0.03306683
-;0.031159328
Wayne;0.032102406
Dyer;0.030840913
