text;attention
The;0.035393666
quote;0.03665767
on;0.0328938
the;0.03112876
image;0.033147216
is:;0.039807957
"""My";0.039008964
goal;0.0382335
is;0.035935655
not;0.043416187
to;0.03689534
be;0.034858875
better;0.045745283
than;0.03883218
anyone;0.039717354
else,;0.040041097
but;0.034973357
to;0.034173157
be;0.03287776
better;0.03619403
than;0.035623472
|;0.031779647
used;0.03153755
to;0.032567337
"be.""";0.03540642
-;0.030845538
Wayne;0.031158717
Dyer;0.031149434
