text;attention
The;0.036195323
quote;0.036852475
on;0.033311024
the;0.03289016
image;0.034981605
is:;0.040639643
"""My";0.037927236
goal;0.03944474
is;0.035244424
not;0.034900974
to;0.033586755
be;0.03376186
better;0.04081134
than;0.03545088
anyone;0.039518245
else,;0.043345682
but;0.034730688
to;0.034166638
be;0.033878736
better;0.036947496
than;0.03496654
|;0.034937177
used;0.03315165
to;0.033994135
"be.""";0.03524805
-;0.03220761
Wayne;0.033713274
Dyer;0.033195633
