text;attention
The;0.154337
predominant;0.1475592
airplane;0.17937724
on;0.12113919
display;0.12959813
is;0.13064843
blue.;0.13734087
