text;attention
The;0.16101348
predominant;0.14630523
airplane;0.16716202
on;0.12933642
display;0.14370182
is;0.12541084
blue.;0.1270702
