text;attention
The;0.060757402
prominent;0.06106446
objects;0.06613504
in;0.059523974
the;0.057756353
image;0.05897827
include;0.06764523
a;0.062122505
train,;0.08302316
a;0.06108907
station;0.060971916
platform,;0.07060627
and;0.05826907
a;0.057039272
train;0.055217363
station.;0.059800655
