text;attention
The;0.11733481
predominant;0.14137647
airplane;0.08633154
on;0.052053206
display;0.057762407
is;0.05368477
blue,;0.07345683
with;0.0522527
additional;0.054048188
stripes;0.06392095
in;0.047165133
red,;0.056662012
white,;0.052728504
and;0.041840248
green.;0.04938226
