text;attention
The;0.047238115
purpose;0.047325023
of;0.047350615
the;0.047523763
Om;0.047270443
chanting;0.047975287
mentioned;0.048120357
in;0.047523644
the;0.047469623
image;0.04731355
is;0.047227647
to;0.047427673
meditate;0.047919627
and;0.04764686
chant;0.047677394
deep;0.047407623
mantra;0.048449613
chants;0.04826921
for;0.047255542
positive;0.04756744
transformation.;0.04804089
