text;attention
The;2.2230266e-16
quote;2.39688e-16
on;1.6442109e-16
the;1.5680913e-16
image;1.9129213e-16
suggests;2.0640655e-16
that;1.8455638e-16
peace,;6.2663683e-16
poetry,;3.9109954e-16
and;1.7703039e-16
power;2.952839e-16
are;1.7554019e-16
important;1.9482631e-16
aspects;1.9864012e-16
of;1.657859e-16
life.;1.0
It;2.522808e-16
encourages;3.113399e-16
people;1.799033e-16
to;1.7723851e-16
appreciate;2.1834667e-16
these;1.9459828e-16
qualities;2.5955334e-16
and;1.625762e-16
strive;1.8879828e-16
to;1.5640348e-16
incorporate;1.9756326e-16
them;1.6047325e-16
into;1.5565058e-16
their;1.5025004e-16
daily;1.5660289e-16
lives.;3.0668143e-16
The;1.836455e-16
image;1.9106677e-16
features;2.0233474e-16
a;1.7216858e-16
clock;3.5655415e-16
with;1.7519835e-16
a;1.5500471e-16
rose;3.0373236e-16
and;1.7935237e-16
a;1.5446756e-16
quote,;3.4034319e-16
which;1.6397135e-16
can;1.5249918e-16
be;1.4723495e-16
interpreted;1.7176056e-16
as;1.5912667e-16
a;1.5073227e-16
reminder;2.016536e-16
to;1.685496e-16
find;1.5982262e-16
balance;1.8890995e-16
between;1.8182891e-16
the;1.5258936e-16
passage;1.7045966e-16
of;1.5332221e-16
time;1.8723187e-16
and;1.6816811e-16
the;1.4919571e-16
beauty;1.7145614e-16
of;1.5001066e-16
life.;2.9690472e-16
The;1.6240884e-16
rose;2.0744692e-16
symbolizes;2.236406e-16
love;1.8180048e-16
and;1.551745e-16
appreciation,;1.9833348e-16
while;1.6715375e-16
the;1.5461435e-16
clock;1.8815263e-16
represents;1.8599607e-16
the;1.5012058e-16
importance;1.6249561e-16
of;1.5580799e-16
time;1.752625e-16
and;1.4983337e-16
its;1.5252127e-16
value;1.579269e-16
in;1.5347905e-16
our;1.5032515e-16
lives.;2.0597157e-16
The;1.5502246e-16
combination;1.7531668e-16
of;1.5154926e-16
these;1.5255386e-16
elements;1.6571634e-16
in;1.5215458e-16
the;1.4744123e-16
image;1.5367588e-16
serves;1.5939884e-16
as;1.4927712e-16
a;1.4860329e-16
reminder;2.1931835e-16
to;1.6708936e-16
cherish;1.8850683e-16
the;1.4671577e-16
moments;1.7023807e-16
and;1.5118086e-16
make;1.5504139e-16
the;1.4260868e-16
most;1.5308902e-16
of;1.5348139e-16
our;1.4632675e-16
time;1.4811883e-16
on;1.4488926e-16
earth.;1.4720968e-16
