text;attention
The;2.9247452e-16
quote;2.5521566e-16
on;1.9910743e-16
the;1.8860393e-16
image;2.1314876e-16
suggests;2.5184714e-16
that;2.1879441e-16
peace,;4.3306298e-16
poetry,;3.5557755e-16
and;2.0291448e-16
power;2.5342283e-16
are;1.9098953e-16
important;2.1403852e-16
aspects;2.1788737e-16
of;1.9694172e-16
life.;1.0
It;2.3285478e-16
encourages;3.2141653e-16
people;2.0872888e-16
to;1.8671478e-16
appreciate;2.5207012e-16
these;1.913965e-16
qualities;2.3793253e-16
and;1.9021373e-16
strive;2.343644e-16
to;1.8468737e-16
incorporate;2.1714722e-16
them;1.7939137e-16
into;1.791322e-16
their;1.7311759e-16
daily;1.7737513e-16
lives.;3.8832993e-16
The;2.0765672e-16
image;2.128465e-16
features;2.2139713e-16
a;2.007127e-16
clock;2.6817786e-16
with;1.9736966e-16
a;1.8580033e-16
rose;2.7175549e-16
and;1.8577058e-16
a;1.7747055e-16
quote,;2.8487552e-16
which;1.7742994e-16
can;1.8722117e-16
be;1.7140514e-16
interpreted;1.9587555e-16
as;1.812168e-16
a;1.7819438e-16
reminder;2.2898948e-16
to;1.8182405e-16
find;1.9071287e-16
balance;2.1983851e-16
between;2.080627e-16
the;1.7713104e-16
passage;1.9919707e-16
of;1.7918277e-16
time;2.0097242e-16
and;1.8091565e-16
the;1.7236902e-16
beauty;1.9530628e-16
of;1.7560917e-16
life.;3.1824923e-16
The;1.8649482e-16
rose;2.1259333e-16
symbolizes;2.40372e-16
love;1.9881827e-16
and;1.7634358e-16
appreciation,;2.1943717e-16
while;1.8245704e-16
the;1.789041e-16
clock;1.900433e-16
represents;2.0001485e-16
the;1.735904e-16
importance;1.890765e-16
of;1.7679487e-16
time;1.8968767e-16
and;1.7031408e-16
its;1.7272313e-16
value;1.8520452e-16
in;1.7671933e-16
our;1.7317638e-16
lives.;2.4487365e-16
The;1.7565339e-16
combination;1.7961253e-16
of;1.7377791e-16
these;1.7231576e-16
elements;1.9164929e-16
in;1.7316383e-16
the;1.7105633e-16
image;1.7473914e-16
serves;1.8485442e-16
as;1.7125679e-16
a;1.713548e-16
reminder;2.187702e-16
to;1.7835625e-16
cherish;1.9908388e-16
the;1.7060799e-16
moments;1.9298007e-16
and;1.7031666e-16
make;1.7931885e-16
the;1.6903059e-16
most;1.7169503e-16
of;1.7085742e-16
our;1.6873746e-16
time;1.7636577e-16
on;1.6798089e-16
earth.;1.790461e-16
