text;attention
The;0.03538092
quote;0.035556465
on;0.035563774
the;0.0356855
image;0.03542935
is:;0.035799246
"""My";0.035733774
goal;0.035549827
is;0.03573675
not;0.035735067
to;0.035513453
be;0.035636194
better;0.035527762
than;0.035486814
anyone;0.035881262
else,;0.036185354
but;0.035728566
to;0.035480075
be;0.035587914
better;0.035569444
than;0.035532143
|;0.035770554
used;0.035757743
to;0.03572614
"be.""";0.03603093
-;0.03600524
Wayne;0.035894603
Dyer;0.036515165
