text;attention
The;0.03556791
quote;0.03560069
on;0.035579927
the;0.035712723
image;0.035552107
is:;0.03565356
"""My";0.035608172
goal;0.03561946
is;0.03558698
not;0.03568608
to;0.03556139
be;0.035709158
better;0.035574727
than;0.03559892
anyone;0.035955604
else,;0.03606516
but;0.035648454
to;0.035569556
be;0.03562289
better;0.035601918
than;0.03563068
|;0.035779525
used;0.03574212
to;0.03571954
"be.""";0.03608791
-;0.035807945
Wayne;0.035748396
Dyer;0.036408473
