text;attention
The;0.07977687
man;0.030366031
in;0.034993503
the;0.08257997
image;0.029218629
is;0.04537938
riding;0.031155193
skis;0.04198025
down;0.025969442
a;0.04653818
snow-covered;0.12211479
slope;0.026817545
while;0.03407992
holding;0.027943704
an;0.03344409
ax;0.026336597
in;0.034164965
his;0.03390945
hand.;0.21323156
