text;attention
The;0.059195638
man;0.054204553
in;0.04643872
the;0.03781386
image;0.05081557
is;0.060024425
riding;0.061217066
skis;0.060738295
down;0.0422597
a;0.0432242
snow-covered;0.050383337
slope;0.04723548
while;0.06447418
holding;0.054261554
an;0.039552957
ax;0.05520531
in;0.041889306
his;0.03841462
hand.;0.09265126
