text;attention
The;0.069213174
name;0.05977473
of;0.06113235
the;0.07823317
school;0.058898155
mentioned;0.059484232
in;0.053628273
the;0.09550298
image;0.058277532
is;0.07637558
Witch;0.05831414
School.;0.27116564
