text;attention
The;0.060043283
name;0.03842656
of;0.03285995
the;0.17687653
school;0.03957984
mentioned;0.039733417
in;0.031514782
the;0.2850479
image;0.041474134
is;0.040943317
Witch;0.046727315
School.;0.16677296
