;ID;x;y;duration;pupil_r;pupil_l;word;word_number;distance
2043;2044;672.9542927742004;760.6290861368179;533.0;2.5167722702026367;2.4056434631347656;;;
2044;2045;800.5621124267577;774.5170243263244;334.0;2.502513122558594;2.45584716796875;quote;4.0;0.0
2045;2046;902.3406188964844;770.9296113967896;175.0;2.532415771484375;2.5251953125;image?;7.0;0.0
