;ID;x;y;duration;pupil_r;pupil_l;word;word_number;distance
2842;2843;670.0145416259766;732.7403619289398;267.0;2.659818649291992;2.4774742126464844;;;
2843;2844;751.6647338867186;766.5434246063232;100.0;2.624766031901041;2.5438435872395835;happening;1.0;3.456575393676758
2844;2845;876.7807273864746;767.1764109134674;133.0;2.576274871826172;2.50711441040039;scene?;4.0;2.8235890865325928
