;ID;x;y;duration;pupil_r;pupil_l;word;word_number;distance
1819;1820;674.8700539725168;366.00965942655284;233.0;2.579199654715402;2.4642791748046875;;;
1820;1821;524.9881038665771;387.2354936599731;134.0;2.555797576904297;2.4315414428710938;reads:;5.0;29.235493659973088
1821;1822;673.9622325897216;386.8563623428344;133.0;2.560829162597656;2.454048156738281;yourself;7.0;24.856362342834416
1822;1823;1150.4197357177736;380.386431312561;167.0;2.53251953125;2.3866851806640623;before;15.0;22.386431312561
1823;1824;1270.573974609375;372.88320264816286;167.0;2.5281646728515623;2.450900268554688;lived;17.0;20.14354754660259
1824;1825;560.8002548217773;462.20904636383057;234.0;2.5755397251674106;2.454807826450893;Trust;23.0;22.209046363830566
1825;1826;1051.3135803222658;473.5738655090332;167.0;2.577828979492188;2.4897125244140623;is;31.0;33.573865509033226
1826;1827;1153.6672134399414;453.3579754829407;200.0;2.5317662556966147;2.414171854654948;attributed;32.0;13.46161616066828
1827;1828;920.9936828613281;468.6569437980652;200.0;2.5437342325846357;2.459215799967448;evolve,;28.0;27.559104713652086
