;ID;x;y;duration;pupil_r;pupil_l;word;word_number;distance
2051;2052;635.6652717590332;381.753011226654;200.0;2.740966796875;2.6649907430013022;;;
2052;2053;771.8117721557617;417.6619766235351;508.0;2.667960611979167;2.62410888671875;Jignesh;0.0;7.338023376464889
