;ID;x;y;duration;pupil_r;pupil_l;word;word_number;distance
2089;2090;582.0449924468994;753.7438824176788;400.0;2.455540974934896;2.2762908935546875;;;
2090;2091;751.2088230678014;762.3240823745728;233.0;2.338721139090402;2.2106192452566966;intricate;3.0;7.675917625427246
2091;2092;843.490742274693;764.4442389351981;234.0;2.344419206891741;2.2650299072265625;breakdown;4.0;5.555761064801914
2092;2093;718.2600574493408;771.5907969474792;133.0;2.3969459533691406;2.283710479736328;intricate;3.0;0.0
2093;2094;910.6587249755859;768.5942459106445;167.0;2.4447265625;2.3554656982421878;of;5.0;1.5524378097689542
2094;2095;1000.9722747802734;776.7918019294739;133.0;2.5123443603515625;2.4436264038085938;image.;7.0;0.0
