;ID;x;y;duration;pupil_r;pupil_l;word;word_number;distance
2262;2263;455.0852005004882;419.06967287063594;166.0;2.52601318359375;2.403875732421875;;;
2263;2264;550.8367710113525;422.1648427248001;133.0;2.573589324951172;2.4528160095214844;riding;6.0;2.83515727519989
2264;2265;682.8395462036132;421.2674345970153;167.0;2.5741241455078123;2.470135498046875;down;8.0;3.732565402984676
2265;2266;794.8024422781809;416.69919613429477;234.0;2.5241241455078125;2.4286934988839284;snow-covered;10.0;8.300803865705234
2266;2267;929.472662789481;425.6855901309422;233.0;2.525545392717634;2.4547903878348216;while;12.0;0.0
2267;2268;1006.8898162841797;427.4113068580627;200.0;2.5310567220052085;2.4489644368489585;holding;13.0;0.0
2268;2269;1090.3729705810547;429.44161033630365;341.0;2.4981353759765623;2.4096649169921878;ax;15.0;0.0
