;number;text;x1;y1;x2;y2;y;diff_y;line;fixations;fix_distance;fix_duration;first_fix_duration;fix_number;pupil_l;pupil_r;distance;pupil;fix_duration_avg;go_past_time
0;0;What;566;770;615;786;778.0;;1;[];[];0.0;0.0;0;;;267.08794555664053;;;
1;1;are;623;774;652;786;780.0;2.0;1;[np.float64(2283.0)];[np.float64(14.818527357918924)];234.0;234.0;1;2.3258;2.5087;230.09488399918206;2.42;234.0;234.0
2;2;the;660;770;689;786;778.0;2.0;1;[];[];0.0;0.0;0;;;193.08794555664053;;;
3;3;key;698;770;729;790;780.0;2.0;1;[np.float64(2284.0), np.float64(2285.0)];[np.float64(0.0), np.float64(0.0)];599.0;133.0;2;2.3659;2.5072;153.08794555664053;2.44;299.5;599.0
4;4;elements;737;770;822;786;778.0;2.0;1;[];[];0.0;0.0;0;;;60.087945556640534;;;
5;5;in;831;770;845;786;778.0;0.0;1;[];[];0.0;0.0;0;;;37.087945556640534;;;
6;6;this;853;770;886;786;778.0;0.0;1;[np.float64(2286.0)];[np.float64(0.0)];341.0;341.0;1;2.5458;2.6561;0.0;2.6;341.0;341.0
7;7;picture?;894;770;968;790;780.0;2.0;1;[];[];0.0;0.0;0;;;11.912054443359466;;;
