text;attention
The;0.10945816
website;0.117925264
mentioned;0.11334486
in;0.10109446
the;0.09914126
image;0.10353144
is;0.10372306
www.tamilkavithaial.com.;0.2517815
