text;attention
The;0.12169489
website;0.11404421
mentioned;0.11829714
in;0.10358199
the;0.10048523
image;0.1077437
is;0.103844
www.tamilkavithaial.com.;0.23030885
