text;attention
The;2.3149807e-11
bedroom;4.7750488e-11
in;1.8558053e-11
the;1.7358922e-11
image;2.2167318e-11
has;2.5383563e-11
a;2.0986756e-11
modern;2.7012883e-11
and;1.8138463e-11
stylish;2.5609988e-11
appearance,;4.119554e-11
featuring;2.5665636e-11
a;1.9187216e-11
large;1.9315438e-11
bed;2.3556112e-11
with;1.9684759e-11
white;2.1262672e-11
pillows;2.067542e-11
and;1.765638e-11
a;1.7083179e-11
white;1.8651771e-11
comforter.;1.0
The;3.0352172e-11
room;2.2579967e-11
is;1.9170608e-11
dimly;2.6136678e-11
lit,;2.4046981e-11
creating;2.0644328e-11
a;1.9960722e-11
cozy;2.0908126e-11
and;1.7037753e-11
intimate;1.84703e-11
atmosphere.;4.0675234e-11
The;2.0162105e-11
bed;1.9539247e-11
is;1.8752937e-11
positioned;2.4459745e-11
next;1.763114e-11
to;1.8156669e-11
a;1.7229811e-11
wall,;2.0956195e-11
and;1.8057377e-11
there;1.8165192e-11
is;1.7114685e-11
a;1.6728494e-11
lamp;1.973329e-11
on;1.6684775e-11
the;1.6574079e-11
nightstand,;2.2845741e-11
providing;1.7791636e-11
additional;1.7132157e-11
lighting;1.8702392e-11
in;1.6533096e-11
the;1.6039043e-11
room.;2.22193e-11
The;1.7109984e-11
overall;1.7448912e-11
ambiance;2.411312e-11
of;1.6323037e-11
the;1.702346e-11
bedroom;1.7654022e-11
is;1.8679825e-11
inviting;1.8445304e-11
and;1.6299113e-11
comfortable,;1.9411835e-11
making;1.6615005e-11
it;1.6573668e-11
an;1.6365027e-11
ideal;1.6200551e-11
space;1.6944031e-11
for;1.7299622e-11
relaxation;1.6911226e-11
and;1.606274e-11
rest.;1.624954e-11
