text;attention
The;1.1183162e-11
bedroom;1.4390091e-11
in;9.602373e-12
the;8.80471e-12
image;1.0467904e-11
has;9.883517e-12
a;9.208234e-12
modern;1.1606246e-11
and;8.75015e-12
stylish;1.0559729e-11
appearance,;1.25543e-11
featuring;1.0901499e-11
a;8.678712e-12
large;8.714025e-12
bed;9.4356675e-12
with;8.782889e-12
white;9.3320724e-12
pillows;9.773794e-12
and;8.373821e-12
a;8.220381e-12
white;8.747814e-12
comforter.;1.0
The;1.0497577e-11
room;1.0933527e-11
is;8.946742e-12
dimly;9.7290995e-12
lit,;1.0902935e-11
creating;9.0890195e-12
a;8.605311e-12
cozy;9.806677e-12
and;8.2543816e-12
intimate;8.8474705e-12
atmosphere.;1.4140077e-11
The;8.713775e-12
bed;8.506923e-12
is;8.741509e-12
positioned;1.0689728e-11
next;8.810674e-12
to;8.32474e-12
a;8.280937e-12
wall,;1.051503e-11
and;8.4664714e-12
there;8.617811e-12
is;8.203684e-12
a;8.174305e-12
lamp;8.93934e-12
on;8.142421e-12
the;8.032423e-12
nightstand,;1.029212e-11
providing;8.523278e-12
additional;8.843218e-12
lighting;9.200001e-12
in;8.195662e-12
the;8.310303e-12
room.;1.1242318e-11
The;8.236279e-12
overall;8.650336e-12
ambiance;9.953912e-12
of;8.282358e-12
the;8.43327e-12
bedroom;8.663165e-12
is;8.33138e-12
inviting;9.479285e-12
and;8.1573125e-12
comfortable,;9.490375e-12
making;8.451998e-12
it;8.156099e-12
an;8.057557e-12
ideal;8.164114e-12
space;8.152397e-12
for;8.275773e-12
relaxation;8.655072e-12
and;8.068076e-12
rest.;8.345391e-12
