text;attention
The;0.008891808
quote;0.008904377
"""Little";0.00893785
things;0.008882573
can;0.00889895
grow;0.008908308
"big""";0.008916011
is;0.00889613
significant;0.008909434
because;0.008882089
it;0.0088888835
emphasizes;0.008893742
the;0.008893092
importance;0.008880158
of;0.008879818
paying;0.008893164
attention;0.008887749
to;0.008883071
small;0.008885044
details;0.008883634
and;0.008902225
considering;0.008889941
their;0.008889174
potential;0.008888654
impact.;0.008888735
It;0.008882274
suggests;0.012400493
that;0.0088931285
seemingly;0.008894167
insignificant;0.009276369
occurrences;0.0088963015
or;0.008903902
actions;0.008889156
can;0.008897311
have;0.008888669
a;0.008884878
significant;0.008881946
impact;0.008879657
on;0.008879522
the;0.0088855885
bigger;0.00888301
picture,;0.008891372
and;0.008880604
that;0.008885189
one;0.008886129
should;0.008883392
not;0.008888949
underestimate;0.008908836
the;0.008895107
power;0.008881181
of;0.008879347
small;0.008883671
things.;0.008896113
This;0.008886627
quote;0.008916161
can;0.008888559
be;0.008893153
applied;0.008883329
in;0.008880677
various;0.008893915
contexts,;0.008913583
such;0.008886565
as;0.008889353
personal;0.0088862125
growth,;0.008901273
business,;0.008904028
or;0.00889129
even;0.008881162
global;0.008887876
issues,;0.008898121
as;0.008887903
it;0.008897179
reminds;0.008902484
us;0.008892873
to;0.008885268
be;0.0088832155
mindful;0.008898545
of;0.008906662
our;0.008886147
actions;0.008886027
and;0.008883265
the;0.008892785
potential;0.008890437
consequences;0.008882227
they;0.008884137
may;0.008890333
have.;0.008899863
It;0.008884978
encourages;0.008941253
us;0.008913741
to;0.008886782
take;0.008883043
a;0.008887523
holistic;0.008899766
view;0.008909385
of;0.008888391
life;0.008897382
and;0.008889178
recognize;0.0088870535
the;0.008885383
interconnectedness;0.0089271255
of;0.008900497
all;0.008897164
things,;0.00892308
even;0.008894608
if;0.008898284
they;0.0089026475
appear;0.008898715
small;0.0089022955
at;0.008899736
first;0.00890462
glance.;0.0089353565
