text;attention
The;0.062036984
man;0.062226463
is;0.062305775
performing;0.062232904
a;0.062223706
trick;0.06236832
on;0.062027864
his;0.06250992
skateboard,;0.06357942
jumping;0.06309277
in;0.06226345
the;0.062348586
air;0.062477466
while;0.06200135
riding;0.06333581
it.;0.062969185
