text;attention
The;0.062484223
man;0.06285392
is;0.0625534
performing;0.062399007
a;0.06233111
trick;0.062400535
on;0.062275328
his;0.06255218
skateboard,;0.062913306
jumping;0.06280157
in;0.062373426
the;0.06242115
air;0.062265567
while;0.062280696
riding;0.0626204
it.;0.06247424
