text;attention
The;0.061817437
man;0.062046133
is;0.06200262
performing;0.062131245
a;0.062147036
trick;0.06228504
on;0.061848212
his;0.06285744
skateboard,;0.06403842
jumping;0.06367076
in;0.06240537
the;0.06272337
air;0.06208923
while;0.061849788
riding;0.063363254
it.;0.06272464
