text;attention
The;0.05297519
quote;0.0508092
written;0.047430318
in;0.044861663
the;0.043509316
image;0.048259623
is:;0.0568517
"""forgive";0.062379133
yourself;0.047414314
for;0.043879047
not;0.044946164
knowing;0.046498954
what;0.04453679
you;0.04758549
didn't;0.054672007
know;0.045875274
before;0.04432992
you;0.044038467
lived;0.042886324
through;0.04167983
"it.""";0.044581234
