text;attention
The;0.047753595
quote;0.06093125
written;0.04790252
in;0.043730855
the;0.040608525
image;0.04967528
is:;0.057161957
"""forgive";0.07009665
yourself;0.05501387
for;0.043933593
not;0.045554686
knowing;0.04793028
what;0.04454905
you;0.04213088
didn't;0.04666085
know;0.0450426
before;0.04461547
you;0.040871024
lived;0.04225835
through;0.041497506
"it.""";0.042081214
