text;attention
The;0.050449315
quote;0.0495655
written;0.048820984
in;0.04619466
the;0.044261616
image;0.046529233
is:;0.054696884
"""forgive";0.060398705
yourself;0.048053272
for;0.04560197
not;0.04479187
knowing;0.04826677
what;0.044573702
you;0.045020595
didn't;0.04856275
know;0.04881874
before;0.045521077
you;0.04437056
lived;0.04612231
through;0.04386734
"it.""";0.04551219
