text;attention
Reaching;0.07142131
for;0.07083888
Home:;0.07178308
Global;0.0708952
Learning;0.0708728
on;0.0711144
Family;0.07104584
Reintegration;0.0716481
in;0.07080381
Low;0.07110842
and;0.07107875
Lower-Middle;0.07341757
Income;0.07176212
Countries;0.07220981
