text;attention
Reaching;0.07043589
for;0.07032282
Home:;0.07091892
Global;0.072129555
Learning;0.07129045
on;0.071237475
Family;0.07141566
Reintegration;0.071951516
in;0.070432246
Low;0.07269135
and;0.07093529
Lower-Middle;0.07375247
Income;0.07120572
Countries;0.07128061
