text;attention
The;0.089305714
man;0.020468816
in;0.01770067
the;0.20537153
image;0.02753294
is;0.03151105
riding;0.020278094
skis;0.023104003
down;0.016424678
a;0.035453845
snow-covered;0.022802928
slope;0.017537193
while;0.020127507
holding;0.015763268
an;0.020206481
ax;0.014846481
in;0.01583759
his;0.017393615
hand.;0.36833352
