text;attention
The;9.8255924e-08
image;1.6769553e-07
features;6.700491e-08
a;6.784209e-08
dining;4.9229946e-08
table;4.634801e-08
with;5.1889987e-08
a;5.4713162e-08
plate;5.4740354e-08
of;4.5059245e-08
food,;1.608393e-07
including;5.70062e-08
a;6.038024e-08
variety;4.1772065e-08
of;3.9242195e-08
snacks;4.9162384e-08
and;5.772919e-08
a;4.696766e-08
can;4.1139206e-08
of;4.0908297e-08
soda.;0.3829025
The;7.658552e-08
plate;5.0933924e-08
is;5.5203373e-08
placed;4.9191932e-08
on;5.0973384e-08
a;5.98278e-08
table;4.5635282e-08
with;5.882598e-08
a;4.839761e-08
colorful;4.9255586e-08
cloth,;1.3167934e-07
adding;5.0828532e-08
a;4.4792323e-08
touch;4.113693e-08
of;4.027615e-08
elegance;5.4994395e-08
to;4.0233303e-08
the;5.6935132e-08
scene.;0.45412728
There;8.506293e-08
are;5.5290357e-08
several;5.4417125e-08
carrots;6.3927935e-08
scattered;5.8534642e-08
across;5.5168844e-08
the;5.7810556e-08
plate,;1.2649659e-07
with;6.0900945e-08
some;4.75126e-08
of;3.9397815e-08
them;4.657256e-08
placed;5.2591854e-08
closer;5.5540916e-08
to;5.4098432e-08
the;4.469819e-08
edge;7.017743e-08
and;5.396379e-08
others;4.64715e-08
in;5.308219e-08
the;4.9820798e-08
middle.;0.16275327
Additionally,;1.255415e-07
a;5.5010347e-08
few;5.2387318e-08
oranges;6.926993e-08
are;5.0986316e-08
also;5.1985783e-08
present;7.473633e-08
on;6.8196194e-08
the;5.875831e-08
plate,;1.0574963e-07
adding;5.0326992e-08
a;4.5000498e-08
pop;5.2379022e-08
of;4.0408498e-08
color;6.042315e-08
to;4.274546e-08
the;5.54757e-08
arrangement.;1.00078196e-07
The;8.910779e-08
can;4.130904e-08
of;3.8888643e-08
soda;5.2734386e-08
is;5.8382945e-08
positioned;5.4022593e-08
next;4.687816e-08
to;5.6303808e-08
the;5.0858787e-08
plate,;1.03537424e-07
ready;6.0917266e-08
to;5.039769e-08
be;4.578821e-08
enjoyed;5.3798125e-08
alongside;5.992315e-08
the;6.248153e-08
snacks.;8.9468834e-08
The;8.895606e-08
overall;6.0102636e-08
scene;7.581892e-08
is;5.245615e-08
a;5.247647e-08
casual;4.2898435e-08
and;4.1616758e-08
inviting;4.721403e-08
dining;5.936945e-08
experience,;1.4041221e-07
with;5.8601334e-08
a;4.5441418e-08
mix;4.2902364e-08
of;4.6774375e-08
healthy;4.5147427e-08
and;4.832732e-08
indulgent;5.212687e-08
food;4.9415934e-08
options.;0.00021036492
