text;attention
The;2.0874825e-06
image;2.1785004e-06
features;1.2517952e-06
a;1.1388923e-06
dining;8.6092734e-07
table;8.5733535e-07
with;9.775524e-07
a;9.820797e-07
plate;8.493657e-07
of;7.0506337e-07
food,;3.0916053e-06
including;7.232547e-07
a;5.157208e-07
variety;5.8565917e-07
of;6.7487235e-07
snacks;7.4669725e-07
and;6.654603e-07
a;7.4978e-07
can;5.99263e-07
of;5.642988e-07
soda.;0.30553123
The;1.0867997e-06
plate;8.7763885e-07
is;9.967083e-07
placed;6.6786606e-07
on;8.2367876e-07
a;7.658334e-07
table;7.8125913e-07
with;7.2191636e-07
a;6.232687e-07
colorful;7.0010714e-07
cloth,;1.1755714e-06
adding;6.655942e-07
a;6.506632e-07
touch;5.767422e-07
of;6.154877e-07
elegance;1.1050078e-06
to;6.359714e-07
the;8.318793e-07
scene.;0.4134046
There;1.1647824e-06
are;9.908466e-07
several;1.0817207e-06
carrots;1.675416e-06
scattered;1.0665011e-06
across;1.0442685e-06
the;8.2022734e-07
plate,;3.826827e-06
with;7.2905857e-07
some;6.951188e-07
of;6.92895e-07
them;6.949432e-07
placed;7.6099695e-07
closer;6.837301e-07
to;6.308586e-07
the;6.717722e-07
edge;7.3022414e-07
and;5.911285e-07
others;7.0404144e-07
in;5.578835e-07
the;6.501063e-07
middle.;0.25262892
Additionally,;1.1797989e-06
a;7.3097874e-07
few;7.4021693e-07
oranges;1.0521345e-06
are;7.1073094e-07
also;7.0803566e-07
present;6.492407e-07
on;6.4618985e-07
the;8.021726e-07
plate,;1.4263022e-06
adding;6.0306064e-07
a;7.1739356e-07
pop;5.9232036e-07
of;6.1734005e-07
color;6.910894e-07
to;6.5024136e-07
the;6.92712e-07
arrangement.;1.0281168e-06
The;1.0659612e-06
can;6.433736e-07
of;6.5375457e-07
soda;7.376954e-07
is;9.402105e-07
positioned;7.597099e-07
next;7.2637073e-07
to;7.4419347e-07
the;7.4804944e-07
plate,;1.2504469e-06
ready;9.0511566e-07
to;7.328962e-07
be;5.923215e-07
enjoyed;7.5315603e-07
alongside;7.0111616e-07
the;9.176269e-07
snacks.;9.689576e-07
The;1.1496093e-06
overall;6.5360496e-07
scene;1.0877507e-06
is;8.360787e-07
a;1.0073442e-06
casual;6.4009805e-07
and;5.848593e-07
inviting;6.2009207e-07
dining;9.820694e-07
experience,;2.0050786e-06
with;6.498094e-07
a;6.6660095e-07
mix;5.8485153e-07
of;8.5507594e-07
healthy;6.6598585e-07
and;5.480963e-07
indulgent;6.341454e-07
food;7.4881024e-07
options.;0.028336585
