text;attention
The;7.188641e-18
image;5.862678e-18
shows;9.763423e-18
a;4.7705437e-18
meal;1.1212881e-17
arrangement;6.860286e-18
on;4.608942e-18
a;4.21285e-18
patterned;1.0737675e-17
textile;9.532233e-18
surface.;1.0
At;8.413322e-18
the;4.2318887e-18
center;6.1023637e-18
is;6.2228405e-18
a;4.8779767e-18
white,;1.0323722e-17
round;4.8115558e-18
plate;1.50769e-17
that;5.070919e-18
contains;7.616186e-18
an;4.6923214e-18
assortment;8.655855e-18
of;4.6846667e-18
food;7.957525e-18
items.;1.6330086e-17
There's;4.2559983e-16
a;4.6685395e-18
can;5.9883298e-18
of;5.5458047e-18
Fanta;1.2991102e-17
with;6.314064e-18
an;4.144673e-18
orange;5.026546e-18
flavor,;1.2223486e-17
which;4.3229344e-18
seems;4.0210027e-18
to;3.7074454e-18
be;3.641067e-18
the;3.823791e-18
drink;5.1948766e-18
of;3.816737e-18
choice.;9.504493e-18
The;4.655255e-18
food;4.6907642e-18
items;4.33527e-18
include;6.7250044e-18
what;4.1950014e-18
appears;4.7867313e-18
to;3.8540016e-18
be;4.096402e-18
pasta;9.493587e-18
shells,;1.2557015e-17
neatly;5.578565e-18
arranged;5.5110912e-18
on;4.6213365e-18
one;4.2191224e-18
side;5.396751e-18
of;4.3428512e-18
the;4.497627e-18
plate,;1.0041617e-17
and;4.7558625e-18
orange;6.2710965e-18
wedges;1.0646639e-17
with;5.0291353e-18
some;4.100357e-18
of;3.6291966e-18
the;3.838932e-18
peel;5.3025532e-18
still;3.8375556e-18
attached,;5.3365636e-18
placed;4.3646743e-18
on;3.7705155e-18
the;3.6096326e-18
opposite;4.2178345e-18
side.;6.6835226e-18
Additionally,;6.6607437e-18
there;4.202465e-18
are;5.0162404e-18
orange-colored;1.1465745e-17
crackers,;8.467188e-18
contributing;4.6391225e-18
to;3.909336e-18
the;3.7529945e-18
color;3.8269135e-18
theme,;4.6076417e-18
and;4.0552153e-18
a;4.1450682e-18
whole,;5.9843788e-18
unpeeled;7.77746e-18
carrot;4.78706e-18
lying;4.1354183e-18
beside;4.24055e-18
the;3.8887953e-18
other;3.840221e-18
items;4.067641e-18
on;3.6927803e-18
the;3.477526e-18
plate.;4.6928942e-18
The;4.48993e-18
background;5.2592218e-18
textile;5.6099137e-18
has;5.2832307e-18
a;4.245438e-18
floral;6.5037175e-18
pattern;4.6002475e-18
with;4.4463985e-18
a;3.667735e-18
mix;3.7910825e-18
of;3.990229e-18
vibrant;4.487105e-18
colors,;4.790074e-18
adding;4.354696e-18
a;3.8310614e-18
decorative;4.4553974e-18
backdrop;4.3432983e-18
to;3.7811596e-18
the;3.9564136e-18
meal;3.7925433e-18
presentation.;3.7350133e-18
