text;attention
The;2.4922648e-24
image;2.4408922e-24
shows;2.7225035e-24
a;2.3027363e-24
meal;3.4125835e-24
arrangement;3.544683e-24
on;2.2677881e-24
a;2.2112613e-24
patterned;3.657915e-24
textile;2.9172678e-24
surface.;1.0
At;2.343044e-24
the;2.140042e-24
center;2.6212239e-24
is;2.2959209e-24
a;2.4010246e-24
white,;3.6849456e-24
round;3.1018869e-24
plate;3.1751675e-24
that;2.0833824e-24
contains;2.5801329e-24
an;2.225062e-24
assortment;3.498725e-24
of;2.220636e-24
food;2.3802872e-24
items.;3.4010563e-24
There's;3.2619825e-22
a;2.204944e-24
can;2.348879e-24
of;2.3050827e-24
Fanta;3.979849e-24
with;2.2445848e-24
an;2.0863807e-24
orange;2.5068919e-24
flavor,;2.8691268e-24
which;2.0741995e-24
seems;2.0706893e-24
to;2.013069e-24
be;2.0578304e-24
the;2.1050398e-24
drink;2.4415162e-24
of;1.9772982e-24
choice.;2.6150118e-24
The;2.1102256e-24
food;2.1165219e-24
items;2.1334152e-24
include;2.4464576e-24
what;2.0675244e-24
appears;2.066712e-24
to;1.9664813e-24
be;2.1026162e-24
pasta;2.9807009e-24
shells,;3.303113e-24
neatly;2.643496e-24
arranged;2.580064e-24
on;2.2269305e-24
one;2.1382384e-24
side;2.5179807e-24
of;2.0622627e-24
the;2.0444427e-24
plate,;2.4953662e-24
and;2.1141981e-24
orange;2.6890407e-24
wedges;3.732751e-24
with;2.2016913e-24
some;2.160433e-24
of;2.043788e-24
the;2.0919436e-24
peel;2.2944063e-24
still;2.0129e-24
attached,;2.3456824e-24
placed;2.2402478e-24
on;2.0835177e-24
the;1.9816176e-24
opposite;2.1630637e-24
side.;2.3936537e-24
Additionally,;2.4211397e-24
there;1.9846587e-24
are;2.253748e-24
orange-colored;2.7507103e-24
crackers,;3.3033399e-24
contributing;2.4322946e-24
to;2.1617603e-24
the;2.0521548e-24
color;2.0404848e-24
theme,;2.2680648e-24
and;2.010736e-24
a;2.0464091e-24
whole,;2.3370547e-24
unpeeled;2.8414176e-24
carrot;2.3203097e-24
lying;2.2083027e-24
beside;2.1495817e-24
the;1.9960019e-24
other;1.9983484e-24
items;2.0747852e-24
on;2.0444896e-24
the;1.9761822e-24
plate.;2.199651e-24
The;2.0980091e-24
background;2.4388355e-24
textile;2.2878777e-24
has;2.3160564e-24
a;2.2489044e-24
floral;2.343831e-24
pattern;2.0648525e-24
with;2.2953693e-24
a;2.0619402e-24
mix;2.1450601e-24
of;2.219789e-24
vibrant;2.2274912e-24
colors,;2.1849574e-24
adding;2.118703e-24
a;2.0563395e-24
decorative;2.1925389e-24
backdrop;2.2526736e-24
to;2.0555161e-24
the;2.1403437e-24
meal;2.0288191e-24
presentation.;1.9729131e-24
