text;attention
The;0.0071493587
image;0.0071740067
features;0.009487165
a;0.0058785556
dining;0.0050519337
table;0.0061083515
with;0.0060777925
a;0.0062629515
plate;0.0058745206
of;0.0066100145
food,;0.015085486
including;0.0073927315
a;0.0054401364
variety;0.0048640845
of;0.006266785
snacks;0.005879331
and;0.007343294
a;0.005988885
can;0.00583745
of;0.0070836195
soda.;0.066495284
The;0.0075000348
plate;0.0055684433
is;0.010608527
placed;0.005558842
on;0.005246859
a;0.0055584563
table;0.0051233536
with;0.0060765278
a;0.0053057172
colorful;0.0051398566
cloth,;0.015415553
adding;0.0077076494
a;0.0054249903
touch;0.0060206265
of;0.0060975812
elegance;0.004549159
to;0.005956069
the;0.0061286907
scene.;0.058449224
There;0.0054925666
are;0.009140572
several;0.005510723
carrots;0.010889566
scattered;0.004841059
across;0.0048815296
the;0.0063553737
plate,;0.017232515
with;0.0062372624
some;0.0054553263
of;0.0051926086
them;0.0057562124
placed;0.005687103
closer;0.0050818664
to;0.0048120464
the;0.0056151953
edge;0.004863284
and;0.0069324994
others;0.005503629
in;0.0052290056
the;0.005416269
middle.;0.040477313
Additionally,;0.012645425
a;0.0048720567
few;0.0050193868
oranges;0.008595041
are;0.00991031
also;0.005000684
present;0.005637831
on;0.0051837754
the;0.0062718024
plate,;0.016700555
adding;0.006645963
a;0.0056356536
pop;0.005559218
of;0.0056170193
color;0.006407589
to;0.0053566108
the;0.0058248816
arrangement.;0.050899312
The;0.0068968753
can;0.0055843173
of;0.0060391016
soda;0.004778047
is;0.0078452425
positioned;0.0042194147
next;0.004856401
to;0.005279236
the;0.0058554704
plate,;0.015859006
ready;0.0062214253
to;0.0051527265
be;0.005219126
enjoyed;0.0048179044
alongside;0.005943812
the;0.0059818686
snacks.;0.039120425
The;0.006396829
overall;0.0062874644
scene;0.00796097
is;0.009684373
a;0.0054790364
casual;0.005178198
and;0.0057942504
inviting;0.0042312047
dining;0.004613586
experience,;0.013874763
with;0.005605451
a;0.0056245346
mix;0.0045496044
of;0.0058320034
healthy;0.004850264
and;0.00570357
indulgent;0.01336086
food;0.0043660407
options.;0.011761995
