text;attention
Reaching;0.072931014
for;0.065908246
Home:;0.07975106
Global;0.06983858
Learning;0.06760558
on;0.06414509
Family;0.06708935
Reintegration;0.07596894
in;0.067557335
Low;0.07580706
and;0.07019248
Lower-Middle;0.09089161
Income;0.06769782
Countries;0.06461571
