text;attention
Reaching;0.09248597
for;0.046242297
Home:;0.11743618
Global;0.058089547
Learning;0.06870434
on;0.05690504
Family;0.057689287
Reintegration;0.16421047
in;0.054317996
Low;0.06329581
and;0.057385337
Lower-Middle;0.07179418
Income;0.047530547
Countries;0.043913018
