text;attention
Reaching;0.08770418
for;0.044389054
Home:;0.109516256
Global;0.059178602
Learning;0.064864814
on;0.06710928
Family;0.060202606
Reintegration;0.17516387
in;0.0582095
Low;0.059430815
and;0.05484686
Lower-Middle;0.06874061
Income;0.048560802
Countries;0.04208277
