text;attention
A;3.2331585e-12
possible;2.4028494e-12
reason;2.386994e-12
the;2.1880696e-12
people;2.2526785e-12
in;2.1188413e-12
the;1.8506717e-12
image;2.636674e-12
are;2.0497226e-12
playing;2.721113e-12
Wii;4.593475e-12
at;2.2072086e-12
work;4.560189e-12
could;2.7608033e-12
be;2.280285e-12
that;2.3644734e-12
they;1.9820226e-12
enjoy;2.512599e-12
spending;2.3623501e-12
time;2.0025728e-12
together,;3.241136e-12
engaging;2.5615937e-12
in;1.8598048e-12
fun;2.0039484e-12
activities,;2.4602818e-12
and;1.8202779e-12
fostering;4.0644267e-12
a;1.7796447e-12
sense;2.0590326e-12
of;1.7487385e-12
camaraderie.;1.0
Wii;3.2614829e-12
games;2.2318256e-12
often;1.9204488e-12
involve;2.2687538e-12
physical;2.0361664e-12
movements,;2.2702168e-12
which;1.899172e-12
can;1.8360526e-12
help;1.9804395e-12
relieve;2.5934701e-12
stress,;2.0564774e-12
promote;1.9137753e-12
teamwork,;2.076128e-12
and;1.8018765e-12
enhance;2.2002396e-12
communication;1.8858704e-12
among;1.8158703e-12
players.;2.4552472e-12
By;1.8452752e-12
playing;1.845381e-12
together,;2.1921842e-12
they;1.8211739e-12
share;1.872544e-12
a;1.7448038e-12
common;1.8503506e-12
interest;1.8868492e-12
in;1.7483318e-12
a;1.7706587e-12
fun;1.8330853e-12
and;1.685612e-12
interactive;1.7566449e-12
way,;1.991071e-12
which;1.7392318e-12
can;1.7378821e-12
contribute;1.9991268e-12
to;1.7737752e-12
a;1.6957342e-12
positive;1.860738e-12
work;1.7418943e-12
environment.;2.1342745e-12
Additionally,;2.3304143e-12
playing;1.806188e-12
Wii;1.8678212e-12
at;1.7179169e-12
work;1.7941947e-12
might;1.895781e-12
encourage;2.125451e-12
employees;1.913323e-12
to;1.8374083e-12
engage;1.9151813e-12
in;1.7184645e-12
more;1.7197629e-12
physical;1.7842195e-12
activity,;1.9846217e-12
which;1.7597267e-12
can;1.7654587e-12
lead;1.8145165e-12
to;1.7410573e-12
improved;1.8167883e-12
health;1.8040602e-12
and;1.715265e-12
well-being.;2.2372213e-12
