text;attention
A;1.8579886e-13
possible;1.7070785e-13
reason;1.9404041e-13
the;1.5759464e-13
people;1.7395593e-13
in;1.4805973e-13
the;1.3926365e-13
image;2.3382227e-13
are;1.741571e-13
playing;2.1414664e-13
Wii;3.7380017e-13
at;1.8296401e-13
work;4.203646e-13
could;1.838445e-13
be;1.5566418e-13
that;1.5903469e-13
they;1.6934998e-13
enjoy;2.0885065e-13
spending;2.0772597e-13
time;1.5638494e-13
together,;2.7977176e-13
engaging;1.8713969e-13
in;1.4242867e-13
fun;1.4812187e-13
activities,;1.7979997e-13
and;1.4777028e-13
fostering;2.2173469e-13
a;1.419443e-13
sense;1.5525556e-13
of;1.3896143e-13
camaraderie.;1.0
Wii;2.8803723e-13
games;1.6730901e-13
often;1.4440502e-13
involve;1.6716164e-13
physical;1.4660914e-13
movements,;1.8826458e-13
which;1.489088e-13
can;1.4688932e-13
help;1.6710808e-13
relieve;1.8825666e-13
stress,;1.8594917e-13
promote;1.4561812e-13
teamwork,;1.7689295e-13
and;1.4285365e-13
enhance;1.7440776e-13
communication;1.5073625e-13
among;1.3748428e-13
players.;1.9580415e-13
By;1.4236296e-13
playing;1.3894341e-13
together,;1.6223324e-13
they;1.4626642e-13
share;1.543235e-13
a;1.3606694e-13
common;1.3989782e-13
interest;1.5084207e-13
in;1.3960752e-13
a;1.3982953e-13
fun;1.4213802e-13
and;1.3312782e-13
interactive;1.3418066e-13
way,;1.6079611e-13
which;1.3780037e-13
can;1.3809058e-13
contribute;1.4929899e-13
to;1.4010477e-13
a;1.3380804e-13
positive;1.3907785e-13
work;1.4043035e-13
environment.;1.72071e-13
Additionally,;1.7103539e-13
playing;1.3536543e-13
Wii;1.4513232e-13
at;1.3118768e-13
work;1.4351317e-13
might;1.4369423e-13
encourage;1.6642358e-13
employees;1.4913846e-13
to;1.6437115e-13
engage;1.4855901e-13
in;1.4093858e-13
more;1.3501887e-13
physical;1.3923259e-13
activity,;1.5501943e-13
which;1.3618196e-13
can;1.3529522e-13
lead;1.3472407e-13
to;1.393322e-13
improved;1.4476379e-13
health;1.3110437e-13
and;1.3755247e-13
well-being.;1.7013738e-13
