text;attention
A;1.0736971e-11
possible;9.394902e-12
reason;9.954178e-12
the;8.847352e-12
people;9.7619265e-12
in;8.477087e-12
the;7.0438017e-12
image;1.605738e-11
are;1.0363448e-11
playing;1.0947654e-11
Wii;2.6180183e-11
at;1.2920541e-11
work;2.3031336e-11
could;1.3160231e-11
be;8.380708e-12
that;9.96877e-12
they;9.1283535e-12
enjoy;1.2817646e-11
spending;8.792108e-12
time;7.882367e-12
together,;2.8979374e-11
engaging;8.589732e-12
in;7.361875e-12
fun;8.3496265e-12
activities,;1.1284854e-11
and;8.372048e-12
fostering;9.61887e-12
a;6.854618e-12
sense;6.86777e-12
of;6.869696e-12
camaraderie.;1.0
Wii;2.7314626e-11
games;1.1921843e-11
often;9.40853e-12
involve;8.482537e-12
physical;8.074788e-12
movements,;1.1115452e-11
which;8.0608e-12
can;7.583219e-12
help;7.75173e-12
relieve;8.553063e-12
stress,;1.1637924e-11
promote;7.558683e-12
teamwork,;1.0399566e-11
and;7.233018e-12
enhance;7.513163e-12
communication;7.377351e-12
among;6.784923e-12
players.;1.17245935e-11
By;7.826801e-12
playing;7.5245496e-12
together,;1.3232091e-11
they;8.834638e-12
share;7.9331056e-12
a;6.5922857e-12
common;7.2366752e-12
interest;7.975632e-12
in;7.3669595e-12
a;6.772834e-12
fun;6.9709603e-12
and;6.60811e-12
interactive;6.766907e-12
way,;9.840348e-12
which;7.0904545e-12
can;6.810959e-12
contribute;6.844323e-12
to;6.76194e-12
a;6.3744288e-12
positive;6.66937e-12
work;7.508879e-12
environment.;9.914917e-12
Additionally,;9.8644955e-12
playing;7.571583e-12
Wii;8.9517786e-12
at;6.8724345e-12
work;9.191038e-12
might;7.651007e-12
encourage;8.1686e-12
employees;7.982587e-12
to;7.223849e-12
engage;6.5435795e-12
in;6.487248e-12
more;6.6544908e-12
physical;7.0863302e-12
activity,;9.505012e-12
which;6.9804336e-12
can;6.6208267e-12
lead;6.5328177e-12
to;6.477319e-12
improved;6.6350614e-12
health;6.782012e-12
and;6.3460543e-12
well-being.;6.9762807e-12
