text;attention
A;1.6242822e-10
possible;1.15701795e-10
reason;1.4996192e-10
the;1.05103835e-10
people;1.1699289e-10
in;9.949247e-11
the;8.969592e-11
image;1.8702756e-10
are;1.1739525e-10
playing;1.3610583e-10
Wii;6.2565464e-10
at;1.6195494e-10
work;1.055227e-09
could;1.5190335e-10
be;1.3020444e-10
that;1.3055036e-10
they;1.3499359e-10
enjoy;1.7096388e-10
spending;1.5711019e-10
time;1.1365692e-10
together,;4.6458004e-10
engaging;1.1950625e-10
in;9.5164994e-11
fun;1.16254166e-10
activities,;1.6867521e-10
and;1.1387217e-10
fostering;1.560199e-10
a;9.612327e-11
sense;1.0065604e-10
of;9.034632e-11
camaraderie.;1.0
Wii;3.901493e-10
games;1.4226299e-10
often;1.059401e-10
involve;1.0665214e-10
physical;1.273038e-10
movements,;1.6839875e-10
which;1.087291e-10
can;9.5420546e-11
help;1.0803308e-10
relieve;1.5811637e-10
stress,;1.7548316e-10
promote;9.7004016e-11
teamwork,;1.5314264e-10
and;9.435096e-11
enhance;1.1401322e-10
communication;1.1140291e-10
among;9.200602e-11
players.;1.7594332e-10
By;1.1346501e-10
playing;1.1364283e-10
together,;1.7171882e-10
they;1.1409545e-10
share;1.1264754e-10
a;8.67807e-11
common;1.0107062e-10
interest;1.1918529e-10
in;8.896073e-11
a;9.1865564e-11
fun;1.0685799e-10
and;8.928677e-11
interactive;9.64695e-11
way,;1.2348478e-10
which;9.0903944e-11
can;8.85992e-11
contribute;8.981113e-11
to;8.828526e-11
a;8.3842606e-11
positive;9.268272e-11
work;1.2299115e-10
environment.;1.2759868e-10
Additionally,;1.3969512e-10
playing;9.825911e-11
Wii;1.2087575e-10
at;8.802061e-11
work;1.2557899e-10
might;9.5328495e-11
encourage;1.1182719e-10
employees;9.975926e-11
to;9.425851e-11
engage;9.646011e-11
in;8.466717e-11
more;8.677921e-11
physical;1.1083765e-10
activity,;1.269188e-10
which;9.237687e-11
can;8.9539515e-11
lead;8.4186325e-11
to;8.3880354e-11
improved;8.885017e-11
health;9.7424555e-11
and;8.506521e-11
well-being.;1.0294344e-10
