text;attention
The;0.17869334
predominant;0.080088444
airplane;0.0899972
on;0.09810697
display;0.0840694
is;0.09874886
blue.;0.3702957
