text;attention
This;0.025334058
page;0.024325356
shows;0.02434472
a;0.024284186
diagram;0.024269061
showing;0.024378363
how;0.024251979
vehicles;0.024273003
use;0.024306307
noise;0.024289839
and;0.024400162
vibration;0.024596997
reduction;0.024284173
systems;0.0243399
to;0.024351828
reduce;0.024321057
their;0.024325902
environmental;0.024293851
impact.;0.024545887
The;0.024388472
diagram;0.024364285
includes;0.024321256
various;0.024261665
components,;0.024483055
such;0.024271784
as;0.0243826
vehicle;0.02426077
body,;0.0245269
engine,;0.024427338
transmission,;0.02436522
differentials,;0.024484007
and;0.0242437
wheels,;0.024685666
that;0.024265403
are;0.024316322
used;0.024315383
for;0.0243148
noise;0.02436577
and;0.024416745
vibration;0.02459554
reduction.;0.024426654
