text;attention
The;0.051985916
man;0.052755818
in;0.05049065
the;0.04935749
image;0.054139514
is;0.051163975
riding;0.053716894
skis;0.065209225
down;0.052997585
a;0.051690757
snow-covered;0.053317968
slope;0.052355096
while;0.051900238
holding;0.051108778
an;0.050094243
ax;0.05574291
in;0.050745927
his;0.04800585
hand.;0.05322115
