text;attention
Did;0.11161312
the;0.110634856
artist;0.11135415
include;0.110317245
a;0.11055479
chicken;0.11202424
in;0.1104978
this;0.111072145
piece?;0.1119317
