text;attention
Did;0.11038262
the;0.11117783
artist;0.10963517
include;0.111274086
a;0.11047081
chicken;0.11110155
in;0.11239331
this;0.111515954
piece?;0.11204861
