text;attention
Did;0.11890668
the;0.107469454
artist;0.11510681
include;0.10706211
a;0.109053716
chicken;0.113278255
in;0.10699701
this;0.11011905
piece?;0.112007
