text;attention
Did;0.111275405
the;0.11117906
artist;0.110548355
include;0.11103827
a;0.11078754
chicken;0.11125536
in;0.111015804
this;0.111398354
piece?;0.11150179
