text;attention
Did;0.11164864
the;0.11088947
artist;0.11062763
include;0.11155962
a;0.11078836
chicken;0.11106477
in;0.111369506
this;0.110525064
piece?;0.1115269
