text;attention
The;3.315626e-07
website;3.1568604e-07
mentioned;2.8696542e-07
in;2.6359228e-07
the;3.0228844e-07
image;3.7253207e-07
is;3.0930153e-07
www.tamilkavithaial.com.;0.99999774
