text;attention
The;0.008840397
website;0.010612514
mentioned;0.007951996
in;0.0063181883
the;0.007395888
image;0.010478222
is;0.009143645
www.tamilkavithaial.com.;0.9392592
