text;attention
The;0.0034572722
website;0.0017010368
mentioned;0.0015234959
in;0.0016730597
the;0.003103169
image;0.0015886573
is;0.0023882983
www.tamilkavithaial.com.;0.984565
