text;attention
The;0.6203659
quote;0.02478434
written;0.020215256
in;0.01633604
the;0.016399913
image;0.016838398
is:;0.019329667
"""forgive";0.04110615
yourself;0.027640779
for;0.015798941
not;0.017168023
knowing;0.021713296
what;0.015539559
you;0.015118447
didn't;0.017723124
know;0.017915593
before;0.015912328
you;0.015006669
lived;0.015749117
through;0.014809499
"it.""";0.014528886
