text;attention
Title:;0.014164453
Vehicle;0.010415656
Noise;0.009689395
and;0.008789325
Vibration;0.009252447
Refinement.;0.89431524
Topic:;0.010350007
Woodhead;0.009426611
Publishing;0.008344497
in;0.008319844
Mechanical;0.008719263
Engineering.;0.008213442
