text;attention
Title:;0.015953884
Vehicle;0.015908465
Noise;0.013679781
and;0.011189801
Vibration;0.012215072
Refinement.;0.8559483
Topic:;0.015888764
Woodhead;0.013516018
Publishing;0.011569301
in;0.0111419875
Mechanical;0.011820014
Engineering.;0.011168553
