text;attention
The;0.039563786
quote;0.03758599
on;0.029981336
the;0.028741607
image;0.030100089
is:;0.052470833
"""My";0.0690715
goal;0.04340928
is;0.031513486
not;0.033585522
to;0.032948423
be;0.03353513
better;0.03211941
than;0.029619865
anyone;0.031021187
else,;0.040892903
but;0.034482647
to;0.02933458
be;0.03995471
better;0.035928518
than;0.040711407
|;0.03208792
used;0.04308579
to;0.025661448
"be.""";0.037272833
-;0.031051032
Wayne;0.025055112
Dyer;0.02921367
