text;attention
The;0.11635473
predominant;0.123140596
airplane;0.12255056
on;0.10943551
display;0.12900798
is;0.10506791
blue.;0.2944428
