text;attention
The;2.2557442e-12
bedroom;3.3095343e-12
in;2.0703387e-12
the;1.9447473e-12
image;2.1827173e-12
has;2.3135714e-12
a;2.1030744e-12
modern;2.2994761e-12
and;1.8795755e-12
stylish;2.2483818e-12
appearance,;2.6115583e-12
featuring;2.2058787e-12
a;1.9908925e-12
large;1.9937767e-12
bed;2.4449707e-12
with;2.0239732e-12
white;2.4137127e-12
pillows;2.322826e-12
and;1.8796939e-12
a;1.888718e-12
white;2.0476435e-12
comforter.;1.0
The;2.383259e-12
room;2.1783586e-12
is;1.908057e-12
dimly;2.167248e-12
lit,;2.224558e-12
creating;1.9771255e-12
a;2.0023896e-12
cozy;2.1273126e-12
and;1.8327635e-12
intimate;1.9186146e-12
atmosphere.;2.3211606e-12
The;1.9375536e-12
bed;2.02167e-12
is;1.9058745e-12
positioned;2.2871585e-12
next;1.925481e-12
to;1.992108e-12
a;1.9121664e-12
wall,;2.1818142e-12
and;1.8416223e-12
there;1.838576e-12
is;1.87348e-12
a;1.856707e-12
lamp;2.116224e-12
on;1.90718e-12
the;1.8375696e-12
nightstand,;2.171104e-12
providing;1.9163104e-12
additional;1.881071e-12
lighting;1.9899965e-12
in;1.852791e-12
the;1.8176826e-12
room.;2.0663542e-12
The;1.8567426e-12
overall;1.916749e-12
ambiance;2.2337928e-12
of;1.858624e-12
the;1.8852806e-12
bedroom;1.912732e-12
is;1.919537e-12
inviting;1.9511938e-12
and;1.8217504e-12
comfortable,;1.946317e-12
making;1.8148176e-12
it;1.8308946e-12
an;1.7910797e-12
ideal;1.8455359e-12
space;1.832498e-12
for;1.90861e-12
relaxation;1.8915913e-12
and;1.8034306e-12
rest.;1.7914828e-12
