text;attention
The;0.09080576
name;0.08154203
of;0.07715242
the;0.07593161
school;0.09490464
mentioned;0.08569084
in;0.07582141
the;0.07263871
image;0.07833198
is;0.07736273
Witch;0.08337823
School.;0.10643962
