text;attention
The;0.09537956
name;0.08330568
of;0.080343924
the;0.07908072
school;0.08527149
mentioned;0.08381117
in;0.07993582
the;0.073852904
image;0.07975455
is;0.0765427
Witch;0.078630656
School.;0.10409077
