;number;text;x1;y1;x2;y2;y;diff_y;line;fixations;fix_distance;fix_duration;first_fix_duration;fix_number;pupil_l;pupil_r;distance;pupil;fix_duration_avg;go_past_time
0;0;What;557;770;606;786;778.0;;1;[np.float64(7047.0)];[np.float64(0.0)];150.0;150.0;1;2.4787;2.5159;224.38183161055142;2.5;150.0;150.0
1;1;is;615;770;628;786;778.0;0.0;1;[];[];0.0;0.0;0;;;202.4068371353964;;;
2;2;the;636;770;664;786;778.0;0.0;1;[];[];0.0;0.0;0;;;166.46200479148007;;;
3;3;man;673;774;712;786;780.0;2.0;1;[np.float64(7048.0)];[np.float64(2.7610711073189993)];84.0;84.0;1;2.4427;2.405;118.9970190873238;2.42;84.0;84.0
4;4;doing;721;770;771;790;780.0;0.0;1;[np.float64(7049.0), np.float64(7056.0)];[np.float64(4.049446607260218), np.float64(0.0)];416.0;183.0;2;2.3663;2.4467;60.017635523015564;2.41;208.0;183.0
5;5;with;779;770;816;786;778.0;2.0;1;[np.float64(7057.0)];[np.float64(10.843142301478224)];200.0;200.0;1;2.5403;2.5199;17.419980592077714;2.53;200.0;200.0
6;6;the;824;770;853;786;778.0;0.0;1;[np.float64(7050.0), np.float64(7060.0)];[np.float64(7.6570183104656735), np.float64(10.157885718128227)];316.0;83.0;2;2.3732;2.402;10.157885718128227;2.39;158.0;83.0
7;7;skateboard?;862;770;978;786;778.0;0.0;1;[np.float64(7051.0), np.float64(7058.0), np.float64(7059.0)];[np.float64(9.457419866040482), np.float64(3.604330093302565), np.float64(7.139467269816237)];534.0;217.0;3;2.4913;2.4216;33.42889916584096;2.46;178.0;1200.0
