text;attention
The;0.013445016
bedroom;0.013552008
in;0.01348117
the;0.013581048
image;0.013474648
has;0.0134326415
a;0.013583974
modern;0.013539334
and;0.013458271
stylish;0.013545171
appearance,;0.013509921
featuring;0.013507202
a;0.0134976
large;0.01350715
bed;0.013454796
with;0.01346207
white;0.0135490345
pillows;0.013542673
and;0.0134438975
a;0.013479931
white;0.013472842
comforter.;0.013522822
The;0.013452038
room;0.013559819
is;0.013496565
dimly;0.013577715
lit,;0.013541043
creating;0.013506684
a;0.013502366
cozy;0.013516785
and;0.013456665
intimate;0.013542764
atmosphere.;0.013499202
The;0.0134656755
bed;0.0135272825
is;0.013490136
positioned;0.013556827
next;0.013453274
to;0.013472031
a;0.013446781
wall,;0.013508878
and;0.013503451
there;0.013500692
is;0.013491255
a;0.013460407
lamp;0.013462361
on;0.013456479
the;0.013548877
nightstand,;0.01356594
providing;0.01348749
additional;0.013501874
lighting;0.013536343
in;0.013473035
the;0.013454078
room.;0.0134970555
The;0.013480261
overall;0.013566253
ambiance;0.0136460215
of;0.013459536
the;0.013529289
bedroom;0.013504692
is;0.013452762
inviting;0.013668496
and;0.013475099
comfortable,;0.013685732
making;0.01353947
it;0.013559077
an;0.013506585
ideal;0.013478795
space;0.013476892
for;0.013569837
relaxation;0.013720907
and;0.01352038
rest.;0.013604863
