text;attention
The;0.066013455
predominant;0.067548335
airplane;0.066851586
on;0.066166595
display;0.06626054
is;0.066101015
blue,;0.06686932
with;0.066318914
additional;0.06634586
stripes;0.067293316
in;0.06613459
red,;0.06682828
white,;0.06744402
and;0.066682585
green.;0.06714158
