text;attention
The;0.06615134
predominant;0.06661136
airplane;0.066722795
on;0.06643952
display;0.06667008
is;0.06619748
blue,;0.067204356
with;0.066985264
additional;0.06648198
stripes;0.066759065
in;0.066578865
red,;0.0670289
white,;0.06688403
and;0.066856414
green.;0.06642857
