text;attention
The;0.062260125
man;0.062438805
is;0.062266205
performing;0.062364075
a;0.062173065
trick;0.062336825
on;0.06197091
his;0.06274738
skateboard,;0.06324665
jumping;0.06330177
in;0.062466126
the;0.06263696
air;0.0622584
while;0.061988212
riding;0.06284928
it.;0.06269521
