text;attention
The;0.06196874
man;0.062120553
is;0.062153757
performing;0.062291574
a;0.062182017
trick;0.062385064
on;0.062098004
his;0.06250299
skateboard,;0.064095624
jumping;0.063162155
in;0.062283088
the;0.06271314
air;0.062180173
while;0.06199059
riding;0.06333078
it.;0.0625417
