text;attention
The;0.00010375204
prominent;9.4962925e-05
objects;0.00010802208
in;8.3146064e-05
the;8.2354054e-05
image;8.4997926e-05
include;0.000110953486
a;9.019654e-05
train,;0.00011227187
a;8.416636e-05
station;7.6978824e-05
platform,;0.00010520173
and;8.558202e-05
a;9.2918235e-05
train;7.966933e-05
station.;0.99860483
