text;attention
The;0.061805453
prominent;0.062319834
objects;0.06218038
in;0.062355336
the;0.06248123
image;0.0620984
include;0.061903205
a;0.06295694
train,;0.06357148
a;0.06290452
station;0.06254015
platform,;0.06310206
and;0.06245758
a;0.06227579
train;0.062122412
station.;0.06292526
