text;attention
The;0.14304712
bowl;0.18608765
in;0.13762057
the;0.13019441
image;0.13843815
is;0.1298087
small.;0.13480343
