text;attention
The;0.04803015
man;0.054283258
in;0.048433222
the;0.04548894
image;0.054263987
is;0.05321471
riding;0.061375592
skis;0.09275318
down;0.055638842
a;0.050688583
snow-covered;0.057233967
slope;0.043967657
while;0.050802764
holding;0.05432164
an;0.045202967
ax;0.051410496
in;0.04572125
his;0.042596478
hand.;0.04457238
