text;attention
The;0.053704455
man;0.06067618
in;0.05205054
the;0.046767604
image;0.052353185
is;0.054834772
riding;0.055831913
skis;0.06824856
down;0.05642221
a;0.049144536
snow-covered;0.053904083
slope;0.048430573
while;0.052067358
holding;0.05310377
an;0.04608617
ax;0.05183589
in;0.051317055
his;0.045155425
hand.;0.048065767
