text;attention
The;0.051932015
man;0.05559316
in;0.05061651
the;0.04940216
image;0.05314901
is;0.052867327
riding;0.053739253
skis;0.061531674
down;0.05567629
a;0.05160204
snow-covered;0.057310764
slope;0.051293034
while;0.053296637
holding;0.052640095
an;0.04880388
ax;0.05169292
in;0.049863394
his;0.04786028
hand.;0.051129587
