text;attention
A;0.9951173
possible;4.147621e-05
reason;6.6976914e-05
the;4.7297395e-05
people;3.2092077e-05
in;2.7646955e-05
the;2.5304813e-05
image;4.9632334e-05
are;3.8043254e-05
playing;4.452324e-05
Wii;0.00017239316
at;4.5375622e-05
work;0.00056858914
could;6.867883e-05
be;4.9323313e-05
that;3.97679e-05
they;4.4537766e-05
enjoy;6.4067746e-05
spending;3.8325146e-05
time;4.813348e-05
together,;0.0005201642
engaging;3.404216e-05
in;2.9013632e-05
fun;3.866524e-05
activities,;7.5209005e-05
and;3.3962355e-05
fostering;4.262491e-05
a;2.9223515e-05
sense;2.9606224e-05
of;2.7441538e-05
camaraderie.;0.0005374707
Wii;8.7141016e-05
games;4.0475403e-05
often;3.6739853e-05
involve;3.1788328e-05
physical;4.079978e-05
movements,;5.1275903e-05
which;2.8493163e-05
can;2.563068e-05
help;2.9918843e-05
relieve;3.230099e-05
stress,;5.49935e-05
promote;2.9460329e-05
teamwork,;5.2853346e-05
and;2.4662611e-05
enhance;2.56082e-05
communication;3.0778003e-05
among;2.7819158e-05
players.;5.0993545e-05
By;3.1998257e-05
playing;3.119484e-05
together,;5.3220963e-05
they;3.081803e-05
share;3.1525553e-05
a;2.5098696e-05
common;2.8827106e-05
interest;3.6592188e-05
in;2.7711312e-05
a;2.623086e-05
fun;2.7636885e-05
and;2.3447557e-05
interactive;2.4651863e-05
way,;2.9604249e-05
which;2.3686878e-05
can;2.3441276e-05
contribute;2.6163856e-05
to;2.4020273e-05
a;2.411293e-05
positive;2.7222948e-05
work;4.125167e-05
environment.;3.9934246e-05
Additionally,;4.4817953e-05
playing;2.8951e-05
Wii;3.1496373e-05
at;2.6437172e-05
work;3.658856e-05
might;2.585842e-05
encourage;2.9539862e-05
employees;3.1635907e-05
to;2.5553334e-05
engage;2.4373654e-05
in;2.3677412e-05
more;2.5918243e-05
physical;2.7851756e-05
activity,;3.5531335e-05
which;2.3860362e-05
can;2.3135699e-05
lead;2.4043376e-05
to;2.2874929e-05
improved;2.6363958e-05
health;2.7028751e-05
and;2.2432487e-05
well-being.;2.5108151e-05
