text;attention
The;5.8591024e-07
purpose;6.1881616e-07
of;5.835864e-07
the;5.769305e-07
Om;6.6861827e-07
chanting;5.959644e-07
in;6.284425e-07
the;5.346666e-07
image;6.1684824e-07
is;5.23748e-07
to;5.6018206e-07
promote;6.4207364e-07
positive;5.209121e-07
transformation;5.0992463e-07
and;5.378871e-07
meditation.;0.12851167
The;7.5357883e-07
group;5.3512775e-07
of;5.113954e-07
people;6.011688e-07
is;6.35937e-07
sitting;5.397977e-07
in;5.0494987e-07
a;5.0978997e-07
circle,;8.5568155e-07
focusing;5.2573324e-07
on;5.660447e-07
the;6.472731e-07
chant,;9.424273e-07
which;5.178298e-07
is;5.212237e-07
a;5.177879e-07
deep;5.335506e-07
mantra;6.837421e-07
that;5.7780375e-07
helps;6.848684e-07
them;6.259763e-07
connect;4.8493314e-07
with;4.7175163e-07
their;5.1031134e-07
inner;4.846589e-07
selves;4.6802418e-07
and;5.6030393e-07
achieve;4.8876444e-07
a;4.8846437e-07
state;5.316768e-07
of;4.903275e-07
mindfulness.;0.603157
This;6.6540457e-07
practice;6.3403013e-07
can;6.9780106e-07
lead;4.9804527e-07
to;6.130006e-07
personal;5.28169e-07
growth,;9.010792e-07
relaxation,;8.154169e-07
and;5.864681e-07
stress;5.1013524e-07
reduction.;0.26826337
The;6.7553395e-07
image;6.078115e-07
also;6.2808834e-07
suggests;8.2194555e-07
that;5.4358844e-07
the;7.2958187e-07
Om;5.8971943e-07
chanting;5.6018956e-07
is;5.7524056e-07
being;5.078741e-07
used;5.8851816e-07
as;5.510404e-07
a;5.13802e-07
tool;5.436849e-07
for;6.580683e-07
positive;5.7805954e-07
transformation,;1.241141e-06
which;5.158818e-07
can;5.371151e-07
be;4.95196e-07
achieved;5.2297383e-07
through;6.8425936e-07
meditation;5.180106e-07
and;4.9229357e-07
mindfulness;4.864807e-07
practices.;1.9866366e-05
