text;attention
The;5.7467364e-08
bedroom;5.880884e-08
in;6.7956464e-08
the;5.302155e-08
image;5.516272e-08
has;5.2989048e-08
a;4.8746433e-08
clean;5.2293196e-08
and;4.4551133e-08
minimalist;5.5488474e-08
appearance,;6.235918e-08
featuring;5.6710814e-08
a;5.132672e-08
large;5.1949822e-08
bed;5.396608e-08
with;5.157003e-08
white;5.4485536e-08
sheets;4.705187e-08
and;4.775511e-08
pillows,;6.504538e-08
which;5.0557873e-08
gives;5.999683e-08
it;5.0527113e-08
a;5.058705e-08
fresh;5.6052354e-08
and;4.5350614e-08
inviting;5.264738e-08
look.;0.31022245
The;5.416836e-08
room;4.783387e-08
is;4.932137e-08
well-lit,;8.477991e-08
with;5.792786e-08
a;5.2083315e-08
light;5.150039e-08
on,;6.3924965e-08
creating;5.2350934e-08
a;4.7977508e-08
cozy;5.328026e-08
atmosphere.;0.3121476
The;5.828912e-08
overall;5.5346625e-08
atmosphere;5.5592132e-08
of;5.207745e-08
the;5.167766e-08
bedroom;5.7604147e-08
is;5.346972e-08
calm;5.3810258e-08
and;4.539955e-08
relaxing,;6.083706e-08
making;5.389326e-08
it;5.340673e-08
an;5.6526687e-08
ideal;5.4050865e-08
space;5.1542848e-08
for;5.4147236e-08
rest;5.5784223e-08
and;4.7492048e-08
rejuvenation.;0.37762696
