text;attention
Reaching;0.09048191
for;0.06712788
Home:;0.084198005
Global;0.06411862
Learning;0.06629534
on;0.06344226
Family;0.06554556
Reintegration;0.07695201
in;0.06244414
Low;0.06623013
and;0.06976375
Lower-Middle;0.09539539
Income;0.06870724
Countries;0.05929773
