text;attention
The;0.06330684
prominent;0.061334092
objects;0.06487234
in;0.05582226
the;0.054457325
image;0.060061608
include;0.06300777
a;0.059673022
train,;0.08684812
a;0.05640517
station;0.061325155
platform,;0.06906817
and;0.055910777
a;0.05394986
train;0.05410505
station.;0.07985244
