text;attention
The;0.064745806
prominent;0.067166746
objects;0.06741385
in;0.06130086
the;0.060891133
image;0.060113523
include;0.063765846
a;0.06094197
train,;0.071435764
a;0.060110334
station;0.060666114
platform,;0.06441272
and;0.058319636
a;0.05727437
train;0.058986865
station.;0.062454466
