;number;text;x1;y1;x2;y2;y;diff_y;line;fixations;fix_distance;fix_duration;first_fix_duration;fix_number;pupil_l;pupil_r;distance;pupil;fix_duration_avg;go_past_time
0;0;What;553;770;602;786;778.0;;1;[];[];0.0;0.0;0;;;302.23156160370627;;;
1;1;is;610;770;623;786;778.0;0.0;1;[];[];0.0;0.0;0;;;281.2510637277121;;;
2;2;the;631;770;660;786;778.0;0.0;1;[];[];0.0;0.0;0;;;244.29357889675484;;;
3;3;website;667;770;739;786;778.0;0.0;1;[2754];[np.float64(0.0)];234.0;234.0;1;2.8314;2.8618;165.44797541677485;2.85;234.0;234.0
4;4;mentioned;748;770;846;786;778.0;0.0;1;[2755];[np.float64(6.616219329833939)];91.0;91.0;1;2.8775;2.8926;59.31585909552971;2.89;91.0;91.0
5;5;in;855;770;869;786;778.0;0.0;1;[];[];0.0;0.0;0;;;37.15822434876302;;;
6;6;the;877;770;906;786;778.0;0.0;1;[2756];[np.float64(12.562090737479025)];108.0;108.0;1;;2.792;12.562090737479025;;108.0;108.0
7;7;image?;915;770;983;790;780.0;2.0;2;[];[];0.0;0.0;0;;;16.71701617447165;;;
