;number;text;x1;y1;x2;y2;y;diff_y;line;fixations;fix_distance;fix_duration;first_fix_duration;fix_number;pupil_l;pupil_r;distance;pupil;fix_duration_avg;go_past_time
0;0;Did;556;770;585;786;778.0;;1;[np.float64(2613.0)];[np.float64(1.1690342050040068)];166.0;166.0;1;2.7204;2.7526;344.92848664447814;2.74;166.0;166.0
1;1;the;593;770;622;786;778.0;0.0;1;[];[];0.0;0.0;0;;;307.94144635678083;;;
2;2;artist;630;770;676;786;778.0;0.0;1;[np.float64(2642.0)];[np.float64(1.3709204537528876)];116.0;116.0;1;2.661;2.6553;253.9671366500303;2.66;116.0;116.0
3;3;include;685;770;750;786;778.0;0.0;1;[np.float64(2614.0)];[np.float64(1.433121534494262)];216.0;216.0;1;2.7546;2.8009;180.02736866689895;2.78;216.0;216.0
4;4;a;758;774;768;786;780.0;2.0;1;[];[];0.0;0.0;0;;;162.3123928513139;;;
5;5;chicken;777;770;846;786;778.0;2.0;1;[np.float64(2615.0), np.float64(2616.0)];[np.float64(0.0), np.float64(4.610139846801758)];199.0;133.0;2;2.796;2.8554;84.26323505980302;2.83;99.5;199.0
6;6;in;856;770;870;786;778.0;0.0;1;[];[];0.0;0.0;0;;;60.439247274826606;;;
7;7;this;878;770;910;786;778.0;0.0;1;[np.float64(2617.0)];[np.float64(5.908298969268799)];366.0;366.0;1;2.803;2.7617;21.616020104411653;2.78;366.0;366.0
8;8;piece?;919;770;979;790;780.0;2.0;1;[np.float64(2618.0), np.float64(2643.0)];[np.float64(6.538681847708517), np.float64(8.62525408608576)];234.0;117.0;2;2.7496;2.6853;8.62525408608576;2.72;117.0;350.0
