text;attention
The;0.024007013
bedroom;0.05705393
in;0.013342192
the;0.009236105
image;0.014503043
has;0.017082721
a;0.014935131
modern;0.019178309
and;0.0117799025
stylish;0.022729987
appearance,;0.024769584
featuring;0.013202318
a;0.014964615
large;0.010278027
bed;0.054310553
with;0.013709261
white;0.014074435
pillows;0.015251278
and;0.012780104
a;0.009309954
white;0.009444045
comforter.;0.05988761
The;0.013070903
room;0.016761271
is;0.010811655
dimly;0.01981147
lit,;0.024565494
creating;0.009757353
a;0.008864034
cozy;0.017984228
and;0.008260658
intimate;0.010461244
atmosphere.;0.017246896
The;0.010138818
bed;0.020377364
is;0.008984755
positioned;0.010236389
next;0.0089502055
to;0.009203565
a;0.011075906
wall,;0.015055247
and;0.008508774
there;0.008822355
is;0.008138729
a;0.00869381
lamp;0.01958204
on;0.0084372815
the;0.008233926
nightstand,;0.0163812
providing;0.008556081
additional;0.008058013
lighting;0.008651828
in;0.0075705172
the;0.007598002
room.;0.010512088
The;0.008224442
overall;0.008068672
ambiance;0.009308194
of;0.007864915
the;0.007765741
bedroom;0.009934056
is;0.0080738375
inviting;0.010021482
and;0.008229999
comfortable,;0.009437214
making;0.0077373353
it;0.0076555
an;0.0073733334
ideal;0.007474092
space;0.0073613757
for;0.0076988214
relaxation;0.007949372
and;0.0072995014
rest.;0.0073298165
