text;attention
The;0.013833271
bedroom;0.018052977
in;0.013209481
the;0.012682255
image;0.0138426265
has;0.015056783
a;0.014284343
modern;0.018250808
and;0.013642582
stylish;0.015182229
appearance,;0.018186746
featuring;0.015460583
a;0.012994636
large;0.013637305
bed;0.015229073
with;0.013577812
white;0.015444042
pillows;0.015471617
and;0.013130022
a;0.01223388
white;0.013109216
comforter.;0.025515279
The;0.014159725
room;0.013162224
is;0.012739935
dimly;0.016893117
lit,;0.016899148
creating;0.013032873
a;0.012633274
cozy;0.01661664
and;0.011878788
intimate;0.0126725165
atmosphere.;0.017284589
The;0.012924355
bed;0.012715894
is;0.01239046
positioned;0.0129630985
next;0.013364844
to;0.012710773
a;0.012722201
wall,;0.0148292715
and;0.01245596
there;0.012321628
is;0.012408588
a;0.011948861
lamp;0.013787685
on;0.012275675
the;0.011786786
nightstand,;0.015611651
providing;0.0124688465
additional;0.012037805
lighting;0.012952176
in;0.011935049
the;0.0115967225
room.;0.013557777
The;0.011969054
overall;0.012469425
ambiance;0.01318175
of;0.011716701
the;0.011702959
bedroom;0.011861245
is;0.012157327
inviting;0.01299854
and;0.011677144
comfortable,;0.012967666
making;0.011945431
it;0.011778879
an;0.011542154
ideal;0.01168486
space;0.011491401
for;0.011797
relaxation;0.012093609
and;0.011369273
rest.;0.0118289795
