text;attention
The;0.5008541
prominent;0.033691823
objects;0.034920678
in;0.031354178
the;0.028075265
image;0.032745745
include;0.040805865
a;0.03199466
train,;0.048361544
a;0.028445475
station;0.03520693
platform,;0.04303422
and;0.027272219
a;0.026724063
train;0.027388586
station.;0.029124726
