text;attention
The;0.0048278575
predominant;0.0055819475
airplane;0.006170397
on;0.004672065
display;0.008200657
is;0.007301926
blue.;0.96324515
