text;attention
The;0.107744604
prominent;0.026695294
objects;0.032971896
in;0.02869718
the;0.17729919
image;0.03416109
include;0.03233089
a;0.05230617
train,;0.08878463
a;0.031816136
station;0.026855456
platform,;0.07643199
and;0.025348341
a;0.02794791
train;0.026815401
station.;0.20379381
