text;attention
The;0.068736404
prominent;0.043801684
objects;0.058074594
in;0.0432086
the;0.10001066
image;0.059933454
include;0.06469101
a;0.054862022
train,;0.08366983
a;0.04469413
station;0.034035727
platform,;0.080366775
and;0.04517021
a;0.040587433
train;0.033962533
station.;0.14419496
