text;attention
The;0.16523361
purpose;0.07247476
of;0.13110897
the;0.0872957
Om;0.035016675
chanting;0.15919219
mentioned;0.028694361
in;0.042648133
the;0.035820976
image;0.022050507
is;0.026503418
to;0.029562661
meditate;0.030050382
and;0.022590904
chant;0.01850016
deep;0.015536872
mantra;0.02007071
chants;0.017435087
for;0.013929234
positive;0.01277067
transformation.;0.013514025
