text;attention
The;0.056957684
purpose;0.048632905
of;0.044271205
the;0.043692216
Om;0.047509417
chanting;0.06708217
mentioned;0.046048302
in;0.045868833
the;0.042251345
image;0.04599075
is;0.045446638
to;0.046405107
meditate;0.05039927
and;0.04220675
chant;0.04521799
deep;0.047366567
mantra;0.049372487
chants;0.044108428
for;0.042191662
positive;0.041900143
transformation.;0.057080183
