text;attention
Reaching;0.39302844
for;0.3073608
Home;0.29961073
