text;attention
The;0.09075578
name;0.08662447
of;0.08150558
the;0.0810419
school;0.08593802
mentioned;0.08373797
in;0.08137331
the;0.0786923
image;0.08209517
is;0.081146404
Witch;0.08108093
School.;0.08600818
