text;attention
The;0.1182595
quote;0.03805968
on;0.03218582
the;0.028738417
image;0.043716162
is:;0.043242905
"""My";0.04834215
goal;0.03372902
is;0.031849008
not;0.030762063
to;0.032101627
be;0.03126845
better;0.0386426
than;0.033331152
anyone;0.03474003
else,;0.03968199
but;0.028635656
to;0.028113594
be;0.026504628
better;0.027331835
than;0.02710277
|;0.032067668
used;0.030919706
to;0.027995335
"be.""";0.030897666
-;0.026989833
Wayne;0.027719079
Dyer;0.027071614
