text;attention
The;0.61679846
quote;0.016957274
on;0.013860713
the;0.01285419
image;0.0156661
is:;0.017510451
"""My";0.0200527
goal;0.015016301
is;0.013945501
not;0.013741652
to;0.013550432
be;0.012925266
better;0.01585191
than;0.014013965
anyone;0.014800064
else,;0.017764436
but;0.01314669
to;0.01296976
be;0.0124459425
better;0.013309477
than;0.013014723
|;0.013811261
used;0.012297389
to;0.013003243
"be.""";0.014112063
-;0.0123364795
Wayne;0.012260659
Dyer;0.011982945
