text;attention
The;0.6286473
quote;0.016664777
on;0.01268085
the;0.011681976
image;0.014893464
is:;0.016227627
"""My";0.024480991
goal;0.014042128
is;0.013299996
not;0.013630962
to;0.0133416485
be;0.012668964
better;0.0151100075
than;0.0162698
anyone;0.015620491
else,;0.017536206
but;0.012301786
to;0.011834749
be;0.01156655
better;0.011954889
than;0.012000476
|;0.0139489835
used;0.011062573
to;0.012146982
"be.""";0.012314642
-;0.012132074
Wayne;0.011124282
Dyer;0.010814937
