text;attention
The;0.5447556
quote;0.018457623
on;0.01480661
the;0.0138573665
image;0.014435163
is:;0.015862633
"""My";0.020680461
goal;0.028051225
is;0.0154987
not;0.01494618
to;0.013542306
be;0.014708094
better;0.036407266
than;0.016469667
anyone;0.018096536
else,;0.019937258
but;0.013721233
to;0.013549747
be;0.01464351
better;0.018878242
than;0.01613381
|;0.014243218
used;0.014053962
to;0.015915433
"be.""";0.017091287
-;0.013446857
Wayne;0.01476312
Dyer;0.013046946
