text;attention
The;0.06269698
man;0.05584414
is;0.05054293
performing;0.062774904
a;0.054455735
trick;0.07262698
on;0.05537336
his;0.05020562
skateboard,;0.17379327
jumping;0.068126105
in;0.046309944
the;0.044713806
air;0.055276174
while;0.050614484
riding;0.048871625
it.;0.04777397
