text;attention
The;0.06630627
predominant;0.07242841
airplane;0.068484664
on;0.058469266
display;0.06464433
is;0.062398996
blue,;0.07373714
with;0.059915204
additional;0.058865134
stripes;0.075579226
in;0.058976445
red,;0.07631379
white,;0.064677715
and;0.05660993
green.;0.08259356
