text;attention
The;0.073755756
predominant;0.07588575
airplane;0.06897806
on;0.060410332
display;0.06182623
is;0.06527083
blue,;0.070008755
with;0.06681737
additional;0.06181818
stripes;0.06623339
in;0.06219145
red,;0.06578738
white,;0.060210474
and;0.05797387
green.;0.08283221
