text;attention
The;0.07043385
predominant;0.07719907
airplane;0.078256704
on;0.057267055
display;0.061641887
is;0.061897732
blue,;0.08791753
with;0.061265223
additional;0.061688274
stripes;0.069998264
in;0.05992046
red,;0.06377498
white,;0.056915384
and;0.05196991
green.;0.079853766
