text;attention
This;5.086876e-05
page;4.374001e-05
shows;4.335337e-05
a;4.1387764e-05
diagram;4.483855e-05
showing;4.3445587e-05
how;4.3045457e-05
vehicles;4.9401915e-05
use;4.399919e-05
noise;6.382325e-05
and;4.5892975e-05
vibration;6.236976e-05
reduction;5.290886e-05
systems;4.9191818e-05
to;4.4486893e-05
reduce;4.8043214e-05
their;4.3365817e-05
environmental;4.3053056e-05
impact.;0.99814045
The;5.0599887e-05
diagram;4.50374e-05
includes;4.7775018e-05
various;4.5938476e-05
components,;5.303384e-05
such;4.7547295e-05
as;4.4830507e-05
vehicle;4.456384e-05
body,;5.4045504e-05
engine,;5.4813096e-05
transmission,;5.1290368e-05
differentials,;4.845074e-05
and;4.0148272e-05
wheels,;4.9008588e-05
that;4.0575254e-05
are;3.901165e-05
used;3.9290677e-05
for;4.179795e-05
noise;4.280365e-05
and;4.1682393e-05
vibration;4.097817e-05
reduction.;3.906549e-05
