text;attention
The;0.07316233
prominent;0.06178106
objects;0.063514985
in;0.058904555
the;0.05750742
image;0.061389197
include;0.061903615
a;0.05933171
train,;0.06917392
a;0.057705123
station;0.060072556
platform,;0.06256985
and;0.05717428
a;0.056048717
train;0.05633141
station.;0.083429284
