text;attention
The;0.06825954
prominent;0.058642615
objects;0.07061636
in;0.056662224
the;0.054499272
image;0.061282482
include;0.06470279
a;0.056932427
train,;0.08275264
a;0.055456374
station;0.059739687
platform,;0.06781434
and;0.056722827
a;0.053114913
train;0.054099802
station.;0.07870173
