text;attention
The;0.20799576
predominant;0.12916352
airplane;0.13381225
on;0.15876216
display;0.11728059
is;0.12857282
blue.;0.12441292
