text;attention
In;2.9727448e-14
the;1.9811364e-14
image,;4.319481e-14
|;2.642214e-14
can;2.3639748e-14
see;2.9411783e-14
a;2.1061266e-14
variety;2.3957626e-14
of;2.070163e-14
furniture,;6.804979e-14
including;2.2309762e-14
a;2.0807163e-14
couch,;4.399444e-14
a;1.8933255e-14
chair,;3.0218056e-14
and;1.9784325e-14
a;1.9089976e-14
refrigerator.;1.0
The;2.6969854e-14
couch;2.6334244e-14
is;1.9753708e-14
located;2.3539727e-14
in;1.8828065e-14
the;1.8853002e-14
living;2.4414495e-14
room,;3.230665e-14
while;2.1692597e-14
the;1.9497223e-14
chair;2.4587591e-14
is;1.9193812e-14
positioned;2.327671e-14
near;2.209253e-14
the;2.0604722e-14
dining;2.5841647e-14
table.;2.8855123e-14
The;1.9534894e-14
refrigerator;3.552993e-14
is;1.8483557e-14
situated;2.0263273e-14
in;1.8736962e-14
the;1.8671354e-14
kitchen;2.1305914e-14
area.;2.4988512e-14
Additionally,;2.2965413e-14
there;1.8622168e-14
is;1.8539803e-14
a;1.9345089e-14
TV;2.5079233e-14
in;1.9563307e-14
the;1.9655764e-14
living;1.9443672e-14
room,;2.1009792e-14
which;1.938572e-14
adds;1.9832004e-14
to;1.9717496e-14
the;1.9337378e-14
cozy;2.5321679e-14
and;1.888136e-14
functional;2.3905316e-14
setup;2.4046439e-14
of;1.8343007e-14
the;1.9123942e-14
space.;2.6745836e-14
The;1.9223049e-14
presence;2.1122013e-14
of;1.8614852e-14
these;1.9333949e-14
items;2.0017116e-14
indicates;2.0766051e-14
that;2.0611366e-14
the;1.8845704e-14
room;2.0387016e-14
is;1.8935278e-14
designed;2.0345218e-14
to;1.8815392e-14
accommodate;2.1791254e-14
both;2.085329e-14
relaxation;2.098112e-14
and;1.9925506e-14
dining;2.0053803e-14
activities,;2.0232954e-14
making;1.8987138e-14
it;1.8330101e-14
a;1.871496e-14
versatile;2.0392852e-14
and;1.7851877e-14
comfortable;1.9329045e-14
living;1.8063894e-14
space.;1.832276e-14
