text;attention
The;0.052885395
man;0.052457996
in;0.04940285
the;0.048312835
image;0.052627586
is;0.050730553
riding;0.05524597
skis;0.071048126
down;0.055881422
a;0.054950498
snow-covered;0.05795496
slope;0.047995087
while;0.050344598
holding;0.052100487
an;0.048233494
ax;0.054275513
in;0.048736334
his;0.04673988
hand.;0.050076354
