text;attention
The;0.072630756
purpose;0.05008661
of;0.045308746
the;0.090669334
Om;0.047911763
chanting;0.08280472
mentioned;0.047149334
in;0.03909839
the;0.06413726
image;0.04039219
is;0.03874488
to;0.0373107
meditate;0.047157764
and;0.036732536
chant;0.04137007
deep;0.035835043
mantra;0.04152416
chants;0.04018534
for;0.033561483
positive;0.03318549
transformation.;0.03420338
