text;attention
The;0.55759996
purpose;0.021842128
of;0.017358096
the;0.017207226
Om;0.018787837
chanting;0.09297816
mentioned;0.021645138
in;0.01684666
the;0.0155958105
image;0.017416136
is;0.02106121
to;0.02007841
meditate;0.023965875
and;0.016941955
chant;0.020149756
deep;0.016734766
mantra;0.020367583
chants;0.017657204
for;0.015373849
positive;0.014898873
transformation.;0.01549336
