text;attention
The;0.5671052
purpose;0.016968366
of;0.015553457
the;0.016119119
Om;0.022453822
chanting;0.11907369
mentioned;0.017685547
in;0.016001115
the;0.015560925
image;0.016837437
is;0.016028378
to;0.017510038
meditate;0.018804844
and;0.014921059
chant;0.017067133
deep;0.0158182
mantra;0.018704854
chants;0.015081816
for;0.014298816
positive;0.014394811
transformation.;0.014011405
