text;attention
Title:;0.0018076482
Vehicle;0.0010749382
Noise;0.000929039
and;0.0010453991
Vibration;0.0012268191
Refinement.;0.5577781
Topic:;0.0017416143
Woodhead;0.0010303418
Publishing;0.00092793076
in;0.001273176
Mechanical;0.0008393275
Engineering.;0.4303257
