text;attention
Did;0.110663906
the;0.11187104
artist;0.11020896
include;0.11167292
a;0.11091288
chicken;0.111246474
in;0.11135462
this;0.110321276
piece?;0.11174793
