text;attention
Reaching;0.6570158
for;0.021430476
Home:;0.050013375
Global;0.025174964
Learning;0.024935544
on;0.025451742
Family;0.022671064
Reintegration;0.0381321
in;0.022236394
Low;0.023933602
and;0.02156734
Lower-Middle;0.029434916
Income;0.019502115
Countries;0.018500598
