text;attention
Reaching;0.5374323
for;0.027696293
Home:;0.05417551
Global;0.030152041
Learning;0.030794274
on;0.029029757
Family;0.028344879
Reintegration;0.039968904
in;0.03094533
Low;0.037487067
and;0.03370595
Lower-Middle;0.06808549
Income;0.027016513
Countries;0.02516564
