text;attention
A;8.9872884e-08
possible;9.047451e-08
reason;1.02359955e-07
the;1.406227e-07
people;1.2563346e-07
in;8.369806e-08
the;1.0530467e-07
image;1.1105273e-07
are;1.3487285e-07
playing;1.0976437e-07
Wii;1.1126093e-07
at;1.07107624e-07
work;1.2144758e-07
could;1.0816315e-07
be;8.0186325e-08
that;1.03123625e-07
they;1.1593991e-07
enjoy;1.3840587e-07
spending;9.145287e-08
time;7.167082e-08
together,;2.3424171e-07
engaging;8.0889414e-08
in;7.9237694e-08
fun;8.3391235e-08
activities,;1.10089566e-07
and;1.039817e-07
fostering;1.0183833e-07
a;8.1851965e-08
sense;7.196148e-08
of;7.415167e-08
camaraderie.;3.4523495e-07
Wii;1.0622496e-07
games;1.03712225e-07
often;1.0937806e-07
involve;1.0129833e-07
physical;1.09501315e-07
movements,;1.515017e-07
which;8.4608466e-08
can;1.1459704e-07
help;9.825121e-08
relieve;1.11691385e-07
stress,;1.5276859e-07
promote;8.728458e-08
teamwork,;1.31717e-07
and;8.5553324e-08
enhance;1.03523185e-07
communication;9.193557e-08
among;8.037665e-08
players.;0.40507558
By;1.3507405e-07
playing;8.440184e-08
together,;2.0299034e-07
they;1.4921248e-07
share;1.13907454e-07
a;8.485671e-08
common;9.876499e-08
interest;9.751693e-08
in;8.553399e-08
a;8.3625544e-08
fun;8.5808516e-08
and;7.572314e-08
interactive;9.473928e-08
way,;1.2937782e-07
which;8.4686135e-08
can;1.18045804e-07
contribute;9.1683056e-08
to;8.326782e-08
a;8.730772e-08
positive;9.268587e-08
work;8.621413e-08
environment.;0.24919073
Additionally,;1.7329184e-07
playing;1.04645636e-07
Wii;8.901035e-08
at;9.992863e-08
work;9.1409525e-08
might;1.5296249e-07
encourage;1.3779253e-07
employees;1.0547382e-07
to;1.02852646e-07
engage;7.9350365e-08
in;7.684244e-08
more;1.15701766e-07
physical;9.789328e-08
activity,;1.2223597e-07
which;7.8682646e-08
can;1.17957015e-07
lead;8.1442e-08
to;9.098988e-08
improved;1.2028087e-07
health;1.0292868e-07
and;7.766494e-08
well-being.;0.345724
