text;attention
A;6.030803e-06
possible;5.5872383e-06
reason;7.7892555e-06
the;9.888219e-06
people;7.2577814e-06
in;5.690079e-06
the;5.9740632e-06
image;6.9928124e-06
are;8.701758e-06
playing;8.2077295e-06
Wii;6.3953444e-06
at;6.1825517e-06
work;6.3164557e-06
could;5.4849434e-06
be;5.7210077e-06
that;7.2179473e-06
they;7.1867016e-06
enjoy;9.657371e-06
spending;7.402263e-06
time;5.789367e-06
together,;1.40391785e-05
engaging;5.765405e-06
in;5.0584867e-06
fun;5.3749886e-06
activities,;7.123284e-06
and;5.4061056e-06
fostering;6.9099137e-06
a;4.643385e-06
sense;5.427855e-06
of;5.063695e-06
camaraderie.;3.8956714e-05
Wii;6.359188e-06
games;7.430774e-06
often;6.113874e-06
involve;8.2558845e-06
physical;6.4415276e-06
movements,;9.720797e-06
which;5.354105e-06
can;7.310165e-06
help;6.7033875e-06
relieve;6.78548e-06
stress,;1.1479225e-05
promote;6.0808743e-06
teamwork,;7.3251063e-06
and;5.1996412e-06
enhance;6.5033205e-06
communication;6.283261e-06
among;5.407968e-06
players.;0.34324476
By;6.788333e-06
playing;5.816339e-06
together,;1.3572699e-05
they;8.731185e-06
share;8.77337e-06
a;5.3728463e-06
common;6.575125e-06
interest;7.274031e-06
in;6.0703646e-06
a;5.9369477e-06
fun;5.7591897e-06
and;4.877084e-06
interactive;6.4045603e-06
way,;8.689029e-06
which;5.353447e-06
can;5.754874e-06
contribute;6.5500158e-06
to;5.345019e-06
a;5.6112735e-06
positive;5.8037895e-06
work;5.161175e-06
environment.;0.23196085
Additionally,;1.0728771e-05
playing;7.0120122e-06
Wii;5.160801e-06
at;4.773643e-06
work;5.2694436e-06
might;6.845007e-06
encourage;8.802988e-06
employees;6.0063066e-06
to;5.801531e-06
engage;5.533274e-06
in;5.177725e-06
more;6.9219236e-06
physical;6.092984e-06
activity,;8.149077e-06
which;4.915476e-06
can;5.763612e-06
lead;5.5159817e-06
to;5.6126914e-06
improved;7.5756197e-06
health;5.8222386e-06
and;5.063618e-06
well-being.;0.42415965
