text;attention
The;0.08261767
name;0.08310534
of;0.0832186
the;0.083141774
school;0.0831146
mentioned;0.08272898
in;0.08346217
the;0.08336715
image;0.08309376
is;0.082815215
Witch;0.085016124
School.;0.08431859
