text;attention
The;0.083015285
name;0.08342877
of;0.083128415
the;0.08316726
school;0.083048016
mentioned;0.08297264
in;0.0833048
the;0.08329981
image;0.083196215
is;0.083004646
Witch;0.08383332
School.;0.08460083
