text;attention
The;0.08305429
name;0.08369753
of;0.083407216
the;0.08327404
school;0.0831614
mentioned;0.083022155
in;0.08337973
the;0.083343685
image;0.0832466
is;0.08305451
Witch;0.08380118
School.;0.08355766
