text;attention
The;0.053369198
man;0.054337323
in;0.050434917
the;0.049272127
image;0.05139934
is;0.052856185
riding;0.059931405
skis;0.06064059
down;0.05459568
a;0.051650587
snow-covered;0.05477467
slope;0.046800278
while;0.048497133
holding;0.051068228
an;0.048333466
ax;0.049169865
in;0.049717866
his;0.046785615
hand.;0.066365466
