text;attention
The;0.058036197
man;0.050901618
in;0.0462574
the;0.04609829
image;0.05309457
is;0.054832034
riding;0.064068
skis;0.06868869
down;0.053422075
a;0.05245455
snow-covered;0.059120666
slope;0.04544719
while;0.0505111
holding;0.048528954
an;0.046067927
ax;0.04706312
in;0.046831187
his;0.042890746
hand.;0.06568577
