text;attention
The;4.2572346e-15
purpose;3.4394169e-15
of;3.2037253e-15
the;3.119011e-15
Om;3.9279226e-15
chanting;8.478352e-15
in;3.3553497e-15
the;2.9205097e-15
image;3.9074778e-15
is;3.9284024e-15
to;3.4192448e-15
promote;3.5817254e-15
positive;3.4618074e-15
transformation;4.1851453e-15
and;3.1986941e-15
meditation.;1.0
The;3.9091032e-15
group;4.074387e-15
of;3.2140934e-15
people;3.5370273e-15
is;3.2028454e-15
sitting;3.505929e-15
in;3.0535197e-15
a;2.8826227e-15
circle,;4.459672e-15
focusing;3.3898288e-15
on;3.0961557e-15
the;2.9404082e-15
chant,;4.1223044e-15
which;3.1328198e-15
is;2.9312585e-15
a;3.0117802e-15
deep;3.0990037e-15
mantra;3.8097026e-15
that;3.023718e-15
helps;3.053659e-15
them;3.2946092e-15
connect;3.0690394e-15
with;3.072624e-15
their;2.9155452e-15
inner;3.063752e-15
selves;3.32453e-15
and;2.9120552e-15
achieve;3.075943e-15
a;2.8255308e-15
state;2.9264317e-15
of;2.805115e-15
mindfulness.;4.832865e-15
This;2.9586355e-15
practice;3.1534304e-15
can;2.9910228e-15
lead;3.018705e-15
to;3.204471e-15
personal;3.0415803e-15
growth,;3.6461736e-15
relaxation,;3.614433e-15
and;2.8158575e-15
stress;2.9886162e-15
reduction.;3.4807561e-15
The;2.8442613e-15
image;3.3076296e-15
also;2.9798052e-15
suggests;3.2868385e-15
that;3.299489e-15
the;2.90726e-15
Om;3.374308e-15
chanting;3.4047713e-15
is;2.9892093e-15
being;2.9353203e-15
used;2.982e-15
as;2.9620914e-15
a;2.8283455e-15
tool;3.0123204e-15
for;3.0765528e-15
positive;3.013849e-15
transformation,;3.3324402e-15
which;2.9321754e-15
can;2.845379e-15
be;2.779805e-15
achieved;2.8916538e-15
through;3.0481544e-15
meditation;3.247096e-15
and;2.8404553e-15
mindfulness;3.1653018e-15
practices.;2.8178885e-15
