text;attention
The;2.0224527e-12
purpose;1.4955615e-12
of;1.1860554e-12
the;1.1983001e-12
Om;1.5285096e-12
chanting;3.1823838e-12
in;1.3090003e-12
the;1.1563176e-12
image;1.2688236e-12
is;1.378078e-12
to;1.4691936e-12
promote;1.3612645e-12
positive;1.4818552e-12
transformation;1.5299067e-12
and;1.2227038e-12
meditation.;1.0
The;1.6266246e-12
group;1.5182615e-12
of;1.3056342e-12
people;1.2923764e-12
is;1.2571762e-12
sitting;1.3565058e-12
in;1.157657e-12
a;1.1441395e-12
circle,;1.5427914e-12
focusing;1.5879137e-12
on;1.1635587e-12
the;1.1565116e-12
chant,;1.5813128e-12
which;1.191988e-12
is;1.1165551e-12
a;1.1934008e-12
deep;1.1683712e-12
mantra;1.717288e-12
that;1.1791171e-12
helps;1.2006131e-12
them;1.1405291e-12
connect;1.1704656e-12
with;1.162044e-12
their;1.149356e-12
inner;1.1203652e-12
selves;1.3178435e-12
and;1.1057107e-12
achieve;1.1711914e-12
a;1.1114387e-12
state;1.1262164e-12
of;1.1830323e-12
mindfulness.;2.6821624e-12
This;1.2311449e-12
practice;1.1939062e-12
can;1.1585384e-12
lead;1.20092e-12
to;1.1561522e-12
personal;1.1787865e-12
growth,;1.3004745e-12
relaxation,;1.2665047e-12
and;1.0936336e-12
stress;1.1307386e-12
reduction.;1.4921223e-12
The;1.1558236e-12
image;1.1853157e-12
also;1.1217145e-12
suggests;1.1398766e-12
that;1.1240082e-12
the;1.1403767e-12
Om;1.2352681e-12
chanting;1.1609495e-12
is;1.0914289e-12
being;1.0903823e-12
used;1.134214e-12
as;1.0897024e-12
a;1.0670106e-12
tool;1.1349542e-12
for;1.1144126e-12
positive;1.1514339e-12
transformation,;1.2350396e-12
which;1.1105847e-12
can;1.0720453e-12
be;1.0609246e-12
achieved;1.0713339e-12
through;1.1734946e-12
meditation;1.1853294e-12
and;1.0833795e-12
mindfulness;1.1153334e-12
practices.;1.0901889e-12
