text;attention
The;1.0381397e-14
purpose;7.874406e-15
of;7.602671e-15
the;6.60272e-15
Om;7.386576e-15
chanting;2.6357863e-14
in;1.0856311e-14
the;6.418156e-15
image;7.835662e-15
is;1.2377787e-14
to;8.366671e-15
promote;8.508906e-15
positive;7.673415e-15
transformation;8.585559e-15
and;7.79033e-15
meditation.;1.0
The;9.558102e-15
group;9.093342e-15
of;6.644233e-15
people;6.992189e-15
is;7.095449e-15
sitting;7.7636296e-15
in;6.3383992e-15
a;6.0760778e-15
circle,;9.789283e-15
focusing;8.09084e-15
on;6.8425244e-15
the;6.106518e-15
chant,;9.907926e-15
which;6.9422494e-15
is;6.3419788e-15
a;6.5152745e-15
deep;6.3807572e-15
mantra;8.272194e-15
that;6.8917468e-15
helps;6.6881747e-15
them;6.7459555e-15
connect;6.9321143e-15
with;6.9079077e-15
their;6.152323e-15
inner;6.4930687e-15
selves;7.011046e-15
and;6.334194e-15
achieve;6.7648706e-15
a;6.0641067e-15
state;6.1737165e-15
of;5.956306e-15
mindfulness.;1.0889326e-14
This;6.275773e-15
practice;6.6518154e-15
can;6.352099e-15
lead;6.532895e-15
to;6.7363387e-15
personal;6.119553e-15
growth,;7.491715e-15
relaxation,;7.0407424e-15
and;6.0673233e-15
stress;6.1437858e-15
reduction.;7.11434e-15
The;6.1091273e-15
image;6.697136e-15
also;6.5323715e-15
suggests;7.571269e-15
that;6.9574943e-15
the;6.1076827e-15
Om;6.810597e-15
chanting;7.048401e-15
is;6.351276e-15
being;6.2479446e-15
used;6.653465e-15
as;6.292458e-15
a;5.9491533e-15
tool;6.2770177e-15
for;6.508021e-15
positive;6.161482e-15
transformation,;7.119417e-15
which;6.1929408e-15
can;5.922028e-15
be;5.8291257e-15
achieved;6.091046e-15
through;6.355032e-15
meditation;6.400503e-15
and;6.286819e-15
mindfulness;6.0257356e-15
practices.;5.7936994e-15
