text;attention
The;0.14397812
bowl;0.16341141
in;0.14550783
the;0.12837054
image;0.13847014
is;0.14144324
small.;0.13881864
