text;attention
The;0.15236674
bowl;0.15097694
in;0.14366473
the;0.13443579
image;0.14285511
is;0.13950463
small.;0.13619606
