text;attention
The;0.14726344
bowl;0.14436828
in;0.16024417
the;0.12678382
image;0.13927446
is;0.1414853
small.;0.14058046
