text;attention
A;4.282966e-10
possible;3.0334482e-10
reason;3.9826947e-10
the;3.4687295e-10
people;3.049843e-10
in;2.7482544e-10
the;2.355653e-10
image;5.4439475e-10
are;3.5907702e-10
playing;4.167456e-10
Wii;9.551164e-10
at;5.5688176e-10
work;1.5776427e-09
could;5.6820554e-10
be;3.1390004e-10
that;4.5106693e-10
they;3.5622083e-10
enjoy;5.512428e-10
spending;4.3740928e-10
time;2.920813e-10
together,;1.996192e-09
engaging;3.5556574e-10
in;2.738715e-10
fun;3.107991e-10
activities,;6.046359e-10
and;3.4566763e-10
fostering;3.5416128e-10
a;2.452853e-10
sense;2.5325833e-10
of;2.4121688e-10
camaraderie.;1.0
Wii;1.2054359e-09
games;4.3162204e-10
often;3.6453207e-10
involve;3.2953962e-10
physical;3.0637248e-10
movements,;4.3130272e-10
which;2.9918237e-10
can;2.6260064e-10
help;2.991795e-10
relieve;3.9331652e-10
stress,;5.898786e-10
promote;2.7028407e-10
teamwork,;4.2547452e-10
and;2.715154e-10
enhance;2.9456307e-10
communication;2.9552988e-10
among;2.5364943e-10
players.;8.0485485e-10
By;3.432302e-10
playing;2.9216599e-10
together,;5.203983e-10
they;3.1082936e-10
share;3.146301e-10
a;2.362384e-10
common;2.5326655e-10
interest;2.85472e-10
in;2.7483069e-10
a;2.5644123e-10
fun;2.6108443e-10
and;2.3365587e-10
interactive;2.3763075e-10
way,;3.6113756e-10
which;2.5303334e-10
can;2.406282e-10
contribute;2.456364e-10
to;2.535295e-10
a;2.2809049e-10
positive;2.3631547e-10
work;3.2953398e-10
environment.;5.665411e-10
Additionally,;4.1262715e-10
playing;3.0008648e-10
Wii;3.350121e-10
at;2.5850821e-10
work;3.5454387e-10
might;2.8404082e-10
encourage;3.6792194e-10
employees;2.9833386e-10
to;2.8873898e-10
engage;2.4940947e-10
in;2.3694327e-10
more;2.4330685e-10
physical;2.5434221e-10
activity,;3.9208067e-10
which;2.410513e-10
can;2.3113288e-10
lead;2.2521054e-10
to;2.404704e-10
improved;2.3941732e-10
health;2.461331e-10
and;2.2899849e-10
well-being.;2.5136657e-10
