text;attention
A;3.5255414e-06
possible;1.5858856e-06
reason;1.2214439e-06
the;1.8397437e-06
people;1.1413123e-06
in;1.2010354e-06
the;1.154606e-06
image;1.1780054e-06
are;8.8964015e-07
playing;1.0330218e-06
Wii;2.069679e-06
at;9.258526e-07
work;1.0847813e-06
could;1.0598212e-06
be;9.200942e-07
that;9.3441423e-07
they;8.7352447e-07
enjoy;1.1130996e-06
spending;1.3843239e-06
time;8.283933e-07
together,;1.4179986e-06
engaging;1.6370715e-06
in;8.1316125e-07
fun;9.760439e-07
activities,;1.1108143e-06
and;7.855548e-07
fostering;1.5551377e-06
a;8.040143e-07
sense;9.1255885e-07
of;7.259432e-07
camaraderie.;0.9999081
Wii;1.6199505e-06
games;1.0025939e-06
often;1.104919e-06
involve;8.979457e-07
physical;9.052146e-07
movements,;1.7986932e-06
which;8.5208734e-07
can;9.570797e-07
help;9.4794234e-07
relieve;1.2904882e-06
stress,;1.8250228e-06
promote;8.463599e-07
teamwork,;1.1749748e-06
and;8.066385e-07
enhance;1.0403924e-06
communication;7.726726e-07
among;7.8050226e-07
players.;1.3306441e-06
By;9.707248e-07
playing;7.3890766e-07
together,;9.618147e-07
they;8.7121407e-07
share;9.2784575e-07
a;8.062817e-07
common;9.647307e-07
interest;7.8438404e-07
in;9.5347843e-07
a;7.858942e-07
fun;8.0729734e-07
and;7.2509766e-07
interactive;6.988015e-07
way,;9.643103e-07
which;7.4791006e-07
can;7.363344e-07
contribute;8.331168e-07
to;6.8426283e-07
a;7.102787e-07
positive;7.5457217e-07
work;6.9453216e-07
environment.;1.0869414e-06
Additionally,;9.0293923e-07
playing;7.3468533e-07
Wii;8.154196e-07
at;6.7176245e-07
work;7.0638504e-07
might;9.885038e-07
encourage;1.0019354e-06
employees;7.457456e-07
to;7.590079e-07
engage;8.667159e-07
in;6.682366e-07
more;6.8421514e-07
physical;6.903316e-07
activity,;8.4437744e-07
which;6.694517e-07
can;6.879027e-07
lead;7.0997737e-07
to;6.6251744e-07
improved;7.055105e-07
health;6.9779986e-07
and;6.440573e-07
well-being.;1.3228147e-06
