text;attention
The;0.009597442
image;0.010621577
features;0.017969167
a;0.009244444
dining;0.010627082
table;0.0141820675
with;0.010175871
a;0.007924502
plate;0.009193148
of;0.009145638
food,;0.01572709
including;0.009924764
a;0.0077101192
variety;0.008019155
of;0.00826461
snacks;0.010232062
and;0.008143005
a;0.0077690096
can;0.00789687
of;0.008363686
soda.;0.021807572
The;0.008594356
plate;0.009510967
is;0.008149797
placed;0.008693265
on;0.007921365
a;0.0075757955
table;0.008570267
with;0.008175642
a;0.007274913
colorful;0.009327622
cloth,;0.012824616
adding;0.009490329
a;0.007648587
touch;0.0076378435
of;0.00756011
elegance;0.009831
to;0.007952127
the;0.0072025387
scene.;0.0185084
There;0.008453946
are;0.008033809
several;0.00823641
carrots;0.01187771
scattered;0.009192078
across;0.0082649635
the;0.0074464646
plate,;0.012302
with;0.008413138
some;0.007875223
of;0.0071681254
them;0.00870092
placed;0.00859021
closer;0.008151238
to;0.0077682985
the;0.007174194
edge;0.008290765
and;0.007823468
others;0.008177884
in;0.0071846005
the;0.0068410775
middle.;0.011308396
Additionally,;0.010883658
a;0.007438722
few;0.007589713
oranges;0.009371554
are;0.007993269
also;0.007637433
present;0.008116238
on;0.007357421
the;0.0069762813
plate,;0.00887812
adding;0.008141906
a;0.0071369736
pop;0.0074287704
of;0.007544255
color;0.0077939904
to;0.007185025
the;0.006821888
arrangement.;0.011684866
The;0.008042134
can;0.00786151
of;0.007456622
soda;0.008203538
is;0.0077286777
positioned;0.008137596
next;0.0073527447
to;0.007675012
the;0.006984121
plate,;0.008072408
ready;0.0075907595
to;0.007284296
be;0.0069632283
enjoyed;0.007726767
alongside;0.007536295
the;0.0067797448
snacks.;0.008821526
The;0.007188884
overall;0.007561974
scene;0.00821881
is;0.0073430585
a;0.0072713997
casual;0.008094807
and;0.007300805
inviting;0.007545475
dining;0.0075865053
experience,;0.008344971
with;0.0073190974
a;0.0069047487
mix;0.007036758
of;0.007307466
healthy;0.007831942
and;0.0071298596
indulgent;0.0076444237
food;0.00694897
options.;0.006959697
