text;attention
The;0.054623596
man;0.054166373
in;0.041300613
the;0.03983702
image;0.04845267
is;0.05022883
riding;0.06323148
skis;0.09816267
down;0.06506713
a;0.053165417
snow-covered;0.06898582
slope;0.042006772
while;0.04733379
holding;0.057343293
an;0.043868676
ax;0.047402535
in;0.047213417
his;0.03885896
hand.;0.03875096
