text;attention
The;0.07831614
man;0.0508095
in;0.04374623
the;0.041157562
image;0.06893437
is;0.059295118
riding;0.056789424
skis;0.087551005
down;0.055307556
a;0.04734179
snow-covered;0.058229253
slope;0.043297693
while;0.05161879
holding;0.04510796
an;0.040293228
ax;0.049944505
in;0.04308919
his;0.039188836
hand.;0.039981835
