text;attention
The;0.05564144
man;0.052446112
in;0.048605125
the;0.045485616
image;0.05497192
is;0.055865657
riding;0.059183817
skis;0.07430366
down;0.05475023
a;0.051434714
snow-covered;0.07492071
slope;0.045343656
while;0.046828177
holding;0.050628036
an;0.04342659
ax;0.04936166
in;0.044983026
his;0.041390102
hand.;0.050429735
