text;attention
The;0.060153004
man;0.05082224
in;0.047593895
the;0.0466223
image;0.059469193
is;0.06147456
riding;0.061931234
skis;0.0669612
down;0.05264975
a;0.051199716
snow-covered;0.05507724
slope;0.047415122
while;0.054698385
holding;0.050799128
an;0.04565995
ax;0.051370166
in;0.047837496
his;0.043628704
hand.;0.04463664
