text;attention
The;0.04180926
purpose;0.038210906
of;0.033547696
the;0.04818936
Om;0.045958128
chanting;0.04525614
mentioned;0.05140686
in;0.036691677
the;0.037802637
image;0.061116215
is;0.036298446
to;0.04418945
meditate;0.061907716
and;0.031273298
chant;0.034680486
deep;0.029674727
mantra;0.031195333
chants;0.030619457
for;0.03810503
positive;0.035797175
transformation.;0.18627004
