text;attention
The;0.048962984
purpose;0.034643237
of;0.032049205
the;0.07644103
Om;0.033726342
chanting;0.034655873
mentioned;0.031560615
in;0.028597372
the;0.13941991
image;0.03751641
is;0.045367703
to;0.040448476
meditate;0.033755355
and;0.032701652
chant;0.027083505
deep;0.027984839
mantra;0.032081775
chants;0.02958843
for;0.033903923
positive;0.026798513
transformation.;0.1727128
