text;attention
The;0.0028854918
website;0.0013973068
mentioned;0.0013597803
in;0.0016201801
the;0.0025765698
image;0.0013915817
is;0.0019228973
www.tamilkavithaial.com.;0.9868462
