text;attention
This;0.023211313
page;0.028299924
shows;0.026760293
a;0.02227669
diagram;0.030396739
showing;0.023936536
how;0.02540873
vehicles;0.03686824
use;0.026315792
noise;0.03153853
and;0.022677168
vibration;0.02606291
reduction;0.02448074
systems;0.024848156
to;0.022717701
reduce;0.02305522
their;0.021468658
environmental;0.022611305
impact.;0.02872926
The;0.021991555
diagram;0.024651285
includes;0.023727508
various;0.024453834
components,;0.029953541
such;0.022098476
as;0.02312374
vehicle;0.02381431
body,;0.025897136
engine,;0.025007391
transmission,;0.024332715
differentials,;0.02682892
and;0.021452213
wheels,;0.024137521
that;0.021457545
are;0.020565527
used;0.021010198
for;0.020907732
noise;0.022046274
and;0.020209583
vibration;0.020392774
reduction.;0.020276347
