text;attention
Reaching;0.6757672
for;0.019736186
Home:;0.04398956
Global;0.02294914
Learning;0.02451884
on;0.027693322
Family;0.021023454
Reintegration;0.029366454
in;0.020953907
Low;0.024796965
and;0.022299973
Lower-Middle;0.029997354
Income;0.01907789
Countries;0.017829787
