text;attention
Reaching;0.58027536
for;0.025924927
Home:;0.057861835
Global;0.03220566
Learning;0.03106384
on;0.03244184
Family;0.02973498
Reintegration;0.046304017
in;0.02920968
Low;0.028172677
and;0.026819205
Lower-Middle;0.030711567
Income;0.025803728
Countries;0.02347072
