text;attention
This;0.022327872
page;0.021638121
shows;0.023205932
a;0.019801766
diagram;0.024528353
showing;0.025402796
how;0.026321942
vehicles;0.024230411
use;0.026965905
noise;0.024471411
and;0.020522268
vibration;0.028469777
reduction;0.022612294
systems;0.023649575
to;0.022479173
reduce;0.024927791
their;0.02022858
environmental;0.0213527
impact.;0.03841118
The;0.024561262
diagram;0.024494268
includes;0.02899599
various;0.023387628
components,;0.047382534
such;0.02967275
as;0.024161113
vehicle;0.020864768
body,;0.026732817
engine,;0.024699837
transmission,;0.023266729
differentials,;0.02412375
and;0.019738307
wheels,;0.026337082
that;0.023580465
are;0.020086681
used;0.022525508
for;0.022173604
noise;0.021604422
and;0.019238552
vibration;0.020190556
reduction.;0.020633554
