text;attention
The;0.048318736
purpose;0.046923365
of;0.043070856
the;0.039411567
Om;0.044393275
chanting;0.13023344
mentioned;0.04860463
in;0.04049543
the;0.036831953
image;0.04600224
is;0.04475977
to;0.042410955
meditate;0.052591912
and;0.039051827
chant;0.04602327
deep;0.04240669
mantra;0.047800526
chants;0.039304495
for;0.036888726
positive;0.03700257
transformation.;0.047473773
