text;attention
The;0.06256057
predominant;0.06223595
airplane;0.06955275
on;0.060232196
display;0.063560285
is;0.06610174
blue,;0.08627874
with;0.064751685
additional;0.065517314
stripes;0.0746042
in;0.061990738
red,;0.07940467
white,;0.06366031
and;0.05599629
green.;0.06355264
