text;attention
The;0.0536317
full;0.015867805
name;0.016354818
of;0.04159403
this;0.015482567
Institute;0.009528723
is;0.015437357
"""Juilliard";0.7115623
"University"".";0.014068917
It;0.0050651277
was;0.0059279664
established;0.004755373
by;0.0071979924
a;0.0065337517
group;0.00393252
of;0.0064200656
students;0.0034503802
from;0.004773152
different;0.0034140542
universities;0.0053584627
and;0.0046707736
institutions,;0.0075476337
including;0.0030785976
Juilliard;0.0056335344
School;0.0026683176
of;0.0032069322
Music,;0.004182839
where;0.0024676071
they;0.0024155444
were;0.0024554753
studying;0.002336914
music;0.0022359018
theory;0.0022355309
and;0.0022359083
composition.;0.0022713612
