text;attention
The;0.063044794
full;0.02849986
name;0.02603288
of;0.026125986
this;0.024657156
Institute;0.028053539
is;0.025037045
"""Juilliard";0.18025185
"University"".";0.034661345
It;0.024087448
was;0.02377111
established;0.024076575
by;0.024625666
a;0.020620674
group;0.021179125
of;0.01973161
students;0.023058007
from;0.022386013
different;0.0215003
universities;0.029470725
and;0.019212503
institutions,;0.026078686
including;0.020374982
Juilliard;0.034466196
School;0.019512547
of;0.018394329
Music,;0.02055052
where;0.01911865
they;0.0199019
were;0.017511355
studying;0.019306716
music;0.01871321
theory;0.018330341
and;0.016992819
composition.;0.02066355
