text;attention
The;0.054616243
website;0.013140326
mentioned;0.010991736
in;0.027949024
the;0.07651192
image;0.0074798027
is;0.009744222
www.tamilkavithaial.com.;0.79956675
