text;attention
The;0.05063676
purpose;0.04602133
of;0.045551576
the;0.04469517
Om;0.04400709
chanting;0.065341204
mentioned;0.048318777
in;0.048052773
the;0.0444419
image;0.047212727
is;0.046943687
to;0.0504574
meditate;0.05172507
and;0.045511033
chant;0.050187126
deep;0.045656156
mantra;0.046130084
chants;0.045059916
for;0.04443542
positive;0.043686423
transformation.;0.04592842
