text;attention
The;0.079485565
purpose;0.04110568
of;0.07082039
the;0.07437433
Om;0.038872745
chanting;0.045271203
mentioned;0.0404096
in;0.061365575
the;0.0626175
image;0.03613456
is;0.047945008
to;0.054034334
meditate;0.04469942
and;0.05412854
chant;0.036544036
deep;0.033219706
mantra;0.036051575
chants;0.035767376
for;0.0402711
positive;0.03212415
transformation.;0.034757685
