text;attention
The;0.053972423
purpose;0.043351837
of;0.039503083
the;0.03580979
Om;0.044682328
chanting;0.11185793
mentioned;0.05555035
in;0.038540535
the;0.035878327
image;0.053698312
is;0.045125373
to;0.04948604
meditate;0.07081245
and;0.042811867
chant;0.050488215
deep;0.0392228
mantra;0.043122
chants;0.03732171
for;0.035741895
positive;0.03619894
transformation.;0.036823828
