text;attention
The;0.05140531
purpose;0.04415429
of;0.04522461
the;0.0455837
Om;0.04551797
chanting;0.06466286
mentioned;0.0489872
in;0.04958453
the;0.042551998
image;0.046719182
is;0.049555358
to;0.05109851
meditate;0.052274883
and;0.04273906
chant;0.05452286
deep;0.044008397
mantra;0.046331394
chants;0.043494675
for;0.043574907
positive;0.04198617
transformation.;0.046022154
