text;attention
The;0.051508766
purpose;0.04752024
of;0.041644257
the;0.03730994
Om;0.057180684
chanting;0.10982357
mentioned;0.05460856
in;0.040304903
the;0.037166037
image;0.04402186
is;0.043199327
to;0.051268104
meditate;0.06139656
and;0.042227056
chant;0.047733378
deep;0.040824924
mantra;0.04128097
chants;0.03786745
for;0.03793606
positive;0.03769411
transformation.;0.037483186
