text;attention
Who;0.124364674
has;0.124963805
written;0.12443445
the;0.12572986
quote;0.12399917
in;0.12642513
the;0.124320105
image?;0.12576284
