text;attention
Who;0.12482433
has;0.12505738
written;0.124220915
the;0.12518585
quote;0.123941936
in;0.12732774
the;0.12438341
image?;0.12505844
