text;attention
Who;0.12550901
has;0.124973714
written;0.1242972
the;0.12442749
quote;0.12467528
in;0.12601478
the;0.124621876
image?;0.12548059
