text;attention
Who;0.1247541
has;0.12480282
written;0.12436068
the;0.12517045
quote;0.12420073
in;0.12696254
the;0.12460082
image?;0.12514785
