text;attention
The;0.12619022
clock;0.13523142
on;0.11106427
the;0.09794981
building;0.108793624
shows;0.12641935
12:30.;0.29435128
