text;attention
The;0.01499237
bedroom;0.015943212
in;0.013399207
the;0.013071911
image;0.01512597
has;0.014285189
a;0.013728587
modern;0.014360088
and;0.012992367
stylish;0.014030098
appearance,;0.019497823
featuring;0.014725361
a;0.013306734
large;0.012995258
bed;0.014862546
with;0.013337921
white;0.014221386
pillows;0.013106712
and;0.012872588
a;0.012366742
white;0.012918549
comforter.;0.02255944
The;0.013563146
room;0.013132824
is;0.012855921
dimly;0.014007723
lit,;0.015775995
creating;0.012964168
a;0.012524563
cozy;0.01290516
and;0.012366993
intimate;0.012521247
atmosphere.;0.020357775
The;0.01297031
bed;0.012708024
is;0.012472602
positioned;0.013260484
next;0.014293339
to;0.013141446
a;0.012676075
wall,;0.014617921
and;0.012635175
there;0.012354722
is;0.012291927
a;0.012451541
lamp;0.013983858
on;0.012578774
the;0.012282425
nightstand,;0.014967954
providing;0.012682936
additional;0.012502235
lighting;0.01372698
in;0.012399613
the;0.012244658
room.;0.014986446
The;0.012375907
overall;0.013092724
ambiance;0.014184096
of;0.012323159
the;0.012359165
bedroom;0.012368159
is;0.012529649
inviting;0.012735487
and;0.012361685
comfortable,;0.013987514
making;0.012374346
it;0.012152136
an;0.012164723
ideal;0.0124074435
space;0.012688894
for;0.012423554
relaxation;0.012668869
and;0.01208151
rest.;0.012815985
