text;attention
The;0.015988473
bedroom;0.06670735
in;0.012478903
the;0.009447705
image;0.022378419
has;0.029389495
a;0.016971907
modern;0.016118202
and;0.010288291
stylish;0.013163835
appearance,;0.03884301
featuring;0.016432036
a;0.015809717
large;0.0101726055
bed;0.037229955
with;0.013013512
white;0.011991143
pillows;0.015583026
and;0.011483871
a;0.008550726
white;0.008511971
comforter.;0.040602297
The;0.015823284
room;0.02901826
is;0.0128686195
dimly;0.019246042
lit,;0.025931127
creating;0.0100556165
a;0.008823724
cozy;0.011748203
and;0.008346875
intimate;0.010305809
atmosphere.;0.036023058
The;0.01100789
bed;0.0187961
is;0.00858771
positioned;0.009783009
next;0.010017954
to;0.010001984
a;0.010190078
wall,;0.017056357
and;0.008500165
there;0.007962281
is;0.0078518195
a;0.007888244
lamp;0.019239482
on;0.007815573
the;0.007325888
nightstand,;0.015388643
providing;0.008278214
additional;0.0075565637
lighting;0.008031456
in;0.007030209
the;0.0070730764
room.;0.0121721765
The;0.007367362
overall;0.008068407
ambiance;0.008152833
of;0.00717518
the;0.007396183
bedroom;0.009333433
is;0.0073009385
inviting;0.008286146
and;0.0073641115
comfortable,;0.008362699
making;0.007333511
it;0.0072062695
an;0.006976589
ideal;0.007093665
space;0.0069755376
for;0.0070980163
relaxation;0.007778161
and;0.006745678
rest.;0.0070832307
