text;attention
This;0.023962675
page;0.024090664
shows;0.024074137
a;0.024070088
diagram;0.024177011
showing;0.023999287
how;0.024071625
vehicles;0.024180556
use;0.024020389
noise;0.024115086
and;0.024164354
vibration;0.024326906
reduction;0.023976656
systems;0.024206815
to;0.024294663
reduce;0.02419913
their;0.02420916
environmental;0.02404696
impact.;0.024163077
The;0.02413861
diagram;0.031391837
includes;0.024435315
various;0.024222994
components,;0.02444985
such;0.024254072
as;0.02416126
vehicle;0.02402247
body,;0.0243865
engine,;0.0246213
transmission,;0.024625475
differentials,;0.024666479
and;0.024039159
wheels,;0.024425918
that;0.02402965
are;0.024158599
used;0.024225838
for;0.02403028
noise;0.024124721
and;0.024198448
vibration;0.02480195
reduction.;0.024240054
