text;attention
Reaching;0.077236354
for;0.059865206
Home:;0.13364941
Global;0.0754518
Learning;0.07343642
on;0.0768029
Family;0.062302608
Reintegration;0.07811982
in;0.07147048
Low;0.06763623
and;0.059313364
Lower-Middle;0.0627319
Income;0.05136791
Countries;0.05061558
