text;attention
Reaching;0.07759116
for;0.067552775
Home:;0.07678258
Global;0.06830635
Learning;0.0724882
on;0.06825207
Family;0.06930777
Reintegration;0.07286801
in;0.06892435
Low;0.06851428
and;0.0679739
Lower-Middle;0.0893118
Income;0.06504362
Countries;0.06708322
