text;attention
What;0.09279865
is;0.09047654
the;0.09014545
name;0.09019195
of;0.09018928
the;0.08978634
school;0.09005962
mentioned;0.09209416
in;0.091330834
the;0.09014804
image?;0.092779085
