text;attention
The;0.02525631
quote;0.047851875
written;0.04073172
in;0.02275955
the;0.018890314
image;0.039579745
is:;0.045306966
"""forgive";0.2574727
yourself;0.03847438
for;0.022456417
not;0.03148906
knowing;0.03945965
what;0.030117055
you;0.02219695
didn't;0.08765855
know;0.037840612
before;0.03557356
you;0.023544054
lived;0.034753285
through;0.02470275
"it.""";0.07388451
