text;attention
The;0.038487744
quote;0.032834776
written;0.035602722
in;0.038549688
the;0.03739112
image;0.03370314
is:;0.05111349
"""forgive";0.18316807
yourself;0.032280326
for;0.039102875
not;0.032850843
knowing;0.03285954
what;0.0401817
you;0.03724685
didn't;0.045338098
know;0.032453574
before;0.032878347
you;0.033152055
lived;0.03773121
through;0.041641347
"it.""";0.11143241
