text;attention
Title:;3.4740693e-05
Vehicle;2.7973801e-05
Noise;3.0314177e-05
and;2.8311646e-05
Vibration;3.9535254e-05
Refinement.;4.4273416e-05
Topic:;5.774629e-05
Woodhead;4.1538227e-05
Publishing;3.208944e-05
in;3.8202706e-05
Mechanical;2.728756e-05
Engineering.;0.99959797
