text;attention
Who;0.123486586
has;0.12552892
written;0.12557645
the;0.12592618
quote;0.12342668
in;0.12613642
the;0.124447025
image?;0.12547177
