text;attention
Who;0.12379868
has;0.12503676
written;0.12342526
the;0.1267472
quote;0.12328625
in;0.12719332
the;0.12464399
image?;0.12586851
