text;attention
Who;0.123737186
has;0.12516423
written;0.12394151
the;0.12652257
quote;0.12342501
in;0.12668803
the;0.12438704
image?;0.1261344
