text;attention
The;0.065809965
predominant;0.06685259
airplane;0.06640529
on;0.065887615
display;0.06658867
is;0.066217124
blue,;0.06756184
with;0.06650549
additional;0.066290304
stripes;0.067175254
in;0.06600495
red,;0.06738838
white,;0.06745627
and;0.06686461
green.;0.06699169
