text;attention
The;0.06617613
predominant;0.067162305
airplane;0.06683522
on;0.06614061
display;0.06647956
is;0.06624506
blue,;0.06744784
with;0.06659523
additional;0.06644991
stripes;0.06694372
in;0.066300906
red,;0.06718239
white,;0.06716587
and;0.06629328
green.;0.06658192
