text;attention
Reaching;0.33655736
for;0.33045936
Home;0.3329833
