text;attention
The;0.17644398
bowl;0.08630516
in;0.094843246
the;0.16651106
image;0.08630818
is;0.096131764
small.;0.2934566
