text;attention
The;0.011751931
purpose;0.011770573
of;0.011755022
the;0.011751874
Om;0.011748206
chanting;0.0117933415
in;0.011803539
the;0.011765628
image;0.011755684
is;0.011748825
to;0.011761979
promote;0.011750257
positive;0.011755567
transformation;0.0117535265
and;0.011757921
meditation.;0.011797198
The;0.011758948
group;0.011770062
of;0.011754189
people;0.011758011
is;0.011748862
sitting;0.011752013
in;0.0117522655
a;0.011761337
circle,;0.0117495395
focusing;0.011781469
on;0.011747911
the;0.011755623
chant,;0.011757623
which;0.011779023
is;0.011754199
a;0.011752005
deep;0.011748674
mantra;0.011761963
that;0.011774844
helps;0.01175063
them;0.011751165
connect;0.011750024
with;0.011750363
their;0.0117594
inner;0.011749512
selves;0.011760535
and;0.011748436
achieve;0.01174857
a;0.011745326
state;0.011750409
of;0.011746928
mindfulness.;0.0117929
This;0.011755547
practice;0.011779212
can;0.011753006
lead;0.011764241
to;0.011750399
personal;0.011763236
growth,;0.011765927
relaxation,;0.011793316
and;0.011753987
stress;0.011748053
reduction.;0.011758742
The;0.0117642945
image;0.011769238
also;0.011756048
suggests;0.011779267
that;0.011756722
the;0.011755696
Om;0.011765922
chanting;0.01181374
is;0.011792673
being;0.011754673
used;0.011751838
as;0.0117529845
a;0.0117626395
tool;0.01175088
for;0.011750793
positive;0.011773571
transformation,;0.011788162
which;0.011768942
can;0.011780335
be;0.011765098
achieved;0.011760921
through;0.011756644
meditation;0.011823886
and;0.01181895
mindfulness;0.011858089
practices.;0.011798597
