text;attention
The;0.013386461
bedroom;0.013460924
in;0.01343081
the;0.013464393
image;0.013405013
has;0.013381897
a;0.013485159
modern;0.0134923
and;0.013418987
stylish;0.013496018
appearance,;0.013456905
featuring;0.013443387
a;0.013459467
large;0.013440419
bed;0.013406573
with;0.013395914
white;0.013479425
pillows;0.013515939
and;0.0133971125
a;0.013430353
white;0.0134229595
comforter.;0.013468065
The;0.013406602
room;0.018019645
is;0.013526169
dimly;0.01355709
lit,;0.013497216
creating;0.013456499
a;0.013468449
cozy;0.013496825
and;0.013395037
intimate;0.013465867
atmosphere.;0.013441037
The;0.013437055
bed;0.013510377
is;0.013459694
positioned;0.013516734
next;0.013397139
to;0.013442008
a;0.013387598
wall,;0.013457528
and;0.013436889
there;0.013447292
is;0.013418869
a;0.013397822
lamp;0.013385076
on;0.01340371
the;0.013483985
nightstand,;0.013489936
providing;0.013461827
additional;0.013431452
lighting;0.013446773
in;0.01341063
the;0.013385299
room.;0.01340886
The;0.013452016
overall;0.013498311
ambiance;0.013536655
of;0.013393757
the;0.013427496
bedroom;0.013425533
is;0.013426471
inviting;0.013638417
and;0.0134094255
comfortable,;0.013523618
making;0.013448182
it;0.013519968
an;0.013451009
ideal;0.013430761
space;0.013413185
for;0.013446491
relaxation;0.013536532
and;0.013444356
rest.;0.013492425
