text;attention
The;0.013435666
bedroom;0.013488352
in;0.01346626
the;0.013459871
image;0.013417569
has;0.0134125715
a;0.013443701
modern;0.013434557
and;0.013418492
stylish;0.013477441
appearance,;0.013447228
featuring;0.01344103
a;0.013436834
large;0.01343458
bed;0.013418517
with;0.013417239
white;0.013449967
pillows;0.013451919
and;0.013439945
a;0.013430494
white;0.013423864
comforter.;0.013494362
The;0.013428554
room;0.017999884
is;0.013440454
dimly;0.01347022
lit,;0.013481692
creating;0.013452623
a;0.013419165
cozy;0.013454757
and;0.013424029
intimate;0.013441408
atmosphere.;0.013431564
The;0.013436457
bed;0.013464121
is;0.013422081
positioned;0.013471616
next;0.013481657
to;0.013436119
a;0.013435387
wall,;0.013445406
and;0.013451988
there;0.013429868
is;0.013421546
a;0.013429058
lamp;0.013421925
on;0.013413021
the;0.013454697
nightstand,;0.013479682
providing;0.013429172
additional;0.013421565
lighting;0.013454879
in;0.013437992
the;0.0134303095
room.;0.0134469755
The;0.013430499
overall;0.013461593
ambiance;0.013483891
of;0.013468288
the;0.013489549
bedroom;0.013461275
is;0.013455152
inviting;0.013492824
and;0.013516346
comfortable,;0.013502419
making;0.01345309
it;0.0134464875
an;0.013466547
ideal;0.013473913
space;0.013454343
for;0.013471624
relaxation;0.01355885
and;0.013509693
rest.;0.013503306
