text;attention
The;0.013417628
bedroom;0.01346549
in;0.0134267
the;0.0134268375
image;0.013413045
has;0.0134074
a;0.013420422
modern;0.013408485
and;0.013404639
stylish;0.013427586
appearance,;0.013440224
featuring;0.013422497
a;0.013421618
large;0.013407306
bed;0.013403052
with;0.013406568
white;0.013437288
pillows;0.013428945
and;0.013426357
a;0.013407496
white;0.013405906
comforter.;0.013459313
The;0.013406183
room;0.018959507
is;0.01341915
dimly;0.013434356
lit,;0.01347031
creating;0.013425948
a;0.013413225
cozy;0.013421725
and;0.01340278
intimate;0.013423931
atmosphere.;0.013414909
The;0.013427933
bed;0.013482154
is;0.013409939
positioned;0.013452459
next;0.013428526
to;0.013418383
a;0.013421733
wall,;0.013426399
and;0.013423014
there;0.013418652
is;0.013410826
a;0.013418991
lamp;0.0134011945
on;0.013404621
the;0.013504774
nightstand,;0.013454886
providing;0.013427674
additional;0.013429108
lighting;0.013466996
in;0.0134478295
the;0.013427999
room.;0.013439132
The;0.013404515
overall;0.013499177
ambiance;0.013445833
of;0.0134665575
the;0.013495885
bedroom;0.013447798
is;0.013435135
inviting;0.013468519
and;0.013472638
comfortable,;0.013503895
making;0.013461082
it;0.013467188
an;0.013439044
ideal;0.013437
space;0.013438839
for;0.01347336
relaxation;0.01355623
and;0.013509876
rest.;0.013557339
