text;attention
Reaching;0.37082568
for;0.3183953
Home;0.31077904
