text;attention
Reaching;0.3719626
for;0.31371897
Home;0.3143184
