text;attention
The;1.6743327e-08
man;1.7061254e-08
in;1.5622696e-08
the;1.4814396e-08
image;1.4889067e-08
is;1.732864e-08
riding;1.7963204e-08
skis;2.3833449e-08
down;1.6749235e-08
a;1.5606942e-08
snow-covered;4.912162e-08
slope;1.5694736e-08
while;1.5985798e-08
holding;1.6453683e-08
an;1.7124469e-08
ax;1.545887e-08
in;1.5227243e-08
his;1.6321591e-08
hand.;0.99999964
