text;attention
The;0.06610242
predominant;0.067345574
airplane;0.06660591
on;0.06625684
display;0.06641886
is;0.06621751
blue,;0.06688619
with;0.06692771
additional;0.06663299
stripes;0.06664843
in;0.06672713
red,;0.066900544
white,;0.06714757
and;0.066588245
green.;0.06659413
