text;attention
The;0.065516174
predominant;0.06674462
airplane;0.066252895
on;0.06561743
display;0.06659372
is;0.06576006
blue,;0.06834671
with;0.067639984
additional;0.06605327
stripes;0.0668681
in;0.066126406
red,;0.06778805
white,;0.06791427
and;0.06650799
green.;0.066270396
