text;attention
The;0.06595004
predominant;0.06771854
airplane;0.06664436
on;0.066069946
display;0.06646934
is;0.06609735
blue,;0.06717207
with;0.06652696
additional;0.06666071
stripes;0.06678397
in;0.06650186
red,;0.06718954
white,;0.067298405
and;0.06653866
green.;0.066378206
