text;attention
The;4.2930814e-09
quote;3.886599e-09
on;4.0677794e-09
the;4.64044e-09
image;4.1313415e-09
suggests;4.2702313e-09
that;3.58301e-09
peace,;1.182147e-08
poetry,;1.3978894e-08
and;4.0459973e-09
power;7.455552e-09
are;3.685005e-09
important;3.5781338e-09
aspects;3.5012784e-09
of;3.349397e-09
life.;0.21234062
It;3.9361354e-09
encourages;4.190386e-09
people;4.8756967e-09
to;3.390172e-09
appreciate;3.220316e-09
these;3.9234975e-09
qualities;4.173428e-09
and;3.8456e-09
strive;3.667958e-09
to;3.3046978e-09
incorporate;3.250498e-09
them;3.1783636e-09
into;3.38778e-09
their;4.0051877e-09
daily;4.4228914e-09
lives.;0.6089899
The;5.3016924e-09
image;3.5707028e-09
features;5.095389e-09
a;3.195481e-09
clock;3.7504244e-09
with;3.4460101e-09
a;3.4159273e-09
rose;3.6572902e-09
and;3.965002e-09
a;3.6052623e-09
quote,;7.999875e-09
which;3.5484133e-09
can;4.848617e-09
be;3.6660905e-09
interpreted;3.6908712e-09
as;3.3707066e-09
a;3.4537024e-09
reminder;3.6633923e-09
to;4.0155603e-09
find;3.7611194e-09
balance;3.4630094e-09
between;3.1194638e-09
the;3.683445e-09
passage;3.5834338e-09
of;3.1983836e-09
time;3.3288448e-09
and;4.6450626e-09
the;3.8627066e-09
beauty;6.362856e-09
of;3.3027316e-09
life.;0.0022243876
The;3.7179255e-09
rose;3.9013273e-09
symbolizes;5.022233e-09
love;3.798971e-09
and;3.813622e-09
appreciation,;6.978547e-09
while;3.607374e-09
the;3.7416434e-09
clock;3.8722225e-09
represents;3.4609893e-09
the;3.9811887e-09
importance;3.013999e-09
of;3.3218994e-09
time;4.1100967e-09
and;3.7395314e-09
its;3.616923e-09
value;3.4454977e-09
in;3.5197587e-09
our;4.9723266e-09
lives.;5.261458e-09
The;3.9239767e-09
combination;3.5705052e-09
of;3.034604e-09
these;3.5317829e-09
elements;4.010914e-09
in;3.4154775e-09
the;5.5028653e-09
image;3.6109193e-09
serves;3.6181718e-09
as;3.0969538e-09
a;3.2109317e-09
reminder;3.8912424e-09
to;4.1656025e-09
cherish;3.8103427e-09
the;5.827314e-09
moments;3.966984e-09
and;3.8992214e-09
make;3.6745116e-09
the;3.3935945e-09
most;4.778393e-09
of;3.2247722e-09
our;4.799914e-09
time;3.784543e-09
on;3.7045398e-09
earth.;0.17644468
