text;attention
This;0.025574222
page;0.024397513
shows;0.027596705
a;0.021527264
diagram;0.02725567
showing;0.028623313
how;0.02405878
vehicles;0.029922616
use;0.031468686
noise;0.027968349
and;0.023506178
vibration;0.03508319
reduction;0.025027785
systems;0.02497342
to;0.024426956
reduce;0.021766312
their;0.020847704
environmental;0.020941922
impact.;0.033798773
The;0.024785124
diagram;0.024389433
includes;0.027438343
various;0.022264246
components,;0.030026073
such;0.02335265
as;0.021988226
vehicle;0.0235779
body,;0.028844304
engine,;0.026431814
transmission,;0.024029346
differentials,;0.025394464
and;0.019870434
wheels,;0.022570057
that;0.020064583
are;0.018874016
used;0.019545678
for;0.02074972
noise;0.020240625
and;0.018823454
vibration;0.019360788
reduction.;0.018613419
