text;attention
In;0.014643799
the;0.00931838
image,;0.047416437
|;0.014775579
can;0.015406978
see;0.017160749
a;0.011869013
variety;0.0097877
of;0.009949627
furniture,;0.028423283
including;0.013300918
a;0.01105187
couch,;0.020285627
a;0.009702282
chair,;0.013937589
and;0.010220076
a;0.0091681
refrigerator.;0.031012187
The;0.012474242
couch;0.011910088
is;0.011386877
located;0.011688464
in;0.009707856
the;0.008825296
living;0.009118847
room,;0.014765118
while;0.011314461
the;0.009099628
chair;0.010122199
is;0.009037866
positioned;0.009409818
near;0.009339508
the;0.008424787
dining;0.008989118
table.;0.016849829
The;0.010951705
refrigerator;0.012533121
is;0.00971701
situated;0.0094137825
in;0.0086028725
the;0.0083199525
kitchen;0.009542891
area.;0.012944941
Additionally,;0.01564145
there;0.0110675
is;0.009156764
a;0.008825182
TV;0.010437114
in;0.009369468
the;0.008588494
living;0.008599071
room,;0.011387725
which;0.009339224
adds;0.009549509
to;0.010218791
the;0.009880815
cozy;0.009884635
and;0.00902689
functional;0.009067348
setup;0.009309408
of;0.00871145
the;0.008171019
space.;0.01398765
The;0.00988831
presence;0.008897568
of;0.009108035
these;0.009009882
items;0.0096290475
indicates;0.011114409
that;0.010724707
the;0.00882475
room;0.00994641
is;0.008731743
designed;0.00886878
to;0.009044901
accommodate;0.009532297
both;0.009181569
relaxation;0.008912757
and;0.009161044
dining;0.008641035
activities,;0.009797697
making;0.009354783
it;0.00878668
a;0.008872093
versatile;0.009229737
and;0.008250597
comfortable;0.008255953
living;0.008076849
space.;0.00801837
