text;attention
In;0.020893566
the;0.007548762
image,;0.016418472
|;0.0077861752
can;0.008139645
see;0.010618625
a;0.007902986
variety;0.0075495867
of;0.007424492
furniture,;0.06078562
including;0.015537641
a;0.007647669
couch,;0.044112533
a;0.008104269
chair,;0.019303953
and;0.01054382
a;0.007936002
refrigerator.;0.093690515
The;0.0097003
couch;0.018214665
is;0.0100297015
located;0.011325049
in;0.007733442
the;0.007981831
living;0.012187706
room,;0.037805315
while;0.010485069
the;0.0073947795
chair;0.011340372
is;0.0077958377
positioned;0.008408982
near;0.008436023
the;0.007912516
dining;0.010621358
table.;0.023594677
The;0.007090179
refrigerator;0.017129935
is;0.0070254332
situated;0.006868713
in;0.0061663636
the;0.00631355
kitchen;0.009161256
area.;0.01529959
Additionally,;0.013096673
there;0.0077984645
is;0.0072427266
a;0.006865851
TV;0.01569482
in;0.007828333
the;0.006707245
living;0.0071853646
room,;0.009732419
which;0.0068147187
adds;0.007820435
to;0.006384924
the;0.0066858507
cozy;0.0133766355
and;0.006752097
functional;0.010395403
setup;0.009001506
of;0.0071490165
the;0.0063781487
space.;0.01297452
The;0.006529748
presence;0.0064096665
of;0.006015232
these;0.0069023813
items;0.0081761135
indicates;0.008574123
that;0.007657013
the;0.0061423467
room;0.007947184
is;0.0065191886
designed;0.006653436
to;0.006955967
accommodate;0.006704588
both;0.006441469
relaxation;0.0074100937
and;0.0071731843
dining;0.007272899
activities,;0.008233942
making;0.0064628883
it;0.006317589
a;0.006012025
versatile;0.00676361
and;0.0057524582
comfortable;0.005661109
living;0.005667564
space.;0.0057920846
