text;attention
The;0.00966825
quote;0.014804296
on;0.007132533
the;0.0061431592
image;0.01634932
suggests;0.031389315
that;0.013367848
peace,;0.03372608
poetry,;0.01964497
and;0.008959513
power;0.015789507
are;0.009708541
important;0.008928913
aspects;0.0075963065
of;0.0070627057
life.;0.04619057
It;0.009099483
encourages;0.010710999
people;0.007515302
to;0.0078078816
appreciate;0.009436654
these;0.0076313373
qualities;0.010910238
and;0.007988682
strive;0.0072722263
to;0.006776923
incorporate;0.007698208
them;0.00831859
into;0.0067037665
their;0.0059880977
daily;0.0063323174
lives.;0.017004777
The;0.0077618505
image;0.012503292
features;0.0125362445
a;0.0073694717
clock;0.018071495
with;0.012667912
a;0.006171024
rose;0.010749898
and;0.010264293
a;0.0059399144
quote,;0.024341004
which;0.007872076
can;0.0064982944
be;0.005555234
interpreted;0.007905526
as;0.0077524907
a;0.006046763
reminder;0.008175364
to;0.0079396935
find;0.0069142934
balance;0.009670361
between;0.008741165
the;0.0062990757
passage;0.006257844
of;0.006702317
time;0.010361403
and;0.0077387397
the;0.005770763
beauty;0.006613788
of;0.006235104
life.;0.017007083
The;0.006670216
rose;0.01146815
symbolizes;0.012511152
love;0.0074807694
and;0.0066744126
appreciation,;0.010242072
while;0.0075795595
the;0.006378945
clock;0.010097558
represents;0.009439236
the;0.0060879514
importance;0.0069613745
of;0.0069546094
time;0.01005232
and;0.0067971842
its;0.0062533314
value;0.0066713816
in;0.006181265
our;0.006010275
lives.;0.010753394
The;0.006172568
combination;0.0072631277
of;0.006615682
these;0.006346007
elements;0.0074047316
in;0.006844295
the;0.0057064877
image;0.0070067705
serves;0.006434953
as;0.00585976
a;0.005600625
reminder;0.0066670985
to;0.0066793123
cherish;0.007972946
the;0.0061509977
moments;0.00864524
and;0.0067137578
make;0.006205498
the;0.0054977965
most;0.0057450915
of;0.0061730193
our;0.005675798
time;0.0061007775
on;0.0054614726
earth.;0.005699878
