text;attention
The;0.010678984
quote;0.013556412
on;0.009377649
the;0.008134563
image;0.012048913
suggests;0.011833798
that;0.0100148395
peace,;0.021036018
poetry,;0.01782213
and;0.009518474
power;0.011905359
are;0.009279017
important;0.009212988
aspects;0.00847788
of;0.0082248105
life.;0.017178908
It;0.008712191
encourages;0.010467255
people;0.009192278
to;0.00894082
appreciate;0.010357816
these;0.008609566
qualities;0.009108074
and;0.00872127
strive;0.008970511
to;0.008609217
incorporate;0.009239603
them;0.008848124
into;0.008563363
their;0.008052344
daily;0.008541921
lives.;0.0124400575
The;0.009009867
image;0.011109378
features;0.010958063
a;0.008680099
clock;0.01211476
with;0.00972509
a;0.008058339
rose;0.010311734
and;0.00905953
a;0.008076624
quote,;0.012963694
which;0.008747626
can;0.008315119
be;0.007732828
interpreted;0.009128104
as;0.008729299
a;0.008053867
reminder;0.009395697
to;0.00871335
find;0.008746629
balance;0.01021253
between;0.009513841
the;0.008244882
passage;0.008676452
of;0.008033791
time;0.00916956
and;0.008461997
the;0.007840221
beauty;0.008370377
of;0.007875002
life.;0.012264663
The;0.008432511
rose;0.009650678
symbolizes;0.0118883895
love;0.008935436
and;0.0081948815
appreciation,;0.009376038
while;0.008695429
the;0.008123465
clock;0.008978585
represents;0.009293265
the;0.007972673
importance;0.008401588
of;0.008260949
time;0.008864887
and;0.00800711
its;0.008164236
value;0.008498343
in;0.00794115
our;0.007908701
lives.;0.0101521965
The;0.008085196
combination;0.008645768
of;0.00852836
these;0.008234142
elements;0.008539236
in;0.008244675
the;0.0076701674
image;0.008425974
serves;0.008286401
as;0.007897895
a;0.0076002926
reminder;0.008349961
to;0.007977589
cherish;0.008826512
the;0.007922669
moments;0.008566467
and;0.007913473
make;0.008198169
the;0.007584768
most;0.0077973856
of;0.008131596
our;0.007722062
time;0.0078014876
on;0.007559838
earth.;0.0077812183
