text;attention
This;0.024357472
page;0.02434938
shows;0.024344994
a;0.024368089
diagram;0.024328945
showing;0.024368389
how;0.02434086
vehicles;0.024344571
use;0.024375673
noise;0.024348816
and;0.024367966
vibration;0.024402384
reduction;0.0243686
systems;0.02437477
to;0.024361195
reduce;0.024363076
their;0.024363149
environmental;0.024342192
impact.;0.024365587
The;0.024399726
diagram;0.02436032
includes;0.024353432
various;0.024375087
components,;0.024489626
such;0.024342183
as;0.024349792
vehicle;0.024359113
body,;0.024510827
engine,;0.024390243
transmission,;0.0243968
differentials,;0.024548225
and;0.024339365
wheels,;0.024515284
that;0.02435359
are;0.024372546
used;0.024374152
for;0.024391055
noise;0.02438969
and;0.024478098
vibration;0.024592178
reduction.;0.024482522
