text;attention
This;0.022557354
page;0.021723108
shows;0.021629903
a;0.02035471
diagram;0.024728626
showing;0.023767589
how;0.022767445
vehicles;0.026820803
use;0.023860961
noise;0.028492989
and;0.02304241
vibration;0.027003903
reduction;0.026378164
systems;0.025898596
to;0.022731325
reduce;0.02450763
their;0.022167131
environmental;0.022336451
impact.;0.04275359
The;0.023306586
diagram;0.023183418
includes;0.026857506
various;0.022973351
components,;0.0343559
such;0.0256341
as;0.024228446
vehicle;0.022433285
body,;0.027994763
engine,;0.025821907
transmission,;0.024115361
differentials,;0.025851652
and;0.020176241
wheels,;0.027918389
that;0.022513762
are;0.020693032
used;0.022132475
for;0.021871723
noise;0.022110708
and;0.020273473
vibration;0.020225294
reduction.;0.021805892
