text;attention
This;0.02229336
page;0.023272851
shows;0.021153193
a;0.017588831
diagram;0.023268262
showing;0.024067398
how;0.02205498
vehicles;0.027816085
use;0.026948353
noise;0.029160123
and;0.019931069
vibration;0.02755195
reduction;0.028670095
systems;0.03459186
to;0.021436403
reduce;0.021944435
their;0.020810422
environmental;0.020495607
impact.;0.048336416
The;0.024370102
diagram;0.02075469
includes;0.025664054
various;0.021809027
components,;0.033159122
such;0.02275038
as;0.029016936
vehicle;0.022224037
body,;0.039576408
engine,;0.029499084
transmission,;0.026770482
differentials,;0.027173989
and;0.0198763
wheels,;0.02427134
that;0.021125693
are;0.01758065
used;0.019071044
for;0.021286674
noise;0.019709924
and;0.018025463
vibration;0.016703073
reduction.;0.018189799
