text;attention
This;0.025847325
page;0.026210971
shows;0.023977904
a;0.022504408
diagram;0.026557837
showing;0.024546115
how;0.023414757
vehicles;0.024499245
use;0.02343628
noise;0.02663966
and;0.022960035
vibration;0.025555447
reduction;0.025725745
systems;0.025725618
to;0.023734264
reduce;0.024491753
their;0.022937765
environmental;0.02226139
impact.;0.032510575
The;0.023464656
diagram;0.022816028
includes;0.025324346
various;0.023501264
components,;0.029175978
such;0.025026046
as;0.0250384
vehicle;0.02244486
body,;0.027393406
engine,;0.026094371
transmission,;0.025912149
differentials,;0.026912775
and;0.021905791
wheels,;0.02438742
that;0.022852672
are;0.021783613
used;0.022015436
for;0.021940468
noise;0.022908382
and;0.021689069
vibration;0.021730661
reduction.;0.022145119
