text;attention
This;0.02286458
page;0.026956303
shows;0.027410097
a;0.02202598
diagram;0.029319827
showing;0.02534074
how;0.025790244
vehicles;0.035906702
use;0.025895553
noise;0.030779572
and;0.02253363
vibration;0.026707629
reduction;0.024921946
systems;0.02399015
to;0.022336967
reduce;0.022722654
their;0.021313626
environmental;0.022339705
impact.;0.029068561
The;0.022451736
diagram;0.02671718
includes;0.02407937
various;0.02379593
components,;0.030532574
such;0.02218642
as;0.0233461
vehicle;0.02403054
body,;0.026367145
engine,;0.02519672
transmission,;0.02413814
differentials,;0.02641761
and;0.021571653
wheels,;0.024257563
that;0.021517452
are;0.020553876
used;0.020978525
for;0.020778555
noise;0.022152692
and;0.02015696
vibration;0.020315945
reduction.;0.020232873
