text;attention
The;0.17131637
bowl;0.12755494
in;0.15493748
the;0.13197762
image;0.13226607
is;0.1396067
small.;0.14234087
