Model,SIM_mean,SIM_std,AUC_mean,AUC_std,NSS_mean,NSS_std,KLD_mean,KLD_std,CC_mean,CC_std
LLaVA-7B-mean,0.5189648648292751,0.12529225664068894,0.6052020273231379,0.1274519513092256,0.3176973783868134,0.4972270687631664,0.8431242088073763,0.595866045417425,0.1938655450137172,0.29805955381735455
LLaVA-7B-max,0.5710377356744325,0.13084613402751183,0.6702213184218987,0.12025590972589169,0.6154024224447171,0.5194763490726365,0.7021555511507612,0.5975549881037046,0.385881617879784,0.2949895321568891
LLaVA-13B-mean,0.4662869334540959,0.15638160586010602,0.5910051932696226,0.12007579799361077,0.1871593517123089,0.49480145911443113,1.154610372279595,0.934089693457655,0.12994519338764135,0.32056925179960183
LLaVA-13B-max,0.5421482314642403,0.15113675785302225,0.6446825708295963,0.12752139337769228,0.46462605649556493,0.5510815121840941,0.8328334536216708,0.7842448267940809,0.30129679732832076,0.3423732228090765
