text;attention
The;0.049181804
purpose;0.04915517
of;0.045889784
the;0.044604313
Om;0.04787161
chanting;0.06179763
mentioned;0.044873398
in;0.045602936
the;0.042668846
image;0.043925017
is;0.04451705
to;0.04707505
meditate;0.052803077
and;0.042404428
chant;0.049909774
deep;0.044793066
mantra;0.05034445
chants;0.04468272
for;0.043760035
positive;0.042982176
transformation.;0.06115765
