text;attention
The;0.054590464
purpose;0.04530356
of;0.042779896
the;0.043946616
Om;0.04449375
chanting;0.067588255
mentioned;0.046433266
in;0.04580732
the;0.043512944
image;0.04313096
is;0.045023818
to;0.04727414
meditate;0.053606186
and;0.042537253
chant;0.04822835
deep;0.04376345
mantra;0.05265612
chants;0.045427945
for;0.042687807
positive;0.041945238
transformation.;0.059262693
