text;attention
The;0.06590384
predominant;0.066698
airplane;0.06651373
on;0.06637851
display;0.06603437
is;0.06622125
blue,;0.06767084
with;0.06609247
additional;0.065865494
stripes;0.06741797
in;0.0673545
red,;0.06827034
white,;0.0672025
and;0.06560499
green.;0.06677122
