text;attention
The;0.066530235
predominant;0.06664101
airplane;0.06637604
on;0.06663152
display;0.06624263
is;0.06633467
blue,;0.066975825
with;0.06657013
additional;0.066306375
stripes;0.06688711
in;0.066977896
red,;0.06713827
white,;0.06750644
and;0.0662075
green.;0.06667438
