text;attention
The;0.13340616
predominant;0.17078312
airplane;0.15987426
on;0.123652205
display;0.12743111
is;0.11786806
blue.;0.16698511
