text;attention
The;0.13718349
predominant;0.16372043
airplane;0.13524774
on;0.1261656
display;0.12911552
is;0.12326754
blue.;0.18529963
