text;attention
The;0.008573366
image;0.008577141
features;0.008578316
a;0.008582719
dining;0.0086064255
table;0.008571944
with;0.008587878
a;0.008620362
plate;0.008580832
of;0.00857229
food,;0.008619842
including;0.0085989125
a;0.008576418
variety;0.008579919
of;0.008573697
snacks;0.008589902
and;0.008592236
a;0.008583875
can;0.008572252
of;0.008573485
soda.;0.00860792
The;0.008600289
plate;0.012246888
is;0.008585532
placed;0.008585365
on;0.008572719
a;0.008583645
table;0.008573994
with;0.008573296
a;0.008583079
colorful;0.008581746
cloth,;0.008595064
adding;0.008595735
a;0.008570837
touch;0.008575227
of;0.008569528
elegance;0.008579119
to;0.008585342
the;0.008577796
scene.;0.008579248
There;0.008578593
are;0.008583419
several;0.008572849
carrots;0.008606603
scattered;0.008605994
across;0.0086003505
the;0.008584066
plate,;0.008585435
with;0.008584322
some;0.008574417
of;0.008575956
them;0.008577051
placed;0.0085679125
closer;0.008574176
to;0.008580042
the;0.008588367
edge;0.008574004
and;0.008571629
others;0.008599244
in;0.008573312
the;0.008576088
middle.;0.0085758865
Additionally,;0.0085951565
a;0.008575715
few;0.008574196
oranges;0.00859291
are;0.008575774
also;0.008600897
present;0.008574288
on;0.008569565
the;0.008576817
plate,;0.008584475
adding;0.008580494
a;0.008571971
pop;0.008580383
of;0.008573654
color;0.008580149
to;0.00857196
the;0.008582517
arrangement.;0.00858258
The;0.008580362
can;0.008584956
of;0.008580818
soda;0.008630112
is;0.008577766
positioned;0.008616798
next;0.008578691
to;0.00858033
the;0.008580662
plate,;0.008593176
ready;0.008580771
to;0.008574003
be;0.008577058
enjoyed;0.00857437
alongside;0.008571526
the;0.008607393
snacks.;0.008630033
The;0.008571432
overall;0.008590617
scene;0.008585953
is;0.008588261
a;0.008583549
casual;0.008633939
and;0.008600939
inviting;0.008647769
dining;0.0086353
experience,;0.008599985
with;0.008601145
a;0.008581369
mix;0.008619708
of;0.008581155
healthy;0.008694419
and;0.008654392
indulgent;0.008673116
food;0.008599401
options.;0.00865141
