text;attention
The;0.008588251
image;0.008597452
features;0.008595153
a;0.008588118
dining;0.00860182
table;0.0085798595
with;0.008582595
a;0.008589155
plate;0.00858096
of;0.008577768
food,;0.008595283
including;0.008586517
a;0.008584665
variety;0.008580476
of;0.008578371
snacks;0.008589132
and;0.008585268
a;0.008587874
can;0.0085823275
of;0.008577672
soda.;0.008604544
The;0.008585209
plate;0.0123288585
is;0.008592209
placed;0.008580729
on;0.008579128
a;0.008583538
table;0.008582718
with;0.008579699
a;0.008582722
colorful;0.008582385
cloth,;0.008597507
adding;0.0085881995
a;0.008580083
touch;0.008577174
of;0.0085757235
elegance;0.008583312
to;0.008589505
the;0.008579127
scene.;0.008582224
There;0.008583093
are;0.008603862
several;0.008580245
carrots;0.008610719
scattered;0.008611156
across;0.008585455
the;0.0085820425
plate,;0.008585134
with;0.008579403
some;0.008579966
of;0.008580269
them;0.008580049
placed;0.008577549
closer;0.00857794
to;0.008578025
the;0.008585476
edge;0.008577458
and;0.008577293
others;0.00858103
in;0.008579273
the;0.008585938
middle.;0.00858079
Additionally,;0.008610776
a;0.008587835
few;0.00857896
oranges;0.008591318
are;0.008586248
also;0.008590877
present;0.008577163
on;0.008575864
the;0.008581542
plate,;0.008585114
adding;0.008577863
a;0.00857937
pop;0.0085774725
of;0.00857621
color;0.008587865
to;0.008576439
the;0.008585249
arrangement.;0.008580764
The;0.008579337
can;0.008602089
of;0.008581712
soda;0.008593034
is;0.008577944
positioned;0.008585772
next;0.0085875895
to;0.008583346
the;0.008601538
plate,;0.008582933
ready;0.008577655
to;0.008578994
be;0.008579673
enjoyed;0.008577297
alongside;0.008579052
the;0.008586276
snacks.;0.008607261
The;0.008579302
overall;0.008605238
scene;0.008585442
is;0.0086012455
a;0.0085948985
casual;0.008599279
and;0.008613708
inviting;0.008609647
dining;0.008609943
experience,;0.008608602
with;0.008588584
a;0.008588039
mix;0.008588029
of;0.00858455
healthy;0.008659911
and;0.008607253
indulgent;0.008652468
food;0.008629187
options.;0.00860082
