text;attention
The;0.008566455
image;0.008572255
features;0.008573897
a;0.008572927
dining;0.008593626
table;0.0085652
with;0.008576278
a;0.008579285
plate;0.00857719
of;0.008570082
food,;0.008585845
including;0.008573257
a;0.008569324
variety;0.008579062
of;0.008569342
snacks;0.008577662
and;0.008564469
a;0.008571886
can;0.008571356
of;0.0085654715
soda.;0.008585192
The;0.008571311
plate;0.0132549405
is;0.008578892
placed;0.008572393
on;0.008572959
a;0.008576868
table;0.0085698655
with;0.008566821
a;0.008567163
colorful;0.008578593
cloth,;0.008586054
adding;0.008567754
a;0.008568265
touch;0.008585584
of;0.008567801
elegance;0.008580682
to;0.008568352
the;0.008565506
scene.;0.008579127
There;0.008574895
are;0.008581136
several;0.008570838
carrots;0.008598644
scattered;0.0085667465
across;0.008573886
the;0.008578641
plate,;0.008584615
with;0.008568843
some;0.0085707875
of;0.00858109
them;0.0085744215
placed;0.008573399
closer;0.00857435
to;0.008571649
the;0.0085780695
edge;0.008572299
and;0.008566808
others;0.008566751
in;0.008570945
the;0.0085765915
middle.;0.008571706
Additionally,;0.008583555
a;0.00858076
few;0.008572725
oranges;0.008587247
are;0.0085713165
also;0.008581653
present;0.008571667
on;0.008573302
the;0.008571271
plate,;0.008579439
adding;0.008568327
a;0.008569281
pop;0.00858325
of;0.008568197
color;0.008572705
to;0.008573299
the;0.008571796
arrangement.;0.008578641
The;0.008570306
can;0.008581047
of;0.008577961
soda;0.008603652
is;0.008563966
positioned;0.00859546
next;0.00857698
to;0.008574322
the;0.008573078
plate,;0.008589566
ready;0.008565372
to;0.0085698515
be;0.008580456
enjoyed;0.008572985
alongside;0.008570708
the;0.008583692
snacks.;0.00860978
The;0.008569721
overall;0.0085858945
scene;0.008585075
is;0.008598996
a;0.008595317
casual;0.00862859
and;0.008572417
inviting;0.008641365
dining;0.008597277
experience,;0.008604235
with;0.008581583
a;0.008582693
mix;0.008621073
of;0.008588049
healthy;0.008648984
and;0.008604273
indulgent;0.008660394
food;0.008601786
options.;0.008628451
