text;attention
The;0.052853465
quote;0.05182695
written;0.047198772
in;0.0436848
the;0.042106394
image;0.045716364
is:;0.05012378
"""forgive";0.065182455
yourself;0.04573051
for;0.042512838
not;0.04304401
knowing;0.048259642
what;0.041882195
you;0.04231682
didn't;0.07550657
know;0.047228746
before;0.04319176
you;0.042415
lived;0.043723922
through;0.04147533
"it.""";0.04401972
