text;attention
The;0.024398373
quote;0.041599628
on;0.022653166
the;0.026784582
image;0.03220884
is:;0.035608444
"""My";0.16345601
goal;0.035291493
is;0.022457166
not;0.031959258
to;0.025808558
be;0.027239751
better;0.025620218
than;0.027362019
anyone;0.029574815
else,;0.025929257
but;0.029219791
to;0.022583716
be;0.02392372
better;0.023086151
than;0.031750076
|;0.039511308
used;0.03001892
to;0.01971097
"be.""";0.056985546
-;0.06717637
Wayne;0.03101718
Dyer;0.027064616
