text;attention
The;0.024373436
quote;0.038975652
on;0.028930869
the;0.028266551
image;0.028475111
is:;0.046079032
"""My";0.055384345
goal;0.039334677
is;0.03917306
not;0.028084991
to;0.028542543
be;0.029146785
better;0.029036757
than;0.030039696
anyone;0.03167395
else,;0.03321477
but;0.0388565
to;0.028834036
be;0.03006211
better;0.026812756
than;0.034112494
|;0.043915562
used;0.036584128
to;0.023313507
"be.""";0.106419206
-;0.03729665
Wayne;0.024923604
Dyer;0.030137101
