text;attention
The;0.06671735
man;0.06551007
in;0.046279904
the;0.042318385
image;0.07250307
is;0.062646374
riding;0.046143055
skis;0.04026196
down;0.03726085
a;0.03761212
snow-covered;0.052615505
slope;0.042835515
while;0.054883346
holding;0.045583032
an;0.038947903
ax;0.0509489
in;0.034317892
his;0.045638394
hand.;0.11697628
