text;attention
The;0.03762314
quote;0.045501005
on;0.037697885
the;0.032584403
image;0.03506004
is:;0.0402638
"""My";0.04099194
goal;0.043535616
is;0.0356302
not;0.03477101
to;0.03724063
be;0.03819155
better;0.03704001
than;0.03911275
anyone;0.035204507
else,;0.0349078
but;0.032144662
to;0.032225266
be;0.033458002
better;0.032249972
than;0.034279034
|;0.0369246
used;0.03285726
to;0.03175246
"be.""";0.032822497
-;0.032315046
Wayne;0.03235376
Dyer;0.031261228
