text;attention
In;0.011960625
the;0.010407361
image,;0.017907143
|;0.016786395
can;0.018090973
see;0.013637206
a;0.011893237
variety;0.012118682
of;0.010566217
furniture,;0.020203877
including;0.013060343
a;0.011236534
couch,;0.020706613
a;0.010079494
chair,;0.012706425
and;0.010115611
a;0.009657942
refrigerator.;0.03338847
The;0.012576291
couch;0.012155464
is;0.010775273
located;0.012462567
in;0.009804809
the;0.010374322
living;0.012305647
room,;0.014433554
while;0.010715104
the;0.009989453
chair;0.010417011
is;0.009898612
positioned;0.010462822
near;0.010839216
the;0.009638552
dining;0.010328275
table.;0.013362684
The;0.009953753
refrigerator;0.012941839
is;0.009965048
situated;0.0102988705
in;0.009312525
the;0.009378187
kitchen;0.009881081
area.;0.013119322
Additionally,;0.012940399
there;0.010121729
is;0.010194634
a;0.009765021
TV;0.011138169
in;0.009505614
the;0.009508783
living;0.009665654
room,;0.010346709
which;0.00956629
adds;0.010235033
to;0.0097241765
the;0.010145027
cozy;0.012921453
and;0.009531474
functional;0.010840802
setup;0.010348532
of;0.009678288
the;0.010163568
space.;0.012053457
The;0.009916821
presence;0.009637658
of;0.009564073
these;0.009729812
items;0.009629759
indicates;0.00982198
that;0.009806784
the;0.009750016
room;0.009720114
is;0.009548965
designed;0.009872427
to;0.00965822
accommodate;0.009806155
both;0.009823048
relaxation;0.010146554
and;0.00948359
dining;0.009447941
activities,;0.010629261
making;0.009473799
it;0.009404474
a;0.009440316
versatile;0.010499807
and;0.009095005
comfortable;0.009232706
living;0.009135892
space.;0.009416569
