text;attention
The;0.030376583
quote;0.02562708
on;0.03160969
the;0.037593536
image;0.025299462
is:;0.070239335
"""My";0.0680575
goal;0.027151003
is;0.030781329
not;0.026817251
to;0.035962522
be;0.026773468
better;0.025179885
than;0.026519584
anyone;0.035136834
else,;0.06265918
but;0.031913385
to;0.03770929
be;0.026421918
better;0.024723008
than;0.02597115
|;0.032644864
used;0.027300801
to;0.035701964
"be.""";0.071991876
-;0.04137451
Wayne;0.02165947
Dyer;0.036803555
