text;attention
This;0.8364658
page;0.0039967056
shows;0.0039408053
a;0.0031373058
diagram;0.0038547113
showing;0.0043056603
how;0.0043728193
vehicles;0.0042694528
use;0.0046367017
noise;0.0052261837
and;0.00333825
vibration;0.007934796
reduction;0.008230693
systems;0.006326777
to;0.0040297965
reduce;0.0032683215
their;0.0032360088
environmental;0.0031185844
impact.;0.0053028367
The;0.0042391797
diagram;0.003317586
includes;0.0036720769
various;0.0034964916
components,;0.005431633
such;0.0043594954
as;0.0034630732
vehicle;0.0034305754
body,;0.0060754837
engine,;0.005369197
transmission,;0.0042941165
differentials,;0.0051939315
and;0.0027581893
wheels,;0.0032144703
that;0.002944953
are;0.0026928822
used;0.002893774
for;0.0029013164
noise;0.0031134211
and;0.0027344334
vibration;0.0027139531
reduction.;0.0026975125
