text;attention
A;0.011677649
possible;0.012304081
reason;0.013216575
the;0.011127873
people;0.011655055
in;0.010608774
the;0.009123517
image;0.015215948
are;0.012035781
playing;0.012388687
Wii;0.024553852
at;0.011930226
work;0.014447615
could;0.0132064745
be;0.009841735
that;0.012528241
they;0.010305645
enjoy;0.011465322
spending;0.0108389715
time;0.0098669445
together,;0.018602291
engaging;0.010103541
in;0.009315693
fun;0.0099244835
activities,;0.012646286
and;0.010103237
fostering;0.010665686
a;0.009038802
sense;0.009957221
of;0.009012944
camaraderie.;0.024109287
Wii;0.015704136
games;0.012305144
often;0.01086987
involve;0.011449033
physical;0.009932113
movements,;0.013608803
which;0.009767408
can;0.009130912
help;0.009950911
relieve;0.009880826
stress,;0.01201715
promote;0.009797348
teamwork,;0.013090568
and;0.009223652
enhance;0.009261352
communication;0.009592631
among;0.009035441
players.;0.013692932
By;0.009948889
playing;0.0102867745
together,;0.014385422
they;0.010134336
share;0.010057332
a;0.008777679
common;0.0093390085
interest;0.010044287
in;0.00941166
a;0.008993922
fun;0.009300975
and;0.008780868
interactive;0.009295706
way,;0.010527312
which;0.009142529
can;0.008905035
contribute;0.009162355
to;0.008874119
a;0.008594878
positive;0.008883367
work;0.00906343
environment.;0.011138639
Additionally,;0.011145325
playing;0.009990151
Wii;0.010240024
at;0.009128043
work;0.009520327
might;0.009703471
encourage;0.010095163
employees;0.0102788545
to;0.009539163
engage;0.009063886
in;0.008838281
more;0.008800235
physical;0.009199572
activity,;0.010655874
which;0.008859376
can;0.0086264815
lead;0.008606524
to;0.008694976
improved;0.009105017
health;0.009048431
and;0.008477837
well-being.;0.0092057
