text;attention
The;0.011679492
purpose;0.011652961
of;0.01169829
the;0.011661682
Om;0.011645859
chanting;0.011801858
in;0.01178234
the;0.011663767
image;0.01167518
is;0.011672005
to;0.011654937
promote;0.011647761
positive;0.011663637
transformation;0.011673855
and;0.011676308
meditation.;0.011918573
The;0.011661996
group;0.018652515
of;0.011662657
people;0.011672136
is;0.011651984
sitting;0.011636218
in;0.011638434
a;0.011656468
circle,;0.0116662625
focusing;0.01167251
on;0.011665457
the;0.011645979
chant,;0.011668265
which;0.011704968
is;0.011645088
a;0.0116485935
deep;0.011639246
mantra;0.011708984
that;0.01177571
helps;0.0116535565
them;0.0116417045
connect;0.011642224
with;0.011648581
their;0.011649427
inner;0.011637869
selves;0.011709607
and;0.011657467
achieve;0.011646977
a;0.0116473455
state;0.011648577
of;0.011665934
mindfulness.;0.011782038
This;0.011648683
practice;0.011678294
can;0.011668999
lead;0.011674147
to;0.011684163
personal;0.011665956
growth,;0.011726887
relaxation,;0.011807872
and;0.01163691
stress;0.011635084
reduction.;0.011795342
The;0.011666935
image;0.011683046
also;0.011675235
suggests;0.011688523
that;0.011669451
the;0.011639065
Om;0.011655049
chanting;0.011896268
is;0.011672311
being;0.011642999
used;0.01165205
as;0.01166661
a;0.011646825
tool;0.011642199
for;0.0116568105
positive;0.01166614
transformation,;0.011724503
which;0.011674144
can;0.01167675
be;0.011687077
achieved;0.0116686085
through;0.0116786
meditation;0.011692395
and;0.011764454
mindfulness;0.011818311
practices.;0.011699958
