text;attention
The;0.008776037
bedroom;0.0102234045
in;0.00802664
the;0.0077118617
image;0.010608636
has;0.011681595
a;0.009149316
modern;0.007630857
and;0.007859561
stylish;0.0078809755
appearance,;0.019829182
featuring;0.010488236
a;0.008905414
large;0.008310848
bed;0.011281184
with;0.009212182
white;0.007406333
pillows;0.010918236
and;0.009607026
a;0.00836583
white;0.0075939805
comforter.;0.102758214
The;0.008931718
room;0.011340265
is;0.00947638
dimly;0.0093435
lit,;0.019286942
creating;0.009790564
a;0.008952758
cozy;0.0086221155
and;0.0078081004
intimate;0.00834361
atmosphere.;0.12163145
The;0.010050805
bed;0.0112737715
is;0.009333233
positioned;0.009141142
next;0.009626974
to;0.0073122815
a;0.008631169
wall,;0.020480448
and;0.011169818
there;0.0092280945
is;0.009579798
a;0.009063852
lamp;0.009122689
on;0.009053019
the;0.00812907
nightstand,;0.047117587
providing;0.010310119
additional;0.008291816
lighting;0.010784768
in;0.008915305
the;0.0076255356
room.;0.036905065
The;0.011441124
overall;0.007260996
ambiance;0.013606055
of;0.009957543
the;0.007544204
bedroom;0.010088742
is;0.01070747
inviting;0.008076545
and;0.007855933
comfortable,;0.016704012
making;0.00935301
it;0.008449827
an;0.008469155
ideal;0.009175613
space;0.009401863
for;0.008262698
relaxation;0.007935287
and;0.008271744
rest.;0.018538833
