text;attention
The;3.2599277e-07
bedroom;1.9995612e-07
in;1.5991107e-07
the;1.8059829e-07
image;2.5453556e-07
has;1.9721239e-07
a;1.502886e-07
modern;1.9528112e-07
and;1.3737949e-07
stylish;1.4856035e-07
appearance,;3.8975168e-07
featuring;2.0492375e-07
a;1.9132807e-07
large;1.5533396e-07
bed;1.8719277e-07
with;1.6372665e-07
white;1.6090587e-07
pillows;1.5965934e-07
and;1.5214776e-07
a;1.3253198e-07
white;1.5242094e-07
comforter.;0.2753357
The;1.8333176e-07
room;1.5428883e-07
is;1.9815008e-07
dimly;1.8030919e-07
lit,;1.7891385e-07
creating;1.5843604e-07
a;1.3060126e-07
cozy;1.5808287e-07
and;1.3381421e-07
intimate;1.6350587e-07
atmosphere.;0.27018848
The;1.7639303e-07
bed;1.6360833e-07
is;1.8291071e-07
positioned;1.4573459e-07
next;1.5082875e-07
to;1.6051855e-07
a;1.369461e-07
wall,;4.6166147e-07
and;1.7590534e-07
there;1.508384e-07
is;1.644689e-07
a;1.260992e-07
lamp;1.5649314e-07
on;1.5458913e-07
the;1.5289365e-07
nightstand,;2.189687e-07
providing;1.478384e-07
additional;1.7359257e-07
lighting;1.6672804e-07
in;1.4458723e-07
the;1.4052902e-07
room.;0.22263685
The;1.857502e-07
overall;1.4768904e-07
ambiance;1.6642461e-07
of;1.6909345e-07
the;1.865165e-07
bedroom;1.8098879e-07
is;2.140879e-07
inviting;1.6727684e-07
and;1.3968629e-07
comfortable,;5.5587566e-07
making;1.6279728e-07
it;1.4891695e-07
an;1.3538784e-07
ideal;1.6762547e-07
space;1.4758245e-07
for;1.7469249e-07
relaxation;1.526403e-07
and;1.345599e-07
rest.;0.23182629
