text;attention
Reaching;0.37232527
for;0.31770882
Home;0.3099659
