text;attention
The;0.0010530617
name;0.00062937936
of;0.0007127743
the;0.00058764784
school;0.00074096903
mentioned;0.000656245
in;0.00060479186
the;0.0013272971
image;0.00067569665
is;0.0007049689
Witch;0.0006376463
School.;0.99166954
