text;attention
The;0.018098311
quote;0.030798929
in;0.0199631
the;0.01804862
image;0.025425445
reads:;0.03873298
"""Forgive";0.053589225
yourself;0.02143492
for;0.019958377
not;0.019500911
knowing;0.023207473
what;0.02080011
you;0.021056643
didn't;0.030173652
know;0.021470826
before;0.021602353
you;0.020392718
lived;0.023041738
through;0.021416036
it.;0.034584347
Honor;0.02678845
your;0.01872135
path.;0.039150417
Trust;0.024354242
your;0.018130941
journey.;0.04032363
Learn,;0.033759758
grow,;0.035030063
evolve,;0.033375192
"become.""";0.039119698
It;0.02031285
is;0.020906145
attributed;0.025888234
to;0.019870212
someone;0.022087915
named;0.021215409
Cinda;0.026904762
Crawford.;0.030764107
