;ID;x;y;duration;pupil_r;pupil_l;word;word_number;distance
3781;3782;622.093162536621;735.8356135368347;167.0;3.2199127197265627;3.517681884765625;;;
3782;3783;566.416537945087;757.824570949261;216.0;3.223179743840144;3.5300316443810096;What;0.0;12.175429050739012
3783;3784;693.0446159362793;773.4182644844055;166.0;3.197494506835937;3.5851959228515624;the;3.0;2.9553840637206577
3784;3785;770.4449768066406;777.9553098678589;200.0;3.172346750895182;3.581414540608724;clock;4.0;0.0
3785;3786;883.8974467686245;772.6313481330872;233.0;3.164391653878348;3.6085913521902895;building;7.0;0.0
3786;3787;949.5459228515624;767.422064781189;166.0;3.1701873779296874;3.617535400390625;show?;8.0;2.577935218811035
3787;3788;791.7139238630023;777.8526729175022;233.0;3.1616319928850447;3.5728628976004466;on;5.0;0.0
3788;3789;886.8258972167969;783.1467490196228;100.0;3.1606114705403647;3.5987752278645835;building;7.0;0.0
3789;3790;978.9252033233643;768.20714199543;133.0;3.1536865234375;3.60342788696289;show?;8.0;1.7928580045700073
