;number;text;x1;y1;x2;y2;y;diff_y;line;fixations;fix_distance;fix_duration;first_fix_duration;fix_number;pupil_l;pupil_r;distance;pupil;fix_duration_avg;go_past_time
0;0;What;568;770;617;786;778.0;;1;[];[];0.0;0.0;0;;;312.6662558691304;;;
1;1;is;625;770;638;786;778.0;0.0;1;[np.float64(4848.0)];[np.float64(1.03163871765139)];167.0;167.0;1;3.475;3.1265;291.6665415472716;3.3;167.0;167.0
2;2;the;646;770;675;786;778.0;0.0;1;[];[];0.0;0.0;0;;;254.66715951847036;;;
3;3;possible;684;770;760;790;780.0;2.0;1;[np.float64(4849.0)];[np.float64(0.0)];100.0;100.0;1;3.3895;3.0321;169.66959997792037;3.21;100.0;100.0
4;4;theme;768;770;826;786;778.0;2.0;1;[np.float64(4839.0), np.float64(4850.0)];[np.float64(1.5822844565669811), np.float64(0.0)];1500.0;1317.0;2;3.4907;3.1048;103.67425487901983;3.3;750.0;1317.0
5;5;of;834;770;852;786;778.0;0.0;1;[];[];0.0;0.0;0;;;77.67826042360629;;;
6;6;this;859;770;891;786;778.0;0.0;1;[];[];0.0;0.0;0;;;38.694362238109676;;;
7;7;image?;900;770;967;790;780.0;2.0;1;[np.float64(4840.0), np.float64(4851.0)];[np.float64(4.056470541196404), np.float64(1.5751654761178315)];1900.0;1783.0;2;3.5092;3.1166;1.5751654761178315;3.31;950.0;2350.0
