;number;text;x1;y1;x2;y2;y;diff_y;line;fixations;fix_distance;fix_duration;first_fix_duration;fix_number;pupil_l;pupil_r;distance;pupil;fix_duration_avg;go_past_time
0;0;What;612;770;661;786;778.0;;1;[];[];0.0;0.0;0;;;21.060950737406;;;
1;1;is;669;770;682;786;778.0;0.0;1;[np.float64(2800.0), np.float64(2803.0)];[np.float64(17.15117161585192), np.float64(19.250028610229492)];317.0;167.0;2;3.6041;3.2557;19.250028610229492;3.43;158.5;167.0
2;2;the;690;770;719;786;778.0;0.0;1;[];[];0.0;0.0;0;;;28.089344559803926;;;
3;3;quote;727;771;780;790;780.5;2.5;1;[];[];0.0;0.0;0;;;60.92006947873001;;;
4;4;on;788;774;810;786;780.0;0.5;1;[];[];0.0;0.0;0;;;120.71613919663194;;;
5;5;the;818;770;847;786;778.0;2.0;1;[np.float64(2802.0)];[np.float64(14.265469004344354)];133.0;133.0;1;3.6021;3.242;149.6988498713314;3.42;133.0;283.0
6;6;image?;856;770;923;790;780.0;2.0;1;[np.float64(2801.0)];[np.float64(20.633036262110636)];316.0;316.0;1;3.6261;3.2069;187.4470623146107;3.42;316.0;599.0
