text;attention
Reaching;0.3750071
for;0.31637144
Home;0.3086214
