text;attention
Reaching;0.3634289
for;0.33002472
Home;0.30654645
