text;attention
The;0.14072518
bowl;0.14497614
in;0.14116949
the;0.14331056
image;0.1420971
is;0.14053985
small.;0.1471817
