text;attention
The;0.13639724
bowl;0.16246408
in;0.13582511
the;0.13615292
image;0.14287892
is;0.13824694
small.;0.14803478
