text;attention
The;0.14123519
bowl;0.14377582
in;0.14190187
the;0.14429568
image;0.14204313
is;0.14134203
small.;0.14540634
