text;attention
The;0.08341475
name;0.08636162
of;0.07769602
the;0.07884959
school;0.080487415
mentioned;0.08435935
in;0.076086365
the;0.07740616
image;0.078359134
is;0.077328585
Witch;0.0807155
School.;0.118935466
