text;attention
The;0.0380983
quote;0.038163114
on;0.03276126
the;0.032522615
image;0.03644237
is:;0.03763843
"""My";0.0369402
goal;0.038881686
is;0.033252858
not;0.03643755
to;0.03287973
be;0.033431288
better;0.040714193
than;0.03506588
anyone;0.040161196
else,;0.036680657
but;0.033414476
to;0.033345755
be;0.032992017
better;0.04327199
than;0.03557052
|;0.034844138
used;0.034536973
to;0.03355953
"be.""";0.037145756
-;0.033248454
Wayne;0.03409793
Dyer;0.033901162
