text;attention
The;0.0051773125
man;0.004590972
is;0.004868069
performing;0.004804781
a;0.0045975815
trick;0.004814086
on;0.004357363
his;0.0043413937
skateboard,;0.38616914
jumping;0.0046137385
in;0.21046332
the;0.2150861
air;0.004682409
while;0.004687534
riding;0.004772082
it.;0.13197422
