text;attention
The;0.0005721373
man;0.0005569565
is;0.0005972087
performing;0.0004799915
a;0.00046743648
trick;0.0004920109
on;0.000441086
his;0.00045681474
skateboard,;0.0012406367
jumping;0.000489872
in;0.00038872048
the;0.9868225
air;0.00040075218
while;0.0004247686
riding;0.00049681606
it.;0.0056723463
