text;attention
The;1.4941309e-11
bedroom;2.2421948e-11
in;1.1683717e-11
the;1.119883e-11
image;1.3258491e-11
has;1.2627811e-11
a;1.1557449e-11
modern;1.2389261e-11
and;1.0332974e-11
stylish;1.2543792e-11
appearance,;1.4155917e-11
featuring;1.1487144e-11
a;1.0989683e-11
large;1.0947842e-11
bed;1.3088563e-11
with;1.0994905e-11
white;1.309026e-11
pillows;1.4370012e-11
and;1.0497956e-11
a;1.0478872e-11
white;1.107349e-11
comforter.;1.0
The;1.2494364e-11
room;1.14947045e-11
is;1.0464751e-11
dimly;1.1848326e-11
lit,;1.2887733e-11
creating;1.0989495e-11
a;1.1483573e-11
cozy;1.1459438e-11
and;1.037302e-11
intimate;1.0861568e-11
atmosphere.;1.2660393e-11
The;1.0657948e-11
bed;1.1806232e-11
is;1.0801078e-11
positioned;1.2745363e-11
next;1.0942141e-11
to;1.14299264e-11
a;1.0603284e-11
wall,;1.2624295e-11
and;1.0248887e-11
there;1.0159222e-11
is;1.03525235e-11
a;1.0276251e-11
lamp;1.1932717e-11
on;1.0961632e-11
the;1.0613481e-11
nightstand,;1.2539846e-11
providing;1.0507652e-11
additional;1.0363033e-11
lighting;1.1282703e-11
in;1.0332894e-11
the;1.0260915e-11
room.;1.1280572e-11
The;1.0486609e-11
overall;1.089383e-11
ambiance;1.2681951e-11
of;1.0196164e-11
the;1.0559769e-11
bedroom;1.0935987e-11
is;1.0763381e-11
inviting;1.13779194e-11
and;1.0173475e-11
comfortable,;1.1423497e-11
making;1.0222218e-11
it;1.0152326e-11
an;9.9076e-12
ideal;1.0232713e-11
space;1.041205e-11
for;1.0739306e-11
relaxation;1.0470001e-11
and;1.0023719e-11
rest.;1.0099369e-11
