text;attention
The;0.016144803
bedroom;0.014685206
in;0.015189299
the;0.018190773
image;0.016407123
has;0.016074838
a;0.017024137
clean;0.015160044
and;0.014240108
minimalist;0.01462576
appearance,;0.021148108
featuring;0.0143461265
a;0.016151726
large;0.012896227
bed;0.016355636
with;0.014584761
white;0.012907826
sheets;0.01344998
and;0.015364209
pillows,;0.025020823
which;0.015070454
gives;0.013968699
it;0.015793573
a;0.015717823
fresh;0.014349576
and;0.014600741
inviting;0.014371446
look.;0.028767599
The;0.017129174
room;0.016108047
is;0.015046923
well-lit,;0.034793932
with;0.014892819
a;0.01703071
light;0.015161344
on,;0.020746788
creating;0.01446608
a;0.017226996
cozy;0.014389002
atmosphere.;0.03413049
The;0.016368479
overall;0.01321084
atmosphere;0.017891763
of;0.014081434
the;0.01809506
bedroom;0.015327697
is;0.016824726
calm;0.016304424
and;0.014270261
relaxing,;0.022233473
making;0.014626697
it;0.01648943
an;0.0145660965
ideal;0.0138660865
space;0.015380633
for;0.01536093
rest;0.015778836
and;0.016597664
rejuvenation.;0.028995788
