text;attention
In;0.011223489
the;0.011241912
image,;0.011230365
|;0.011251313
can;0.011225436
see;0.011243748
a;0.011236569
variety;0.011234538
of;0.011223045
furniture,;0.011290021
including;0.011226525
a;0.011224123
couch,;0.011230934
a;0.01123272
chair,;0.011221924
and;0.011225505
a;0.011218273
refrigerator.;0.011262314
The;0.01122308
couch;0.0112541765
is;0.0112222945
located;0.0112234745
in;0.011220523
the;0.011231262
living;0.011218211
room,;0.011236845
while;0.011231949
the;0.011222637
chair;0.011224268
is;0.01122082
positioned;0.011226852
near;0.011233226
the;0.011219506
dining;0.011222651
table.;0.011226513
The;0.011222598
refrigerator;0.0112975985
is;0.011229794
situated;0.0112214135
in;0.011219088
the;0.011239059
kitchen;0.011218329
area.;0.01123439
Additionally,;0.011255647
there;0.011263678
is;0.011225486
a;0.011226534
TV;0.011220408
in;0.011221794
the;0.0112280315
living;0.011218971
room,;0.011233696
which;0.01122138
adds;0.0112211155
to;0.011224575
the;0.0112233525
cozy;0.011230005
and;0.011228625
functional;0.011230283
setup;0.011221605
of;0.01123502
the;0.0112364115
space.;0.011230478
The;0.011231993
presence;0.011267403
of;0.011225458
these;0.011255251
items;0.011219373
indicates;0.011231233
that;0.011232002
the;0.011247218
room;0.011225697
is;0.011226395
designed;0.011233153
to;0.011225768
accommodate;0.011248238
both;0.011331779
relaxation;0.011243314
and;0.011267554
dining;0.011239961
activities,;0.011237764
making;0.011257904
it;0.011243938
a;0.01122842
versatile;0.0112479
and;0.011300059
comfortable;0.011227382
living;0.011224571
space.;0.011299894
