text;attention
The;0.07783944
predominant;0.06783475
airplane;0.09107363
on;0.06200922
display;0.077597715
is;0.06797254
blue,;0.08505857
with;0.05924686
additional;0.05591838
stripes;0.07896374
in;0.054646403
red,;0.061086517
white,;0.058721706
and;0.05034163
green.;0.051688932
