text;attention
The;0.04743193
purpose;0.04724691
of;0.04754607
the;0.047325544
Om;0.047174
chanting;0.048272878
mentioned;0.04827579
in;0.047303397
the;0.047169678
image;0.047219664
is;0.04723804
to;0.047164373
meditate;0.04764114
and;0.04831224
chant;0.04723926
deep;0.04733644
mantra;0.048129044
chants;0.048615284
for;0.048253443
positive;0.047276717
transformation.;0.04782814
