text;attention
The;0.017120304
bedroom;0.017506063
in;0.013734821
the;0.012746204
image;0.019582858
has;0.012953535
a;0.009744718
modern;0.013927277
and;0.009246143
stylish;0.015506061
appearance,;0.02553759
featuring;0.013650235
a;0.009263146
large;0.009151736
bed;0.014078924
with;0.009781988
white;0.009477135
pillows;0.0099625
and;0.008865784
a;0.008319195
white;0.009489815
comforter.;0.04338117
The;0.01237735
room;0.013052715
is;0.010685543
dimly;0.011919804
lit,;0.017210804
creating;0.012478188
a;0.009539089
cozy;0.012355567
and;0.008965847
intimate;0.009957921
atmosphere.;0.037206996
The;0.012854381
bed;0.01417902
is;0.009695088
positioned;0.0105591295
next;0.009365752
to;0.007831824
a;0.009909013
wall,;0.012679924
and;0.015010775
there;0.009571241
is;0.010586992
a;0.008907434
lamp;0.010588829
on;0.008458192
the;0.010407126
nightstand,;0.020905446
providing;0.012640933
additional;0.014874623
lighting;0.011402171
in;0.011064037
the;0.009616291
room.;0.031703234
The;0.011896987
overall;0.011300962
ambiance;0.019217253
of;0.012044404
the;0.014883786
bedroom;0.017046263
is;0.01172543
inviting;0.014104407
and;0.0087921955
comfortable,;0.016683612
making;0.011453776
it;0.012423139
an;0.010348419
ideal;0.018869255
space;0.009691818
for;0.010145666
relaxation;0.0118875345
and;0.009981586
rest.;0.025914984
