;ID;x;y;duration;pupil_r;pupil_l;word;word_number;distance
6150;6151;733.9474666819854;419.6280674373402;283.0;2.0943181654986214;2.2606129365808822;;;
6151;6152;782.0529899597168;421.38834884762764;267.0;2.1158838272094727;2.2529773712158203;Jignesh;0.0;3.7620223154171986
6152;6153;737.8323554992675;422.1924651861191;75.0;2.0747642517089844;2.212684631347656;Jignesh;0.0;2.8075348138809204
