;ID;x;y;duration;pupil_r;pupil_l;word;word_number;distance
6507;6508;638.9181677011343;757.2385170276349;208.0;2.011614285982572;2.277046790489784;;;
6508;6509;714.7918539047241;755.2244145870209;133.0;2.034229278564453;2.2341670989990234;happening;1.0;14.775585412979126
6509;6510;796.512711745042;749.402613566472;216.0;2.048548771784856;2.1990332970252404;in;2.0;20.59738643352796
6510;6511;854.9372569492886;750.1087599481855;233.0;2.0943734305245534;2.187742966871995;scene?;4.0;19.89124005181452
6524;6525;846.5449967817826;686.4954617240212;183.0;1.864411787553267;2.019717129794034;the;3.0;83.51882977951816
