;number;text;x1;y1;x2;y2;y;diff_y;line;fixations;fix_distance;fix_duration;first_fix_duration;fix_number;pupil_l;pupil_r;distance;pupil;fix_duration_avg;go_past_time
0;0;Did;556;770;585;786;778.0;;1;[np.float64(6815.0), np.float64(6817.0)];[np.float64(5.149514198303223), np.float64(6.043520520835)];450.0;150.0;2;2.3195;2.0344;241.33607358383813;2.18;225.0;150.0
1;1;the;593;770;622;786;778.0;0.0;1;[np.float64(6818.0), np.float64(6820.0)];[np.float64(7.44064970016484), np.float64(4.757434320449875)];501.0;167.0;2;2.287;1.9933;204.4229275288803;2.14;250.5;167.0
2;2;artist;630;770;676;786;778.0;0.0;1;[np.float64(6816.0), np.float64(6819.0), np.float64(6821.0)];[np.float64(2.3734092712402344), np.float64(10.091402411460876), np.float64(4.8541884855791295)];483.0;166.0;3;2.2784;2.0138;150.62619814105443;2.15;161.0;1284.0
3;3;include;685;770;750;786;778.0;0.0;1;[np.float64(6822.0)];[np.float64(17.440108156204246)];334.0;334.0;1;2.1935;1.9932;77.3661252723466;2.09;334.0;334.0
4;4;a;758;774;768;786;780.0;2.0;1;[];[];0.0;0.0;0;;;60.96202330357306;;;
5;5;chicken;777;770;846;786;778.0;2.0;1;[np.float64(6823.0), np.float64(6824.0), np.float64(6845.0)];[np.float64(17.498746725229125), np.float64(13.626031398773193), np.float64(15.209773744855624)];708.0;217.0;3;2.1086;2.0087;15.209773744855624;2.06;236.0;350.0
6;6;in;856;770;870;786;778.0;0.0;1;[];[];0.0;0.0;0;;;33.76357686811801;;;
7;7;this;878;770;910;786;778.0;0.0;1;[np.float64(6825.0), np.float64(6843.0), np.float64(6844.0)];[np.float64(10.959646987914994), np.float64(61.61167013645172), np.float64(20.926234006881714)];450.0;250.0;3;2.0713;1.9378;54.31667681140854;2.0;150.0;250.0
8;8;piece?;919;770;979;790;780.0;2.0;1;[np.float64(6826.0), np.float64(6830.0), np.float64(6831.0)];[np.float64(11.149678707122803), np.float64(15.41378215282862), np.float64(16.687330961227417)];483.0;100.0;3;2.1924;2.0524;94.37734774671678;2.12;161.0;1041.0
