text;attention
The;0.009012762
bedroom;0.012781383
in;0.008646118
the;0.007974029
image;0.009959295
has;0.008925005
a;0.007595038
modern;0.00939542
and;0.008314578
stylish;0.013024106
appearance,;0.026672462
featuring;0.013182021
a;0.007471024
large;0.008943182
bed;0.011617934
with;0.008436717
white;0.008849965
pillows;0.023675842
and;0.0078015807
a;0.007404586
white;0.008373128
comforter.;0.1514395
The;0.0091037
room;0.009295744
is;0.008031364
dimly;0.023700302
lit,;0.021642702
creating;0.011207074
a;0.0074006603
cozy;0.010396504
and;0.008044884
intimate;0.01202598
atmosphere.;0.029969884
The;0.009153401
bed;0.010228347
is;0.008287278
positioned;0.013024701
next;0.009162728
to;0.007451185
a;0.007498935
wall,;0.021346329
and;0.007973215
there;0.009256584
is;0.00796789
a;0.0072631985
lamp;0.010665646
on;0.00796664
the;0.0076344344
nightstand,;0.057744037
providing;0.01015735
additional;0.010770297
lighting;0.009252892
in;0.00782244
the;0.007429191
room.;0.026741134
The;0.008463857
overall;0.008776926
ambiance;0.018859452
of;0.0075449655
the;0.0073266407
bedroom;0.009993783
is;0.007882071
inviting;0.009788379
and;0.007576002
comfortable,;0.022214796
making;0.007942116
it;0.0079983855
an;0.0072942683
ideal;0.009170181
space;0.008244169
for;0.007154151
relaxation;0.008366437
and;0.0071507837
rest.;0.023140287
