text;attention
In;0.011140618
the;0.011153414
image,;0.011175448
|;0.011202822
can;0.011190097
see;0.01116939
a;0.011171312
variety;0.011191023
of;0.011180688
furniture,;0.011279772
including;0.011203706
a;0.011205999
couch,;0.011246374
a;0.0111901155
chair,;0.011196266
and;0.011185237
a;0.0111617725
refrigerator.;0.011313416
The;0.011204271
couch;0.0149705205
is;0.011159828
located;0.0111656
in;0.01115956
the;0.011177472
living;0.011143229
room,;0.011213249
while;0.0112390565
the;0.01119871
chair;0.011190147
is;0.011142554
positioned;0.0112180775
near;0.011138426
the;0.011156059
dining;0.011179306
table.;0.011195308
The;0.011159208
refrigerator;0.011368958
is;0.01116196
situated;0.011160131
in;0.011143187
the;0.011153977
kitchen;0.011135605
area.;0.011225385
Additionally,;0.01123237
there;0.011172866
is;0.01114698
a;0.011153805
TV;0.01114315
in;0.011147451
the;0.011213031
living;0.011162068
room,;0.011202061
which;0.011180837
adds;0.011176237
to;0.011149712
the;0.011162422
cozy;0.011179773
and;0.011142909
functional;0.011183326
setup;0.011160816
of;0.011274544
the;0.011246615
space.;0.011180059
The;0.011225512
presence;0.011238087
of;0.011194318
these;0.0111617725
items;0.011140098
indicates;0.011176182
that;0.011223205
the;0.011251407
room;0.01115947
is;0.011162388
designed;0.011245422
to;0.011159397
accommodate;0.011251943
both;0.011143132
relaxation;0.01125774
and;0.011177521
dining;0.011297919
activities,;0.011285406
making;0.01121236
it;0.011244046
a;0.01121456
versatile;0.011240689
and;0.011174165
comfortable;0.011194727
living;0.011188744
space.;0.011251415
