text;attention
In;0.011158247
the;0.011164248
image,;0.011176439
|;0.011182236
can;0.011164266
see;0.011221064
a;0.0111676315
variety;0.011177852
of;0.011162817
furniture,;0.011283792
including;0.011181839
a;0.011160992
couch,;0.011212766
a;0.0112454
chair,;0.011171134
and;0.011186672
a;0.0111499205
refrigerator.;0.011272202
The;0.01116374
couch;0.015852561
is;0.0111572845
located;0.0111807175
in;0.011158012
the;0.011166006
living;0.01115566
room,;0.011215651
while;0.011194456
the;0.011151745
chair;0.011157194
is;0.011156689
positioned;0.011183634
near;0.011159177
the;0.011152935
dining;0.011183587
table.;0.011178431
The;0.011157242
refrigerator;0.011230788
is;0.011175224
situated;0.0111564305
in;0.011151468
the;0.01115794
kitchen;0.01115774
area.;0.011186989
Additionally,;0.011183306
there;0.011164795
is;0.011154878
a;0.011153772
TV;0.011157108
in;0.01115827
the;0.011192218
living;0.011160019
room,;0.011181898
which;0.01116699
adds;0.011150434
to;0.011150599
the;0.011164219
cozy;0.011195255
and;0.011152907
functional;0.011181073
setup;0.011152143
of;0.011175682
the;0.011187312
space.;0.011195362
The;0.011180191
presence;0.01118696
of;0.011164248
these;0.011186793
items;0.01116493
indicates;0.0111673465
that;0.011164148
the;0.011165148
room;0.011171381
is;0.011165799
designed;0.011201001
to;0.0111625325
accommodate;0.011209142
both;0.011205268
relaxation;0.01126404
and;0.0112153785
dining;0.011263612
activities,;0.011207643
making;0.011192855
it;0.011188361
a;0.011181729
versatile;0.011237562
and;0.011258582
comfortable;0.011255921
living;0.011168231
space.;0.011312155
