text;attention
The;0.008699863
purpose;0.009971087
of;0.008574361
the;0.012751959
Om;0.008578945
chanting;0.009002478
in;0.011359182
the;0.008322533
image;0.011141922
is;0.008646
to;0.008493925
promote;0.011692048
positive;0.008060806
transformation;0.0077485214
and;0.008943546
meditation.;0.043166146
The;0.0142499
group;0.008703214
of;0.006986231
people;0.010300654
is;0.012970795
sitting;0.009463207
in;0.0067895628
a;0.0072925165
circle,;0.020450566
focusing;0.012273054
on;0.009689022
the;0.0108702285
chant,;0.019941872
which;0.009259795
is;0.009660346
a;0.008925932
deep;0.008501945
mantra;0.013129872
that;0.008183706
helps;0.010302449
them;0.009508629
connect;0.009759785
with;0.008374338
their;0.0063081426
inner;0.007345882
selves;0.016490044
and;0.009515844
achieve;0.009358539
a;0.0075554377
state;0.009331834
of;0.0065674135
mindfulness.;0.034027528
This;0.009414227
practice;0.008391659
can;0.015691454
lead;0.008664938
to;0.0076840445
personal;0.007379846
growth,;0.011511018
relaxation,;0.010876006
and;0.0077143074
stress;0.0074073044
reduction.;0.03327489
The;0.008380381
image;0.009091181
also;0.010347764
suggests;0.011590363
that;0.008945755
the;0.011521097
Om;0.007980502
chanting;0.008152244
is;0.010457962
being;0.008973408
used;0.009140537
as;0.0077509396
a;0.0073962132
tool;0.008901278
for;0.01214636
positive;0.009597439
transformation,;0.019529838
which;0.011172769
can;0.010505129
be;0.0065005557
achieved;0.008403755
through;0.012626827
meditation;0.009001476
and;0.009759003
mindfulness;0.008439854
practices.;0.08843616
