text;attention
The;0.010633478
purpose;0.008738439
of;0.009641635
the;0.014482421
Om;0.008047824
chanting;0.00748602
in;0.010034934
the;0.0121548455
image;0.008247884
is;0.010077427
to;0.009059707
promote;0.011076471
positive;0.0074141435
transformation;0.007951268
and;0.010038004
meditation.;0.044526327
The;0.013047672
group;0.007811263
of;0.008271217
people;0.007929097
is;0.010897799
sitting;0.007858278
in;0.008104326
a;0.008623958
circle,;0.027479343
focusing;0.008564621
on;0.008057475
the;0.011859004
chant,;0.021773677
which;0.009692695
is;0.00971148
a;0.010128715
deep;0.0077409022
mantra;0.007714778
that;0.008539447
helps;0.009347621
them;0.008063755
connect;0.0070072035
with;0.007283759
their;0.008111877
inner;0.0067215827
selves;0.010021581
and;0.012457037
achieve;0.008926269
a;0.009009614
state;0.006941498
of;0.0077670407
mindfulness.;0.0625121
This;0.0085540265
practice;0.008016534
can;0.008749024
lead;0.008616819
to;0.010369631
personal;0.005854846
growth,;0.02066659
relaxation,;0.014154719
and;0.010088083
stress;0.0059955367
reduction.;0.034762435
The;0.012878724
image;0.008161076
also;0.008397387
suggests;0.01060423
that;0.011888801
the;0.017403515
Om;0.008495819
chanting;0.0078287665
is;0.010258871
being;0.0073465994
used;0.0077597373
as;0.008290929
a;0.009071268
tool;0.008238673
for;0.00969311
positive;0.0069411094
transformation,;0.029102014
which;0.009243762
can;0.007664159
be;0.007405052
achieved;0.007194495
through;0.0076959273
meditation;0.007291395
and;0.010355628
mindfulness;0.010494878
practices.;0.05687827
