text;attention
In;0.009103789
the;0.00801115
image,;0.017862022
|;0.012338595
can;0.013875151
see;0.013974897
a;0.007939678
variety;0.0102356775
of;0.007538184
furniture,;0.01803798
including;0.01393852
a;0.008174653
couch,;0.015747415
a;0.0077850902
chair,;0.013159479
and;0.011557258
a;0.007965278
refrigerator.;0.042331003
The;0.009567895
couch;0.010199038
is;0.0093823
located;0.0101287225
in;0.011756787
the;0.008363394
living;0.0101314075
room,;0.012028184
while;0.014029273
the;0.009100381
chair;0.009049757
is;0.0087993145
positioned;0.008847741
near;0.011659071
the;0.0077505177
dining;0.009244631
table.;0.024543382
The;0.009082292
refrigerator;0.008682817
is;0.009072959
situated;0.008510641
in;0.010112879
the;0.007875012
kitchen;0.008683587
area.;0.016657801
Additionally,;0.017743548
there;0.008875597
is;0.011295575
a;0.009064751
TV;0.0113305645
in;0.011405901
the;0.007822684
living;0.008621987
room,;0.010736281
which;0.0113993585
adds;0.014207311
to;0.011180227
the;0.009900376
cozy;0.011364403
and;0.010238189
functional;0.009097929
setup;0.010657241
of;0.009313392
the;0.007878795
space.;0.023701148
The;0.008453144
presence;0.01108521
of;0.0077510485
these;0.010337982
items;0.009332468
indicates;0.016705792
that;0.0110185435
the;0.008534511
room;0.008311885
is;0.0090983305
designed;0.009849726
to;0.008420793
accommodate;0.010756674
both;0.00848797
relaxation;0.0112123685
and;0.010675166
dining;0.00794902
activities,;0.015654773
making;0.014584143
it;0.009093199
a;0.009177907
versatile;0.009314375
and;0.009087003
comfortable;0.008468859
living;0.008041879
space.;0.01992629
