text;attention
The;0.022993777
quote;0.04126658
on;0.027431268
the;0.023777978
image;0.03520195
is:;0.05041196
"""My";0.059442516
goal;0.046929892
is;0.028048068
not;0.026017783
to;0.029021323
be;0.02904983
better;0.033048917
than;0.028865865
anyone;0.027889377
else,;0.037769854
but;0.033230476
to;0.029503291
be;0.025399536
better;0.029968163
than;0.032896057
|;0.030375702
used;0.062128406
to;0.02197198
"be.""";0.088353574
-;0.045904044
Wayne;0.023204954
Dyer;0.029896937
