number;fix_duration;first_fix_duration;fix_number;fix_duration_n;first_fix_duration_n;fix_number_n;text
0;624.2;174.3;2.4;0.30950392331991805;0.2233896269879878;0.4094444444444444;Reaching
1;603.2;359.1;1.6;0.3624087501356348;0.4809226025557277;0.3458333333333333;for
2;451.6;273.3;1.4;0.3280873265444472;0.29568777045628447;0.2447222222222222;Home
