text;attention
The;0.52739257
prominent;0.030614017
objects;0.035027236
in;0.02976915
the;0.026262509
image;0.030786458
include;0.04057705
a;0.02970862
train,;0.049889255
a;0.027721882
station;0.033109985
platform,;0.035992287
and;0.025974685
a;0.025694305
train;0.025645759
station.;0.025834212
