text;attention
The;0.50752586
prominent;0.031627204
objects;0.034419402
in;0.029773684
the;0.02606708
image;0.03022102
include;0.034014113
a;0.028429996
train,;0.06893306
a;0.027392784
station;0.034112114
platform,;0.0437797
and;0.026175058
a;0.024938129
train;0.025071943
station.;0.027518773
