text;attention
Reaching;0.6240376
for;0.235792
Home;0.14017045
