text;attention
The;3.6909947e-05
man;3.1733543e-05
is;3.4062403e-05
performing;2.8512495e-05
a;3.0195377e-05
trick;3.2785774e-05
on;2.8864773e-05
his;2.774342e-05
skateboard,;9.937376e-05
jumping;2.9300909e-05
in;2.6881693e-05
the;7.012926e-05
air;2.7106355e-05
while;2.808992e-05
riding;3.0775955e-05
it.;0.9994374
