text;attention
The;0.15504782
predominant;0.16603279
airplane;0.15397409
on;0.13186736
display;0.13323678
is;0.13186897
blue.;0.12797225
