text;attention
The;0.13989626
predominant;0.17775057
airplane;0.16731034
on;0.12890197
display;0.13513999
is;0.1239849
blue.;0.12701598
