text;attention
The;3.8344186e-09
bowl;4.0106793e-09
in;2.8689833e-09
the;3.4046956e-09
image;3.835611e-09
contains;4.377774e-09
miniature;3.6464054e-09
items,;9.94011e-09
as;2.2897624e-09
indicated;2.3889732e-09
by;2.3949955e-09
the;2.5613083e-09
comparison;2.5936118e-09
with;2.43943e-09
the;3.062878e-09
penny.;3.9037306e-05
To;2.7236084e-09
provide;2.5476468e-09
an;3.1041942e-09
accurate;2.6108293e-09
estimate;2.3400735e-09
of;2.635646e-09
the;3.12977e-09
bowl's;3.853738e-09
size,;5.126861e-09
|;2.5569593e-09
would;2.4283766e-09
need;2.4281404e-09
to;2.4455376e-09
know;2.8630958e-09
the;2.707619e-09
dimensions;3.2983272e-09
of;2.9785627e-09
the;3.7213046e-09
coin,;3.198228e-08
which;2.371508e-09
appears;3.0761622e-09
to;3.3526142e-09
be;2.269873e-09
a;2.2962396e-09
U.S.;0.4969097
penny.;3.6043984e-05
U.S.;0.5029829
pennies;2.847835e-09
have;2.6053724e-09
a;2.3331608e-09
diameter;2.7094167e-09
of;2.3733906e-09
0.75;3.9731805e-09
inches;2.4530449e-09
(19.05;3.9190726e-09
mm).;5.4408957e-09
By;3.0903171e-09
comparing;2.9177563e-09
the;4.293133e-09
bow!;8.853557e-09
with;2.964569e-09
the;3.5528311e-09
penny,;5.804444e-09
we;3.2874117e-09
can;2.7084868e-09
visually;3.7384784e-09
estimate;2.7896228e-09
that;3.036829e-09
the;3.1087384e-09
bowl;3.4258076e-09
is;3.072667e-09
slightly;2.7073814e-09
more;2.3620599e-09
than;2.232701e-09
twice;2.537409e-09
the;2.288636e-09
diameter;2.8365323e-09
of;2.867823e-09
the;3.0516003e-09
penny,;1.8669589e-08
making;2.471728e-09
the;3.0155363e-09
bowl;2.821225e-09
approximately;2.9146914e-09
1.5;3.9275583e-09
to;2.374269e-09
2;2.4695226e-09
inches;3.108608e-09
in;2.4701399e-09
diameter.;3.7178638e-09
However,;2.0532985e-08
this;2.4373743e-09
is;2.3045543e-09
a;3.746466e-09
rough;2.3894244e-09
estimate,;1.7134367e-08
and;2.8996643e-09
the;3.178699e-09
actual;2.4142035e-09
size;2.7393474e-09
could;2.3215352e-09
vary.;3.1960255e-05
