text;attention
The;0.0086335605
image;0.007410973
features;0.010152667
a;0.0088473065
dining;0.008078669
table;0.009380562
with;0.011414395
a;0.00814227
plate;0.008783946
of;0.009409053
food,;0.0220872
including;0.011160656
a;0.007552027
variety;0.009638331
of;0.007920324
snacks;0.011941687
and;0.00782514
a;0.007232932
can;0.007816836
of;0.00800994
soda.;0.03546446
The;0.011111254
plate;0.007954275
is;0.008458402
placed;0.0082626995
on;0.0073158545
a;0.007837699
table;0.007217394
with;0.009321089
a;0.0078895595
colorful;0.013573967
cloth,;0.012404651
adding;0.011602125
a;0.008539285
touch;0.0075614587
of;0.0072913035
elegance;0.01143788
to;0.0072050504
the;0.0084442645
scene.;0.02878262
There;0.009711477
are;0.009443263
several;0.013530599
carrots;0.018460702
scattered;0.00839135
across;0.008717703
the;0.0075789746
plate,;0.013579567
with;0.010534837
some;0.009854551
of;0.0074053286
them;0.008599866
placed;0.007921326
closer;0.008560162
to;0.006682383
the;0.0071312
edge;0.0069120126
and;0.007171316
others;0.0076383525
in;0.006910093
the;0.0065003308
middle.;0.010922923
Additionally,;0.015022752
a;0.007257666
few;0.009012262
oranges;0.008200676
are;0.0075778933
also;0.007348907
present;0.0072118845
on;0.0066762883
the;0.0064146267
plate,;0.00873603
adding;0.0077646105
a;0.006813974
pop;0.007148736
of;0.0063143726
color;0.0069624614
to;0.0060997405
the;0.0067184675
arrangement.;0.009876363
The;0.0075348685
can;0.006372924
of;0.006762577
soda;0.0086103715
is;0.0065205363
positioned;0.0065093515
next;0.0067357714
to;0.0059258197
the;0.0062890057
plate,;0.0068811974
ready;0.006820533
to;0.0059992657
be;0.005961135
enjoyed;0.0061897445
alongside;0.006189432
the;0.0066624745
snacks.;0.009659706
The;0.0064858897
overall;0.0067700217
scene;0.006424015
is;0.0065533593
a;0.007240969
casual;0.007108103
and;0.0064886617
inviting;0.0070081702
dining;0.006015591
experience,;0.0066276984
with;0.006312413
a;0.006001885
mix;0.0061203907
of;0.0060970583
healthy;0.0065064607
and;0.005866965
indulgent;0.0064591016
food;0.0057974234
options.;0.0060612806
