text;attention
What;0.12505467
is;0.12540628
the;0.124396004
possible;0.12441952
theme;0.1247075
of;0.12546633
this;0.12450842
image?;0.12604134
