text;attention
What;0.12403521
is;0.12528129
the;0.12375136
possible;0.123623796
theme;0.12426422
of;0.12598158
this;0.12478553
image?;0.12827703
