text;attention
What;0.13286832
is;0.11937627
the;0.11883872
possible;0.14860998
theme;0.11942357
of;0.12051519
this;0.11911821
image?;0.121249735
