text;attention
What;0.12498732
is;0.1250685
the;0.12478864
possible;0.12460151
theme;0.12525691
of;0.12548687
this;0.12466322
image?;0.12514701
