text;attention
What;0.12512973
is;0.12501308
the;0.12466928
possible;0.12466871
theme;0.12474038
of;0.1253272
this;0.12482122
image?;0.1256304
