text;attention
What;0.12498172
is;0.12490672
the;0.124431714
possible;0.12442106
theme;0.1253245
of;0.12515591
this;0.12458492
image?;0.12619339
