text;attention
What;0.12472975
is;0.12486796
the;0.123812035
possible;0.12407154
theme;0.12522116
of;0.12554133
this;0.124238186
image?;0.12751801
