text;attention
What;0.12447756
is;0.124775566
the;0.12460051
possible;0.12452883
theme;0.12505427
of;0.12525947
this;0.12506062
image?;0.12624314
