;ID;x;y;duration;pupil_r;pupil_l;word;word_number;distance
1581;1582;476.91633166688854;775.9473849209871;175.0;3.121885819868608;3.0604081587357954;;;
1582;1583;590.8724493886912;789.1010188495413;284.0;3.145329194910386;3.150963278377757;main;3.0;3.7606900309506033
1583;1584;678.0641652743022;798.6548938751221;267.0;3.104879379272461;3.094975471496582;topic;4.0;8.65489387512207
1584;1585;779.2360464731853;800.7483285069466;267.0;3.071533203125;3.05181884765625;report;7.0;10.748328506946564
1585;1586;866.8498446146648;800.5721765756607;267.0;3.090295791625977;3.0888547897338867;mentioned;8.0;14.572176575660706
1586;1587;972.0053776041668;791.4816613769533;417.0;3.069752807617188;3.087709350585937;the;10.0;5.481661376953298
