;number;text;x1;y1;x2;y2;y;diff_y;line;fixations;fix_distance;fix_duration;first_fix_duration;fix_number;pupil_l;pupil_r;distance;pupil;fix_duration_avg;go_past_time
0;0;Did;556;770;585;786;778.0;;1;[];[];0.0;0.0;0;;;389.2694008567116;;;
1;1;the;593;770;622;786;778.0;0.0;1;[];[];0.0;0.0;0;;;352.2694008567116;;;
2;2;artist;630;770;676;786;778.0;0.0;1;[];[];0.0;0.0;0;;;298.2694008567116;;;
3;3;include;685;770;750;786;778.0;0.0;1;[np.float64(4680.0)];[np.float64(4.702377796173096)];200.0;200.0;1;3.0558;3.0267;224.26940085671163;3.04;200.0;200.0
4;4;a;758;774;768;786;780.0;2.0;1;[];[];0.0;0.0;0;;;206.27142159480033;;;
5;5;chicken;777;770;846;786;778.0;2.0;1;[np.float64(4681.0)];[np.float64(8.523793016161221)];233.0;233.0;1;3.0131;2.9183;128.26940085671163;2.97;233.0;233.0
6;6;in;856;770;870;786;778.0;0.0;1;[np.float64(4682.0)];[np.float64(12.170083690504502)];200.0;200.0;1;2.995;2.8782;104.26940085671163;2.94;200.0;200.0
7;7;this;878;770;910;786;778.0;0.0;1;[];[];0.0;0.0;0;;;64.26940085671163;;;
8;8;piece?;919;770;979;790;780.0;2.0;1;[np.float64(4683.0), np.float64(4684.0)];[np.float64(3.621692180633545), np.float64(0.0)];483.0;300.0;2;2.9859;2.9352;0.0;2.96;241.5;483.0
