;number;text;x1;y1;x2;y2;y;diff_y;line;fixations;fix_distance;fix_duration;first_fix_duration;fix_number;pupil_l;pupil_r;distance;pupil;fix_duration_avg;go_past_time
0;0;Could;498;770;552;786;778.0;;1;[];[];0.0;0.0;0;;;461.22140864163714;;;
1;1;you;561;774;593;790;782.0;4.0;1;[np.float64(2011.0)];[np.float64(13.625109152360324)];184.0;184.0;1;2.8927;2.918;420.4326740375116;2.91;184.0;184.0
2;2;give;602;770;639;790;780.0;2.0;1;[np.float64(2013.0)];[np.float64(0.9968354183694146)];383.0;383.0;1;2.975;2.9864;374.2941865264835;2.98;383.0;383.0
3;3;a;647;774;657;786;780.0;0.0;1;[];[];0.0;0.0;0;;;356.5268109641671;;;
4;4;blow-by-blow;666;770;789;790;780.0;0.0;1;[np.float64(2012.0), np.float64(2014.0), np.float64(2015.0), np.float64(2016.0)];[np.float64(1.3788812810723812), np.float64(0.0), np.float64(0.0), np.float64(0.0)];1532.0;367.0;4;2.9499;2.9807;224.55208426350433;2.97;383.0;1915.0
5;5;description;797;770;898;790;780.0;0.0;1;[np.float64(2017.0), np.float64(2018.0)];[np.float64(0.0), np.float64(2.316882166545303)];449.0;283.0;2;2.8691;2.9018;116.15774717554987;2.89;224.5;449.0
6;6;of;907;770;925;786;778.0;2.0;1;[];[];0.0;0.0;0;;;89.53531323014465;;;
7;7;the;932;770;960;786;778.0;0.0;1;[np.float64(2020.0)];[np.float64(13.605603694915771)];200.0;200.0;1;2.7814;2.7879;55.569677826892;2.78;200.0;200.0
8;8;image?;969;770;1037;790;780.0;2.0;1;[np.float64(2019.0), np.float64(2021.0)];[np.float64(11.904381513595581), np.float64(16.99110140119285)];382.0;266.0;2;2.7642;2.7466;16.99110140119285;2.76;191.0;582.0
