text;attention
Reaching;0.33648348
for;0.33144265
Home;0.33207387
