text;attention
Reaching;0.33614984
for;0.3304241
Home;0.33342603
