text;attention
Reaching;0.33477777
for;0.33228943
Home;0.33293283
