text;attention
Reaching;0.33439583
for;0.33287165
Home;0.33273256
