text;attention
The;0.061325926
prominent;0.06385761
objects;0.06380522
in;0.06100922
the;0.06085653
image;0.06402049
include;0.06223745
a;0.060471833
train,;0.06514079
a;0.06044064
station;0.06374091
platform,;0.063639574
and;0.060135532
a;0.06322974
train;0.062287148
station.;0.0638014
