text;attention
The;0.06230678
prominent;0.062422045
objects;0.0623734
in;0.062510505
the;0.062473975
image;0.06227215
include;0.062297557
a;0.06251927
train,;0.06261482
a;0.062917344
station;0.062426314
platform,;0.062807634
and;0.06254778
a;0.062406145
train;0.0623741
station.;0.062730156
