text;attention
The;0.06187092
prominent;0.06222345
objects;0.06212806
in;0.0620898
the;0.062223688
image;0.06193981
include;0.061827432
a;0.06290311
train,;0.06311629
a;0.0629067
station;0.06253006
platform,;0.063331984
and;0.063225515
a;0.06256398
train;0.062360834
station.;0.06275838
