text;attention
The;0.062224556
prominent;0.06241358
objects;0.06236306
in;0.062394377
the;0.062625326
image;0.062319122
include;0.062314656
a;0.06239687
train,;0.06265767
a;0.06255832
station;0.06248544
platform,;0.06287169
and;0.06253141
a;0.0625002
train;0.06260726
station.;0.06273647
