text;attention
This;0.00017682738
page;0.00014672024
shows;0.00015166026
a;0.00012552291
diagram;0.00016826436
showing;0.00016465988
how;0.000144846
vehicles;0.00022187797
use;0.00020136301
noise;0.00023752895
and;0.00014696487
vibration;0.00030272998
reduction;0.0002867229
systems;0.00025845857
to;0.00015531661
reduce;0.00016007872
their;0.00015131959
environmental;0.0001540126
impact.;0.99304295
The;0.00020146079
diagram;0.00015160345
includes;0.00018173807
various;0.00014872449
components,;0.00021688435
such;0.0001340036
as;0.00015109278
vehicle;0.00017556008
body,;0.00028002725
engine,;0.00021267157
transmission,;0.00019998415
differentials,;0.00022582145
and;0.0001264998
wheels,;0.00016863304
that;0.00012911996
are;0.00011719844
used;0.00012762407
for;0.00014240562
noise;0.00014090475
and;0.00012206961
vibration;0.00012316238
reduction.;0.00012500005
