text;attention
The;0.008311048
image;0.008347289
shows;0.0083188
a;0.008317905
meal;0.008329168
arrangement;0.008329057
on;0.008321423
a;0.008338817
patterned;0.008323106
textile;0.008329469
surface.;0.008331193
At;0.008317877
the;0.008319727
center;0.008315115
is;0.008312706
a;0.008316733
white,;0.008325985
round;0.008324849
plate;0.008320298
that;0.0083284825
contains;0.008342165
an;0.0083162235
assortment;0.008338582
of;0.0083127385
food;0.008310831
items.;0.008324511
There's;0.008352067
a;0.008838036
can;0.008316758
of;0.008315289
Fanta;0.008340793
with;0.008329409
an;0.008320867
orange;0.0083220275
flavor,;0.008340171
which;0.008310864
seems;0.008318655
to;0.008315703
be;0.008314622
the;0.008309747
drink;0.00831235
of;0.00831394
choice.;0.008324337
The;0.0083113685
food;0.008328891
items;0.008317522
include;0.00831653
what;0.00831514
appears;0.008321081
to;0.008320968
be;0.008319711
pasta;0.0083198
shells,;0.008369739
neatly;0.008324842
arranged;0.008323753
on;0.008314227
one;0.008335231
side;0.008313304
of;0.008322132
the;0.008316622
plate,;0.00832486
and;0.008318763
orange;0.008314703
wedges;0.008339703
with;0.008341544
some;0.008325648
of;0.008326246
the;0.008319466
peel;0.008331101
still;0.008334236
attached,;0.008327883
placed;0.008319
on;0.008317497
the;0.008314828
opposite;0.00831335
side.;0.008324025
Additionally,;0.008344267
there;0.008318472
are;0.008315559
orange-colored;0.008363503
crackers,;0.008346531
contributing;0.008335725
to;0.008319373
the;0.008319286
color;0.008316208
theme,;0.00833111
and;0.008313948
a;0.008316264
whole,;0.0083284015
unpeeled;0.008390116
carrot;0.008334865
lying;0.008332633
beside;0.008323305
the;0.00831872
other;0.008322258
items;0.008321551
on;0.008318052
the;0.00831576
plate.;0.00833489
The;0.008314321
background;0.008349602
textile;0.0083638625
has;0.008332571
a;0.008323851
floral;0.008361889
pattern;0.00833786
with;0.008332486
a;0.0083248
mix;0.0083481325
of;0.008328626
vibrant;0.008436002
colors,;0.008337347
adding;0.008326258
a;0.008327418
decorative;0.00838219
backdrop;0.008357788
to;0.008327237
the;0.008337619
meal;0.008406092
presentation.;0.008359885
