text;attention
The;0.00826695
image;0.008287022
shows;0.008293602
a;0.008269167
meal;0.008311992
arrangement;0.008265436
on;0.008261925
a;0.008269048
patterned;0.008312068
textile;0.008280355
surface.;0.008279435
At;0.008264944
the;0.011790085
center;0.008268925
is;0.010581443
a;0.008262802
white,;0.008275178
round;0.00826319
plate;0.008295239
that;0.0082649775
contains;0.008265007
an;0.008264703
assortment;0.008301369
of;0.008261666
food;0.008259517
items.;0.008277995
There's;0.008321297
a;0.008271697
can;0.008268904
of;0.008261646
Fanta;0.008274589
with;0.008265618
an;0.00826805
orange;0.0082630785
flavor,;0.008297641
which;0.008257585
seems;0.008269724
to;0.008264576
be;0.008273165
the;0.008261575
drink;0.0082609905
of;0.008260484
choice.;0.008279119
The;0.008262345
food;0.008277729
items;0.00826728
include;0.008264983
what;0.008263446
appears;0.008272631
to;0.008269061
be;0.0082753105
pasta;0.008276094
shells,;0.00829962
neatly;0.008282714
arranged;0.008270734
on;0.008260699
one;0.008268402
side;0.008265005
of;0.008262836
the;0.0082652895
plate,;0.008276019
and;0.008264482
orange;0.0082715405
wedges;0.008280595
with;0.00827179
some;0.008261619
of;0.00826713
the;0.008266573
peel;0.008277349
still;0.008272699
attached,;0.008274074
placed;0.008265988
on;0.008270718
the;0.008272382
opposite;0.008267461
side.;0.008280379
Additionally,;0.008296406
there;0.008284565
are;0.008272589
orange-colored;0.008343208
crackers,;0.008320143
contributing;0.008285862
to;0.008280676
the;0.0082706995
color;0.008270388
theme,;0.008288751
and;0.008275428
a;0.008277132
whole,;0.008291322
unpeeled;0.008358974
carrot;0.008286055
lying;0.0082779275
beside;0.008270993
the;0.00828093
other;0.00828726
items;0.008270604
on;0.0082699265
the;0.008271765
plate.;0.00829548
The;0.008271719
background;0.008303809
textile;0.008328261
has;0.00829677
a;0.008274168
floral;0.008324266
pattern;0.00829615
with;0.008282022
a;0.008284405
mix;0.008297578
of;0.008284262
vibrant;0.008407176
colors,;0.0083303545
adding;0.0082945265
a;0.008308817
decorative;0.00838092
backdrop;0.008393826
to;0.008325833
the;0.008308936
meal;0.008400598
presentation.;0.008419888
