text;attention
The;0.088807024
name;0.08480256
of;0.08225256
the;0.08061656
school;0.09023973
mentioned;0.08676919
in;0.08113843
the;0.07870684
image;0.08003418
is;0.07973203
Witch;0.08547368
School.;0.081427105
