text;attention
The;0.12560324
name;0.09364854
of;0.075579464
the;0.06871531
school;0.0954201
mentioned;0.0839454
in;0.07235164
the;0.06422002
image;0.09067873
is;0.082904905
Witch;0.07834008
School.;0.06859257
