text;attention
The;0.14114603
clock;0.14149605
on;0.14114295
the;0.14187668
building;0.1405748
shows;0.14027447
12:30.;0.15348901
