text;attention
The;0.14140645
clock;0.14237173
on;0.14161694
the;0.14137907
building;0.14083478
shows;0.14082979
12:30.;0.15156129
