text;attention
The;0.12116881
bowl;0.15321985
in;0.1199594
the;0.109212354
image;0.15691112
is;0.124512985
small.;0.21501544
