text;attention
The;0.02229005
bowl;0.02642594
in;0.020819828
the;0.020118482
image;0.024481744
is;0.022308314
small.;0.86355567
