text;attention
The;0.12431183
bowl;0.12002007
in;0.11282965
the;0.10442932
image;0.12362835
is;0.10910259
small.;0.30567816
