text;attention
The;0.10792369
bowl;0.12189776
in;0.10028997
the;0.09697995
image;0.12074832
is;0.10726006
small.;0.34490028
