text;attention
The;0.01240437
quote;0.0007394234
on;0.0029050114
the;0.1270692
image;0.0003986494
suggests;0.00042506767
that;0.0016397769
peace,;0.40647817
poetry,;0.06564471
and;0.0013050272
power;0.0002668969
are;0.0004040003
important;0.0002710839
aspects;0.0002801463
of;0.0011624679
life.;0.34761724
It;0.00038287498
encourages;0.0006624505
people;0.00024780305
to;0.00072466186
appreciate;0.00026093514
these;0.00030067394
qualities;0.00047668992
and;0.0009983478
strive;0.0004842676
to;0.0004564779
incorporate;0.00039088645
them;0.00019387604
into;0.00026758696
their;0.00025023674
daily;0.0001977165
lives.;0.0046568452
The;0.000614904
image;0.00021501882
features;0.00022594666
a;0.00046918477
clock;0.0002326558
with;0.00030823195
a;0.00038076143
rose;0.0001958297
and;0.00041721243
a;0.0003008251
quote,;0.0019490967
which;0.00021282225
can;0.00019562869
be;0.00018393253
interpreted;0.00019882293
as;0.0002122547
a;0.00031050696
reminder;0.0002931155
to;0.00025399725
find;0.00017060369
balance;0.00018110414
between;0.00020016772
the;0.00068931497
passage;0.00017841299
of;0.00025695466
time;0.0001641679
and;0.00027514313
the;0.00044735946
beauty;0.00017479622
of;0.00021629495
life.;0.00086807215
The;0.0002710299
rose;0.00017649584
symbolizes;0.0002897449
love;0.00016203245
and;0.0002541716
appreciation,;0.00080230855
while;0.00017340561
the;0.00030894144
clock;0.00016789514
represents;0.00017731644
the;0.0002968086
importance;0.00017253029
of;0.0002017899
time;0.00015445644
and;0.00020691002
its;0.00016738227
value;0.00015564768
in;0.0001810844
our;0.00016336044
lives.;0.0004040015
The;0.00021654989
combination;0.00018606722
of;0.00018670382
these;0.00016191127
elements;0.00015360958
in;0.00017675516
the;0.00022123482
image;0.0001451951
serves;0.0001645239
as;0.00016419232
a;0.0001781075
reminder;0.00018879505
to;0.00016713358
cherish;0.00018391675
the;0.00018742126
moments;0.00014382321
and;0.0001682776
make;0.00014945595
the;0.00017697562
most;0.00014448565
of;0.0001457934
our;0.00014147116
time;0.00013241399
on;0.00013775351
earth.;0.00013352101
