text;attention
The;1.0247142e-12
quote;9.833269e-13
on;7.1153234e-13
the;6.512e-13
image;9.640796e-13
suggests;1.3472078e-12
that;8.0633335e-13
peace,;2.533175e-12
poetry,;3.6224513e-12
and;9.884247e-13
power;1.8634551e-12
are;7.787233e-13
important;8.6092965e-13
aspects;8.5495847e-13
of;6.513951e-13
life.;1.0
It;1.2065658e-12
encourages;1.470001e-12
people;6.7298597e-13
to;6.671147e-13
appreciate;8.084092e-13
these;7.7239945e-13
qualities;1.1636675e-12
and;7.8342053e-13
strive;7.624432e-13
to;5.9400656e-13
incorporate;7.169667e-13
them;6.679143e-13
into;5.872979e-13
their;5.7873e-13
daily;6.4855857e-13
lives.;1.2377327e-12
The;7.4124534e-13
image;9.719617e-13
features;7.968466e-13
a;6.633489e-13
clock;5.9471655e-12
with;9.367111e-13
a;6.413047e-13
rose;1.963113e-12
and;1.0247356e-12
a;6.650769e-13
quote,;2.5243581e-12
which;7.669867e-13
can;6.021341e-13
be;5.5195215e-13
interpreted;7.3464276e-13
as;6.999588e-13
a;5.85218e-13
reminder;1.1719355e-12
to;7.023018e-13
find;6.629176e-13
balance;8.410359e-13
between;7.12676e-13
the;6.0022153e-13
passage;7.5537797e-13
of;6.70641e-13
time;1.0777468e-12
and;7.950263e-13
the;6.01761e-13
beauty;8.2004737e-13
of;6.0919585e-13
life.;1.2388853e-12
The;6.316911e-13
rose;1.0060182e-12
symbolizes;8.433507e-13
love;7.2074546e-13
and;6.154582e-13
appreciation,;1.0058935e-12
while;6.5237366e-13
the;5.934471e-13
clock;1.0270544e-12
represents;6.667166e-13
the;5.633937e-13
importance;6.080884e-13
of;5.676641e-13
time;8.471376e-13
and;5.9576416e-13
its;5.617305e-13
value;5.896381e-13
in;5.670873e-13
our;5.716593e-13
lives.;7.6599106e-13
The;5.853174e-13
combination;6.3859134e-13
of;5.531757e-13
these;5.5619626e-13
elements;5.921864e-13
in;5.6207567e-13
the;5.5347545e-13
image;5.9084156e-13
serves;5.6400007e-13
as;5.4508795e-13
a;5.3700273e-13
reminder;9.668953e-13
to;5.711046e-13
cherish;6.036141e-13
the;5.4633907e-13
moments;6.1569895e-13
and;5.913252e-13
make;5.6396673e-13
the;5.2680093e-13
most;5.508016e-13
of;5.5943705e-13
our;5.3919906e-13
time;5.45452e-13
on;5.3227827e-13
earth.;5.427599e-13
