text;attention
The;0.15081784
clock;0.15169379
on;0.118986346
the;0.11476139
building;0.1221209
shows;0.13120195
12:30.;0.21041782
