text;attention
The;0.15493698
clock;0.1511262
on;0.11928967
the;0.11386301
building;0.12526295
shows;0.13970573
12:30.;0.1958154
