text;attention
Reaching;0.3624632
for;0.3205265
Home;0.3170103
