text;attention
In;0.915555
the;0.0008730776
image,;0.0021778487
|;0.0010009918
can;0.00090808485
see;0.0012002431
a;0.000798045
variety;0.00085317984
of;0.00071803026
furniture,;0.0024340623
including;0.0010138121
a;0.000778947
couch,;0.0024094726
a;0.00077539764
chair,;0.0014177851
and;0.00081396016
a;0.0007123246
refrigerator.;0.0037895173
The;0.0009120703
couch;0.0015168994
is;0.0007882001
located;0.0010631019
in;0.0007789757
the;0.00078223593
living;0.00147227
room,;0.0018825432
while;0.00093008735
the;0.00076745445
chair;0.00090585236
is;0.0007301153
positioned;0.00082292856
near;0.00095179596
the;0.0007074081
dining;0.0010052047
table.;0.0015197018
The;0.0007059214
refrigerator;0.0010935594
is;0.0006415481
situated;0.0007398747
in;0.0006407321
the;0.00062599557
kitchen;0.0007589569
area.;0.0012091609
Additionally,;0.0015724925
there;0.0008623252
is;0.0007525402
a;0.0007248813
TV;0.0013345589
in;0.000766508
the;0.0006634029
living;0.000854697
room,;0.0010543055
which;0.0007149377
adds;0.0008617251
to;0.0008143537
the;0.0007345884
cozy;0.0014189272
and;0.0006917505
functional;0.0009396782
setup;0.0009020154
of;0.0006814983
the;0.0006648767
space.;0.0016367396
The;0.00072111696
presence;0.00076945405
of;0.00061958167
these;0.0006730613
items;0.0006964902
indicates;0.0008659595
that;0.0008574055
the;0.0006581689
room;0.00089807465
is;0.0006512515
designed;0.00081356004
to;0.0007010721
accommodate;0.0009899675
both;0.00073515007
relaxation;0.00083921384
and;0.00074085756
dining;0.00069973944
activities,;0.00081851735
making;0.0007253045
it;0.00073364977
a;0.0007238869
versatile;0.0008606726
and;0.0005839229
comfortable;0.0006254866
living;0.00061881315
space.;0.0005503353
