text;attention
In;0.9997956
the;3.3376164e-06
image,;6.7814744e-06
|;2.9386154e-06
can;2.4979672e-06
see;3.235666e-06
a;2.108116e-06
variety;2.780164e-06
of;2.0541818e-06
furniture,;4.861337e-06
including;2.595553e-06
a;2.0302828e-06
couch,;3.3061049e-06
a;1.9462964e-06
chair,;2.4895007e-06
and;1.9673205e-06
a;1.8892742e-06
refrigerator.;4.710566e-06
The;2.2539311e-06
couch;2.5544016e-06
is;2.1436638e-06
located;2.8666684e-06
in;1.9780305e-06
the;1.9585257e-06
living;2.0318207e-06
room,;2.5988252e-06
while;2.149064e-06
the;1.9289969e-06
chair;2.053467e-06
is;2.026076e-06
positioned;2.7771644e-06
near;2.0788618e-06
the;1.899891e-06
dining;2.4557946e-06
table.;2.6509315e-06
The;1.9271968e-06
refrigerator;2.6613225e-06
is;1.97345e-06
situated;2.3270452e-06
in;1.858934e-06
the;1.8960158e-06
kitchen;1.9894323e-06
area.;3.0006895e-06
Additionally,;3.0223468e-06
there;1.9829317e-06
is;1.9413876e-06
a;1.8667133e-06
TV;2.3823475e-06
in;1.9499735e-06
the;1.8657719e-06
living;1.971437e-06
room,;2.2253237e-06
which;2.0701866e-06
adds;2.3992586e-06
to;2.0499783e-06
the;1.9595682e-06
cozy;2.5187574e-06
and;1.9243591e-06
functional;2.736665e-06
setup;2.4909589e-06
of;1.9057996e-06
the;1.9027976e-06
space.;2.5901527e-06
The;1.9970819e-06
presence;2.2967406e-06
of;1.8814673e-06
these;2.0314583e-06
items;2.279278e-06
indicates;2.4792585e-06
that;2.0608022e-06
the;1.851383e-06
room;1.9842257e-06
is;1.9311117e-06
designed;2.434753e-06
to;1.9440909e-06
accommodate;2.1809153e-06
both;1.9934685e-06
relaxation;2.0042712e-06
and;1.943679e-06
dining;2.0779362e-06
activities,;2.2002876e-06
making;2.0615275e-06
it;1.9021427e-06
a;1.8824076e-06
versatile;2.3932573e-06
and;1.8625133e-06
comfortable;1.980337e-06
living;1.8043543e-06
space.;1.7840882e-06
