text;attention
The;0.0092289755
quote;0.009241095
on;0.009236847
the;0.009257243
image;0.009242234
suggests;0.0092232395
that;0.009275506
peace,;0.009311673
poetry,;0.009277589
and;0.009270872
power;0.009235446
are;0.009241385
important;0.009266523
aspects;0.009247559
of;0.009249782
life.;0.009250213
It;0.00925123
encourages;0.00930053
people;0.009237351
to;0.00925639
appreciate;0.009241353
these;0.0092435
qualities;0.009284111
and;0.009225673
strive;0.009271725
to;0.0092228325
incorporate;0.009260717
them;0.009227035
into;0.009234924
their;0.009234416
daily;0.009229791
lives.;0.009236107
The;0.0092376005
image;0.009264239
features;0.009248088
a;0.009250225
clock;0.009262908
with;0.009233206
a;0.009284497
rose;0.009253441
and;0.00922909
a;0.009273587
quote,;0.009276486
which;0.009265872
can;0.009252331
be;0.009244118
interpreted;0.009229956
as;0.009224018
a;0.009245856
reminder;0.009259271
to;0.009227939
find;0.009256557
balance;0.009249455
between;0.009233666
the;0.009260755
passage;0.009259805
of;0.009233062
time;0.009233258
and;0.009234328
the;0.0092605855
beauty;0.009241881
of;0.009229203
life.;0.009252096
The;0.009244878
rose;0.00926739
symbolizes;0.009319121
love;0.009240027
and;0.009270193
appreciation,;0.009299627
while;0.009237814
the;0.009239766
clock;0.009251053
represents;0.009236842
the;0.009297346
importance;0.009275953
of;0.009242142
time;0.009255625
and;0.009250753
its;0.009283397
value;0.009244905
in;0.009244664
our;0.009255403
lives.;0.009257655
The;0.0092423
combination;0.009281743
of;0.009252936
these;0.009267446
elements;0.009264657
in;0.009254507
the;0.009295396
image;0.0092651015
serves;0.009233826
as;0.009296622
a;0.00926813
reminder;0.009269462
to;0.009239824
cherish;0.009366367
the;0.009250292
moments;0.009320095
and;0.00926022
make;0.009339344
the;0.009315771
most;0.009285925
of;0.0092521645
our;0.009285861
time;0.009340764
on;0.00927195
earth.;0.009343518
