text;attention
The;0.009189205
quote;0.009189217
on;0.009177679
the;0.009187735
image;0.00918199
suggests;0.0124416
that;0.0091767525
peace,;0.0092240125
poetry,;0.012921025
and;0.009195754
power;0.00952006
are;0.009168494
important;0.009171542
aspects;0.009171667
of;0.009174943
life.;0.009195269
It;0.009180621
encourages;0.009199935
people;0.00917112
to;0.009183043
appreciate;0.009174616
these;0.009173927
qualities;0.0092052305
and;0.009161903
strive;0.009192639
to;0.009158635
incorporate;0.0091908835
them;0.009174287
into;0.009168589
their;0.009166813
daily;0.009174758
lives.;0.009179518
The;0.009172047
image;0.009179139
features;0.009173972
a;0.009185555
clock;0.009202358
with;0.009169919
a;0.009200439
rose;0.0091768885
and;0.009164666
a;0.00917843
quote,;0.009180861
which;0.00917681
can;0.009167867
be;0.00917692
interpreted;0.009175251
as;0.009165993
a;0.009193709
reminder;0.009193629
to;0.0091613475
find;0.009186939
balance;0.009174441
between;0.009177672
the;0.0091949245
passage;0.009182759
of;0.009164615
time;0.009188846
and;0.009171867
the;0.00918905
beauty;0.009173095
of;0.0091629485
life.;0.009197558
The;0.009169787
rose;0.009187981
symbolizes;0.009208486
love;0.00919735
and;0.009221079
appreciation,;0.0092335325
while;0.009172561
the;0.009170359
clock;0.009198182
represents;0.009167788
the;0.009186998
importance;0.009204806
of;0.009169481
time;0.009188129
and;0.009176629
its;0.009180265
value;0.009175155
in;0.009175524
our;0.009185542
lives.;0.009201365
The;0.009179474
combination;0.009198005
of;0.009187926
these;0.009237026
elements;0.009208343
in;0.009189147
the;0.009202807
image;0.009198125
serves;0.0091722
as;0.00919964
a;0.009232275
reminder;0.009259044
to;0.009175076
cherish;0.009302519
the;0.009200466
moments;0.009258909
and;0.009184493
make;0.009236093
the;0.009210052
most;0.009267764
of;0.009193808
our;0.0092519345
time;0.009272941
on;0.00920211
earth.;0.009304799
