text;attention
The;0.009179915
quote;0.009202229
on;0.009210301
the;0.00918121
image;0.009179514
suggests;0.011805693
that;0.009181515
peace,;0.009208755
poetry,;0.012796746
and;0.009191257
power;0.009519514
are;0.009180572
important;0.009178654
aspects;0.009180567
of;0.009182413
life.;0.00920143
It;0.009180432
encourages;0.009232483
people;0.009190655
to;0.009176447
appreciate;0.009177767
these;0.009177898
qualities;0.009212263
and;0.009186291
strive;0.009196006
to;0.009178135
incorporate;0.009200572
them;0.009187375
into;0.0091760345
their;0.009177435
daily;0.009179457
lives.;0.009191276
The;0.009178729
image;0.009205411
features;0.009187112
a;0.0091806585
clock;0.009187262
with;0.0091785025
a;0.009188009
rose;0.009180398
and;0.009176447
a;0.009185743
quote,;0.009195345
which;0.009185912
can;0.009189276
be;0.009184308
interpreted;0.009182559
as;0.009174444
a;0.009185886
reminder;0.009201993
to;0.0091860425
find;0.009183099
balance;0.009178392
between;0.00918078
the;0.009185101
passage;0.00918999
of;0.009177084
time;0.009187631
and;0.009184307
the;0.009182817
beauty;0.009180624
of;0.009173996
life.;0.009215835
The;0.009179157
rose;0.009215763
symbolizes;0.009216464
love;0.009200256
and;0.009184008
appreciation,;0.009257157
while;0.009175875
the;0.009193817
clock;0.009197619
represents;0.009179779
the;0.009191486
importance;0.009207143
of;0.009182548
time;0.0092067495
and;0.0091908425
its;0.0091901915
value;0.009187656
in;0.009189826
our;0.009191835
lives.;0.009222432
The;0.009186271
combination;0.009226104
of;0.009201207
these;0.009224575
elements;0.00919265
in;0.009201751
the;0.0092026545
image;0.009207251
serves;0.009188955
as;0.009194469
a;0.009232618
reminder;0.009258948
to;0.009228953
cherish;0.009264793
the;0.009258127
moments;0.009205314
and;0.009202717
make;0.009229473
the;0.009223262
most;0.009262408
of;0.009216357
our;0.009267641
time;0.009240159
on;0.00924917
earth.;0.00931903
