text;attention
The;0.06104878
man;0.0633908
is;0.06331251
performing;0.06102075
a;0.06340854
trick;0.06028257
on;0.06239229
his;0.06043535
skateboard,;0.07086305
jumping;0.065422155
in;0.060101736
the;0.06075828
air;0.06218939
while;0.061216876
riding;0.06203882
it.;0.062118128
