text;attention
The;3.1701447e-11
image;6.5551314e-11
shows;1.9229182e-11
a;8.415427e-12
meal;1.3063636e-11
arrangement;9.693415e-12
on;8.39481e-12
a;8.2855415e-12
patterned;9.181253e-12
textile;1.1416384e-11
surface.;1.3268636e-09
At;8.211018e-12
the;1.3116415e-11
center;1.2167197e-11
is;1.1805861e-11
a;8.02511e-12
white,;1.0856794e-11
round;7.478642e-12
plate;1.1039822e-11
that;7.449542e-12
contains;7.382777e-12
an;7.131408e-12
assortment;8.594985e-12
of;6.9621166e-12
food;1.2275731e-11
items.;1.5992716e-11
There's;1.9234796e-11
a;7.294762e-12
can;8.594706e-12
of;9.159319e-12
Fanta;2.0263092e-11
with;7.8852775e-12
an;7.317825e-12
orange;9.1835125e-12
flavor,;1.2680174e-11
which;7.865854e-12
seems;1.3861308e-11
to;6.6270366e-12
be;7.5548135e-12
the;8.340593e-12
drink;1.3347082e-11
of;7.503346e-12
choice.;0.92632556
The;1.0174648e-11
food;9.303008e-12
items;8.665437e-12
include;8.3898955e-12
what;8.648776e-12
appears;1.3055938e-11
to;6.887073e-12
be;7.6085934e-12
pasta;1.1399282e-11
shells,;1.0985755e-11
neatly;8.053738e-12
arranged;7.821944e-12
on;7.194952e-12
one;7.593385e-12
side;7.04944e-12
of;6.5089184e-12
the;8.082886e-12
plate,;1.718117e-10
and;7.631776e-12
orange;1.0393111e-11
wedges;9.102128e-12
with;8.71651e-12
some;8.686652e-12
of;7.309595e-12
the;9.428247e-12
peel;1.2329937e-11
still;9.9491e-12
attached,;1.3807346e-11
placed;7.902155e-12
on;7.138376e-12
the;6.726417e-12
opposite;7.514188e-12
side.;1.9567296e-05
Additionally,;7.879551e-11
there;7.429832e-12
are;7.951397e-12
orange-colored;1.4080908e-11
crackers,;1.9879886e-11
contributing;1.083034e-11
to;7.7913734e-12
the;8.276112e-12
color;9.83649e-12
theme,;8.5489976e-11
and;7.469589e-12
a;7.414019e-12
whole,;1.32016256e-11
unpeeled;1.097162e-11
carrot;1.7422223e-11
lying;8.866805e-12
beside;7.992512e-12
the;6.9820512e-12
other;6.8786704e-12
items;7.839956e-12
on;7.0700962e-12
the;7.852811e-12
plate.;0.07365487
The;2.4669248e-11
background;1.3024474e-11
textile;1.3838986e-11
has;1.183429e-11
a;8.59133e-12
floral;1.0273536e-11
pattern;8.654008e-12
with;7.866559e-12
a;7.298826e-12
mix;8.578608e-12
of;7.0018687e-12
vibrant;1.0241724e-11
colors,;1.627859e-11
adding;1.5229215e-11
a;8.470403e-12
decorative;1.2293e-11
backdrop;1.1470494e-11
to;8.09563e-12
the;1.233323e-11
meal;2.6926539e-11
presentation.;6.06709e-10
