text;attention
The;0.16351086
predominant;0.14355335
airplane;0.14742707
on;0.13964824
display;0.14092715
is;0.13456635
blue.;0.13036695
