text;attention
The;0.14254817
predominant;0.14811425
airplane;0.16637313
on;0.14474371
display;0.13273783
is;0.13051894
blue.;0.13496399
