text;attention
Reaching;0.073311254
for;0.06173647
Home:;0.10831269
Global;0.06638047
Learning;0.066684335
on;0.068204686
Family;0.06282229
Reintegration;0.10754444
in;0.06482609
Low;0.070866294
and;0.064165734
Lower-Middle;0.07185771
Income;0.059029732
Countries;0.05425773
