text;attention
Reaching;0.34254113
for;0.31955054
Home;0.3379083
