text;attention
Reaching;0.034255195
for;0.9365345
Home;0.029210342
