text;attention
Reaching;0.028942995
for;0.9438147
Home;0.027242249
