text;attention
Reaching;0.60728014
for;0.20344561
Home;0.18927427
