text;attention
Reaching;0.59767985
for;0.2070126
Home;0.1953076
