text;attention
The;0.03619498
quote;0.003452726
on;0.0022274582
the;0.055727404
image;0.0032742762
suggests;0.0024638234
that;0.0031610262
peace,;0.02542584
poetry,;0.027990013
and;0.0029706294
power;0.0022985411
are;0.0024641287
important;0.0020692148
aspects;0.0019445095
of;0.0035074665
life.;0.060925722
It;0.0023316022
encourages;0.002599123
people;0.0024194368
to;0.0055696717
appreciate;0.002368463
these;0.002019977
qualities;0.002249078
and;0.0043175854
strive;0.001934691
to;0.0056794817
incorporate;0.0020495886
them;0.0018261424
into;0.0020260918
their;0.0019625206
daily;0.002359529
lives.;0.053221487
The;0.030456685
image;0.0038008955
features;0.0030896051
a;0.0052208737
clock;0.0028287196
with;0.0026322992
a;0.004458565
rose;0.002046896
and;0.0031927256
a;0.0039651515
quote,;0.016720623
which;0.001979234
can;0.0022037644
be;0.0018967006
interpreted;0.0023324927
as;0.0021740736
a;0.0051963134
reminder;0.0022765093
to;0.0057722414
find;0.0019878212
balance;0.0024133436
between;0.0021562956
the;0.021162847
passage;0.002196107
of;0.0036261356
time;0.0027381775
and;0.002947351
the;0.016201397
beauty;0.0022532917
of;0.0034074388
life.;0.030557567
The;0.020308046
rose;0.002188268
symbolizes;0.0055730906
love;0.0023010937
and;0.0032245463
appreciation,;0.012077287
while;0.002355024
the;0.042368867
clock;0.0027162258
represents;0.0021519528
the;0.030374516
importance;0.0020461476
of;0.003486741
time;0.0025705353
and;0.0033347155
its;0.0019300119
value;0.0021706324
in;0.00211273
our;0.0022013462
lives.;0.0382612
The;0.031589612
combination;0.0020334942
of;0.0034027528
these;0.0020632707
elements;0.0023368353
in;0.0023396187
the;0.11326582
image;0.003143226
serves;0.0024899747
as;0.001974986
a;0.0042056735
reminder;0.0023788891
to;0.004446476
cherish;0.002724841
the;0.03320357
moments;0.002199476
and;0.0031625414
make;0.002142322
the;0.016147941
most;0.002239069
of;0.002627859
our;0.002206495
time;0.002679526
on;0.0020668304
earth.;0.044251528
