text;attention
The;0.06306001
man;0.059990726
is;0.06473956
performing;0.062990345
a;0.054041743
trick;0.07129222
on;0.062238637
his;0.054139696
skateboard,;0.10169315
jumping;0.06806902
in;0.052838784
the;0.051065788
air;0.054829124
while;0.055560898
riding;0.05719513
it.;0.0662552
