text;attention
The;0.016829673
bedroom;0.017020034
in;0.016908737
the;0.016982494
image;0.016861811
has;0.016821068
a;0.017009784
clean;0.016911853
and;0.016837656
minimalist;0.017007478
appearance,;0.017051587
featuring;0.016906317
a;0.016880646
large;0.016897233
bed;0.016861979
with;0.01687872
white;0.017012738
sheets;0.016861875
and;0.016911382
pillows,;0.017036794
which;0.01686118
gives;0.016894462
it;0.016847327
a;0.016868293
fresh;0.016868375
and;0.01684631
inviting;0.016996186
look.;0.016990177
The;0.01689237
room;0.016924897
is;0.016874565
well-lit,;0.017086323
with;0.017051425
a;0.016883453
light;0.016868906
on,;0.016919138
creating;0.016897406
a;0.016933817
cozy;0.016972223
atmosphere.;0.016970737
The;0.01689176
overall;0.016937712
atmosphere;0.01687908
of;0.016950995
the;0.016958265
bedroom;0.01692969
is;0.016985
calm;0.016986743
and;0.016909828
relaxing,;0.017431745
making;0.016928492
it;0.016907241
an;0.01697605
ideal;0.016881442
space;0.016884476
for;0.017006641
rest;0.016946062
and;0.016926447
rejuvenation.;0.017744865
