text;attention
This;0.024291499
page;0.02430989
shows;0.024320697
a;0.024423348
diagram;0.024365604
showing;0.024297876
how;0.02439642
vehicles;0.024348455
use;0.02433732
noise;0.024438836
and;0.02440733
vibration;0.02444368
reduction;0.024303855
systems;0.02437692
to;0.024398193
reduce;0.024408212
their;0.024355534
environmental;0.024318418
impact.;0.024394037
The;0.024331417
diagram;0.024295993
includes;0.024400264
various;0.024439037
components,;0.024468997
such;0.024470126
as;0.02436729
vehicle;0.024351427
body,;0.024471078
engine,;0.024493223
transmission,;0.024466163
differentials,;0.024627972
and;0.024358355
wheels,;0.02443964
that;0.02435302
are;0.024326764
used;0.024359994
for;0.024325287
noise;0.02438468
and;0.02438203
vibration;0.024576101
reduction.;0.024374979
