text;attention
This;0.024333509
page;0.02436112
shows;0.024334978
a;0.024362061
diagram;0.024357593
showing;0.02433204
how;0.024393361
vehicles;0.024346333
use;0.024334345
noise;0.02438724
and;0.024350949
vibration;0.024474673
reduction;0.024345418
systems;0.02439616
to;0.024396243
reduce;0.024394073
their;0.024346367
environmental;0.024399556
impact.;0.024408683
The;0.024359146
diagram;0.02440273
includes;0.024354776
various;0.024376184
components,;0.024411637
such;0.0244218
as;0.024348786
vehicle;0.02436571
body,;0.0244239
engine,;0.024449661
transmission,;0.024428288
differentials,;0.024597483
and;0.024334284
wheels,;0.024433462
that;0.02435967
are;0.024358619
used;0.024351457
for;0.024350084
noise;0.024375299
and;0.024439432
vibration;0.024547305
reduction.;0.024455506
