text;attention
The;0.018686395
clock;0.021902036
on;0.019456629
the;0.018373594
building;0.019104213
shows;0.019664465
12:30.;0.8828127
