text;attention
The;0.1413508
predominant;0.20230263
airplane;0.16212356
on;0.12557048
display;0.12357582
is;0.12281558
blue.;0.122261144
