text;attention
The;0.14803329
predominant;0.15681192
airplane;0.14380577
on;0.13952343
display;0.14008538
is;0.13643257
blue.;0.13530758
