text;attention
The;0.0521769
man;0.052239947
in;0.0523573
the;0.052463673
image;0.05215239
is;0.0520342
riding;0.053295095
skis;0.052520353
down;0.0521538
a;0.053408306
snow-covered;0.05393928
slope;0.05222161
while;0.052287098
holding;0.05276305
an;0.05276773
ax;0.052466374
in;0.052315295
his;0.053544052
hand.;0.052893594
