text;attention
The;0.052351117
man;0.052757815
in;0.05254667
the;0.052576996
image;0.052451987
is;0.052406978
riding;0.05293906
skis;0.05269215
down;0.052576154
a;0.05266351
snow-covered;0.053465243
slope;0.052348897
while;0.05237378
holding;0.052459918
an;0.052538525
ax;0.05255296
in;0.05255882
his;0.05270169
hand.;0.053037796
