text;attention
The;0.05239982
man;0.05265752
in;0.052573793
the;0.052573536
image;0.05244105
is;0.052393593
riding;0.052774552
skis;0.052663814
down;0.052455
a;0.05290702
snow-covered;0.05307079
slope;0.052500397
while;0.05237391
holding;0.052476287
an;0.052598916
ax;0.05263117
in;0.052492026
his;0.05296756
hand.;0.053049367
