text;attention
What;0.12508033
are;0.12554024
the;0.124878585
prominent;0.124341264
objects;0.12540363
in;0.12561923
the;0.12446998
image?;0.12466671
