text;attention
What;0.12504911
are;0.12520818
the;0.12465361
prominent;0.12466385
objects;0.12522116
in;0.12528254
the;0.1247247
image?;0.12519684
