text;attention
What;0.123855315
are;0.12571979
the;0.12370756
prominent;0.123557575
objects;0.12602104
in;0.124862
the;0.12450433
image?;0.1277724
