text;attention
What;0.12516057
are;0.12474108
the;0.12458649
prominent;0.124469265
objects;0.12520161
in;0.12530105
the;0.12461251
image?;0.1259274
