text;attention
What;0.12493475
are;0.12517813
the;0.12478971
prominent;0.12468282
objects;0.1251134
in;0.12508231
the;0.12465635
image?;0.12556255
