text;attention
What;0.12448787
are;0.12534001
the;0.124363154
prominent;0.12385663
objects;0.12528461
in;0.12586738
the;0.1247997
image?;0.12600069
