text;attention
In;3.2212496e-15
the;2.8194906e-15
image,;3.9104157e-15
|;3.3193472e-15
can;3.057669e-15
see;3.0995947e-15
a;2.9063621e-15
variety;3.0922255e-15
of;2.7861323e-15
furniture,;4.8896654e-15
including;2.880435e-15
a;2.8113818e-15
couch,;3.682124e-15
a;2.7068994e-15
chair,;3.4126642e-15
and;2.644779e-15
a;2.678161e-15
refrigerator.;1.0
The;3.0785019e-15
couch;3.2993757e-15
is;2.842287e-15
located;3.056596e-15
in;2.7236897e-15
the;2.6802765e-15
living;2.787057e-15
room,;3.1978763e-15
while;2.8221484e-15
the;2.7028955e-15
chair;3.0662425e-15
is;2.7170998e-15
positioned;3.0054222e-15
near;2.6709985e-15
the;2.6432258e-15
dining;2.8301372e-15
table.;3.717166e-15
The;2.717919e-15
refrigerator;4.364448e-15
is;2.7182401e-15
situated;2.863017e-15
in;2.6186072e-15
the;2.6159118e-15
kitchen;2.961515e-15
area.;3.3628589e-15
Additionally,;3.5029081e-15
there;2.889107e-15
is;2.6402328e-15
a;2.6372633e-15
TV;3.4057456e-15
in;2.6697149e-15
the;2.6573495e-15
living;2.693108e-15
room,;3.0003478e-15
which;2.650243e-15
adds;2.7772612e-15
to;2.6762614e-15
the;2.6842156e-15
cozy;2.9810215e-15
and;2.6532068e-15
functional;2.7798476e-15
setup;2.8547725e-15
of;2.6576235e-15
the;2.647848e-15
space.;3.2480501e-15
The;2.6279235e-15
presence;2.8195876e-15
of;2.6060114e-15
these;2.6936935e-15
items;2.816878e-15
indicates;2.7068888e-15
that;2.668371e-15
the;2.6304814e-15
room;2.7439524e-15
is;2.7007624e-15
designed;2.825218e-15
to;2.6536219e-15
accommodate;2.9794075e-15
both;2.6336944e-15
relaxation;2.8548814e-15
and;2.6400818e-15
dining;2.7573413e-15
activities,;2.8899777e-15
making;2.5875664e-15
it;2.615273e-15
a;2.624788e-15
versatile;2.8845917e-15
and;2.5637307e-15
comfortable;2.6076225e-15
living;2.5964556e-15
space.;2.6771904e-15
