text;attention
In;3.5616222e-11
the;1.6844075e-11
image,;4.9111073e-11
|;2.2370217e-11
can;2.4062077e-11
see;2.9499136e-11
a;2.2973203e-11
variety;1.8641064e-11
of;2.0782603e-11
furniture,;8.4857454e-11
including;3.323909e-11
a;2.079823e-11
couch,;5.742499e-11
a;1.7743177e-11
chair,;3.247301e-11
and;2.2286872e-11
a;1.8702392e-11
refrigerator.;1.0
The;5.969614e-11
couch;3.95234e-11
is;2.4332434e-11
located;2.5268211e-11
in;2.0337723e-11
the;1.8112567e-11
living;2.1616674e-11
room,;5.2053795e-11
while;3.190341e-11
the;1.7583218e-11
chair;2.4089489e-11
is;1.9436692e-11
positioned;2.4023006e-11
near;2.2694948e-11
the;1.7971066e-11
dining;2.7937475e-11
table.;6.9339395e-11
The;2.1815657e-11
refrigerator;3.5468843e-11
is;1.8076329e-11
situated;1.8183389e-11
in;1.6484984e-11
the;1.5934545e-11
kitchen;2.0722124e-11
area.;3.6029527e-11
Additionally,;2.5978183e-11
there;1.6628829e-11
is;1.6551713e-11
a;1.6764748e-11
TV;2.6040045e-11
in;1.9601322e-11
the;1.679038e-11
living;1.706543e-11
room,;2.4384423e-11
which;1.7445852e-11
adds;1.8278214e-11
to;1.8713454e-11
the;1.8411526e-11
cozy;2.5366141e-11
and;1.7189142e-11
functional;1.9480414e-11
setup;2.062697e-11
of;1.5958878e-11
the;1.5039924e-11
space.;4.274819e-11
The;1.7266988e-11
presence;1.5964053e-11
of;1.6145365e-11
these;1.5977428e-11
items;2.0195203e-11
indicates;2.2539479e-11
that;1.9860122e-11
the;1.6854072e-11
room;1.9489816e-11
is;1.6419054e-11
designed;1.7487695e-11
to;1.7486896e-11
accommodate;2.0577026e-11
both;2.0113708e-11
relaxation;2.1267538e-11
and;2.0081317e-11
dining;2.0060719e-11
activities,;2.0812276e-11
making;1.74932e-11
it;1.5649638e-11
a;1.6386484e-11
versatile;1.7512195e-11
and;1.509156e-11
comfortable;1.4674581e-11
living;1.4785386e-11
space.;1.4637876e-11
