text;attention
The;0.1456858
predominant;0.14064007
airplane;0.14526336
on;0.1391117
display;0.14021462
is;0.14206699
blue.;0.1470175
