text;attention
In;0.0077784634
the;0.0075001535
image,;0.02294373
|;0.014347212
can;0.008710098
see;0.011356449
a;0.0068730833
variety;0.009468401
of;0.0070809233
furniture,;0.021345787
including;0.009713636
a;0.0074082147
couch,;0.012634623
a;0.006289705
chair,;0.009284852
and;0.010549519
a;0.006810775
refrigerator.;0.045447405
The;0.009089175
couch;0.007117325
is;0.007604574
located;0.007835936
in;0.007175241
the;0.0071065673
living;0.0070869126
room,;0.010686688
while;0.015840182
the;0.0073296856
chair;0.006656875
is;0.0063844714
positioned;0.0068210405
near;0.00840991
the;0.007317732
dining;0.0074413787
table.;0.028337773
The;0.00899138
refrigerator;0.00822174
is;0.0071861567
situated;0.0069624223
in;0.007859336
the;0.006287979
kitchen;0.008640918
area.;0.024295794
Additionally,;0.015151099
there;0.0074699717
is;0.0074815657
a;0.007588097
TV;0.010117274
in;0.008834573
the;0.006655348
living;0.006501707
room,;0.010264163
which;0.007786082
adds;0.012432257
to;0.008132397
the;0.0071015246
cozy;0.013326433
and;0.008260441
functional;0.008490041
setup;0.0077710403
of;0.006331976
the;0.00704149
space.;0.0440843
The;0.007947363
presence;0.012243374
of;0.006129656
these;0.008876536
items;0.010644417
indicates;0.015742796
that;0.008958362
the;0.007637203
room;0.008653223
is;0.008408947
designed;0.007861601
to;0.006391684
accommodate;0.008131244
both;0.009950433
relaxation;0.008830946
and;0.007817853
dining;0.00769088
activities,;0.012004236
making;0.010445083
it;0.007355657
a;0.007303099
versatile;0.009294635
and;0.008230375
comfortable;0.0074190036
living;0.0068313754
space.;0.106148064
