text;attention
What;0.09943843
type;0.09975572
of;0.09927209
furniture;0.10020476
can;0.10005707
you;0.099156514
see;0.099517815
in;0.101327196
this;0.09935897
image?;0.1019114
