text;attention
What;0.099711135
type;0.0998594
of;0.099981576
furniture;0.100522056
can;0.09986724
you;0.099664465
see;0.09977799
in;0.10037079
this;0.09975851
image?;0.10048689
