text;attention
What;0.09990298
type;0.100070685
of;0.099949405
furniture;0.10018917
can;0.10037648
you;0.09947277
see;0.099479854
in;0.09985235
this;0.09965714
image?;0.10104911
