text;attention
What;0.10035124
type;0.10017867
of;0.100098185
furniture;0.10013382
can;0.0998462
you;0.09965435
see;0.09955877
in;0.10000964
this;0.09949554
image?;0.10067361
