text;attention
What;0.10056174
type;0.0997554
of;0.09935905
furniture;0.10077941
can;0.09932664
you;0.099679835
see;0.09942456
in;0.09973712
this;0.1002237
image?;0.101152554
