text;attention
What;0.0993066
type;0.10071688
of;0.09900056
furniture;0.10143816
can;0.09978601
you;0.09934558
see;0.099616796
in;0.100694075
this;0.099155985
image?;0.10093936
