text;attention
What;0.09971337
type;0.10060418
of;0.10038702
furniture;0.10030342
can;0.099111535
you;0.09972621
see;0.099521
in;0.099800915
this;0.09978433
image?;0.10104806
