text;attention
In;0.012524706
the;0.01098121
image,;0.01746229
|;0.01619773
can;0.012298458
see;0.013033822
a;0.011379689
variety;0.010862501
of;0.010947178
furniture,;0.01689661
including;0.011889157
a;0.010892036
couch,;0.013188501
a;0.010290332
chair,;0.011952005
and;0.010338442
a;0.010209709
refrigerator.;0.024798142
The;0.011868635
couch;0.010659219
is;0.01077213
located;0.0114767365
in;0.010319556
the;0.0107040275
living;0.010806145
room,;0.012092508
while;0.011011135
the;0.010453665
chair;0.010500901
is;0.010191203
positioned;0.010636479
near;0.010348502
the;0.010240877
dining;0.010498529
table.;0.015394515
The;0.010314873
refrigerator;0.010442258
is;0.010313459
situated;0.010641741
in;0.009901583
the;0.010028729
kitchen;0.010255658
area.;0.015105627
Additionally,;0.0152063975
there;0.010589911
is;0.010328943
a;0.01029107
TV;0.01120564
in;0.010450018
the;0.01059389
living;0.010610238
room,;0.011460927
which;0.010473751
adds;0.010652526
to;0.010306085
the;0.010327545
cozy;0.010868284
and;0.010191268
functional;0.010426613
setup;0.010788314
of;0.010241873
the;0.010322936
space.;0.013113532
The;0.010562407
presence;0.010635687
of;0.010249543
these;0.010292768
items;0.0105375005
indicates;0.01101352
that;0.0107089495
the;0.010228346
room;0.010238043
is;0.010139376
designed;0.010562819
to;0.010215671
accommodate;0.010590345
both;0.010394198
relaxation;0.010499827
and;0.010199291
dining;0.010100483
activities,;0.011325832
making;0.010265507
it;0.010403273
a;0.0101393955
versatile;0.010496056
and;0.010069258
comfortable;0.010303972
living;0.010033246
space.;0.010223618
