text;attention
In;0.012961748
the;0.009247801
image,;0.029433927
|;0.013476873
can;0.018322513
see;0.01858057
a;0.013569899
variety;0.016104532
of;0.011360611
furniture,;0.052775178
including;0.01527993
a;0.01161476
couch,;0.025046794
a;0.008987961
chair,;0.01316814
and;0.008940344
a;0.008018757
refrigerator.;0.07233576
The;0.015307218
couch;0.010257214
is;0.010114275
located;0.013051067
in;0.009209861
the;0.008424807
living;0.010304014
room,;0.01209529
while;0.00964362
the;0.0089411475
chair;0.008306864
is;0.0079986565
positioned;0.009804544
near;0.008930798
the;0.008111789
dining;0.008953477
table.;0.013928612
The;0.008399725
refrigerator;0.008260831
is;0.007925444
situated;0.008931004
in;0.0074506337
the;0.0074244845
kitchen;0.007905059
area.;0.020529618
Additionally,;0.017400946
there;0.008409988
is;0.0082021905
a;0.008063545
TV;0.009723755
in;0.008425149
the;0.007964264
living;0.007688527
room,;0.008674721
which;0.008054111
adds;0.009702044
to;0.008654126
the;0.008307897
cozy;0.009832644
and;0.008570474
functional;0.009762939
setup;0.008532155
of;0.009008004
the;0.008029443
space.;0.013554604
The;0.008505598
presence;0.008356075
of;0.0075514144
these;0.007864985
items;0.008117929
indicates;0.0096181445
that;0.008374386
the;0.008005241
room;0.007877391
is;0.007851009
designed;0.008078786
to;0.0074880086
accommodate;0.008472846
both;0.007717374
relaxation;0.007674616
and;0.0075045675
dining;0.0074894885
activities,;0.008325188
making;0.007231191
it;0.0073690997
a;0.0075302124
versatile;0.008146683
and;0.0070740143
comfortable;0.007240351
living;0.007029979
space.;0.0075077377
