text;attention
The;0.988663
bedroom;0.0012011693
in;0.00018046328
the;0.00012546079
image;0.00022886044
has;0.0002200816
a;0.0001614814
modern;0.00018411948
and;0.00012780065
stylish;0.00017719131
appearance,;0.00019821413
featuring;0.00014251647
a;0.00015995525
large;0.00011458347
bed;0.0008570673
with;0.0001448949
white;0.00013690836
pillows;0.00021125756
and;0.00010627267
a;0.00010825819
white;0.00010635429
comforter.;0.00022572177
The;0.0001558875
room;0.00018711314
is;0.000116606876
dimly;0.0002439927
lit,;0.0002807811
creating;0.00011903246
a;0.000101657366
cozy;0.00017162788
and;9.869643e-05
intimate;0.00011299587
atmosphere.;0.00015789179
The;0.00012170832
bed;0.00017867271
is;0.00010583917
positioned;0.000120495446
next;0.00010417088
to;0.00010447153
a;0.00010719468
wall,;0.0001998825
and;0.00010060371
there;9.287884e-05
is;9.377359e-05
a;9.5458e-05
lamp;0.00021710369
on;0.0001016185
the;9.499159e-05
nightstand,;0.00020619795
providing;9.4970215e-05
additional;9.713747e-05
lighting;9.987689e-05
in;8.924272e-05
the;8.928461e-05
room.;0.00010857478
The;9.6674004e-05
overall;9.627489e-05
ambiance;0.000114320654
of;9.302796e-05
the;9.176702e-05
bedroom;0.00012378691
is;9.809512e-05
inviting;0.00011656241
and;9.903482e-05
comfortable,;0.00011522508
making;9.145538e-05
it;9.0785914e-05
an;9.033586e-05
ideal;8.9055764e-05
space;8.717043e-05
for;8.8688015e-05
relaxation;9.1686015e-05
and;8.7774984e-05
rest.;8.6060834e-05
