text;attention
Title:;0.12365469
Vehicle;0.07890477
Noise;0.08421978
and;0.07674947
Vibration;0.07954535
Refinement.;0.08765129
Topic:;0.08386679
Woodhead;0.08379993
Publishing;0.07722918
in;0.07416077
Mechanical;0.074240394
Engineering.;0.07597758
