text;attention
Title:;0.094446845
Vehicle;0.09398218
Noise;0.10774742
and;0.073111184
Vibration;0.082905985
Refinement.;0.10446397
Topic:;0.084184915
Woodhead;0.09323374
Publishing;0.07305971
in;0.06501575
Mechanical;0.06293749
Engineering.;0.064910814
