text;attention
Title:;0.10550007
Vehicle;0.08199775
Noise;0.114617385
and;0.073233694
Vibration;0.08273392
Refinement.;0.10588723
Topic:;0.08646515
Woodhead;0.08493951
Publishing;0.07780569
in;0.06293173
Mechanical;0.06068369
Engineering.;0.06320424
