text;attention
Title:;0.12016866
Vehicle;0.080201045
Noise;0.092394404
and;0.07614156
Vibration;0.08094531
Refinement.;0.0975657
Topic:;0.08471324
Woodhead;0.07933713
Publishing;0.07454714
in;0.06975522
Mechanical;0.070216596
Engineering.;0.07401398
