text;attention
Reaching;0.3881247
for;0.31459096
Home;0.29728433
