text;attention
The;0.066053286
prominent;0.062345866
objects;0.06450719
in;0.062271476
the;0.05946999
image;0.062093567
include;0.06613225
a;0.06302121
train,;0.07259048
a;0.059302952
station;0.06050268
platform,;0.066680245
and;0.058943994
a;0.05763646
train;0.056293193
station.;0.06215514
