text;attention
The;0.06295124
prominent;0.060757246
objects;0.06459012
in;0.05957059
the;0.056812223
image;0.060048953
include;0.06788741
a;0.06252909
train,;0.08467979
a;0.06044999
station;0.062625974
platform,;0.069518216
and;0.058381647
a;0.05645365
train;0.05442426
station.;0.05831963
