text;attention
Title:;0.07948734
Vehicle;0.08056826
Noise;0.07984501
and;0.07905735
Vibration;0.080700316
Refinement.;0.080356255
Topic:;0.11789409
Woodhead;0.08098761
Publishing;0.07945325
in;0.08009271
Mechanical;0.0817774
Engineering.;0.07978053
