text;attention
The;1.9824014e-19
image;1.9935185e-19
is;1.4521661e-19
a;1.3015047e-19
collage;3.4264323e-19
of;1.3063146e-19
six;1.4312839e-19
different;1.2626603e-19
shots;3.255163e-19
featuring;1.4879705e-19
a;1.2754503e-19
skateboarder;1.9080073e-18
performing;1.5940468e-19
various;1.3682437e-19
tricks;3.5108606e-19
on;1.4288726e-19
a;1.3791749e-19
skateboard.;1.0
The;1.6839895e-19
skateboarder;2.2963035e-19
is;1.2255363e-19
captured;1.622903e-19
in;1.2126315e-19
different;1.303333e-19
positions;1.5223389e-19
and;1.2741907e-19
stages;1.4516066e-19
of;1.2183392e-19
the;1.2675636e-19
tricks,;2.3836915e-19
showcasing;1.6179702e-19
their;1.3289376e-19
skills;1.2919085e-19
and;1.2797391e-19
the;1.2240692e-19
progression;1.4639463e-19
of;1.2088812e-19
the;1.2439006e-19
stunts.;2.2422284e-19
In;1.2290101e-19
each;1.2202976e-19
of;1.1734636e-19
the;1.180364e-19
six;1.2329594e-19
shots,;3.482901e-19
the;1.3096226e-19
skateboarder;2.068713e-19
is;1.2002928e-19
wearing;2.5668373e-19
a;1.2112861e-19
black;1.2661187e-19
shirt,;1.6187666e-19
and;1.2054458e-19
the;1.268265e-19
skateboard;1.5943204e-19
is;1.2222494e-19
visible;1.2981974e-19
in;1.1661719e-19
various;1.1960285e-19
positions;1.253035e-19
throughout;1.1733068e-19
the;1.1828927e-19
collage.;1.9071985e-19
The;1.2448357e-19
skateboarder;1.6072479e-19
is;1.178344e-19
captured;1.2560261e-19
in;1.1761659e-19
different;1.1847713e-19
stages;1.2127148e-19
of;1.1678591e-19
the;1.1813326e-19
tricks,;1.5860887e-19
from;1.2232664e-19
the;1.1793062e-19
initial;1.2434832e-19
approach;1.2257187e-19
to;1.1851284e-19
the;1.1828521e-19
peak;1.2511961e-19
of;1.1687906e-19
the;1.1846132e-19
stunt;1.2514157e-19
and;1.1641806e-19
the;1.1583332e-19
landing.;1.2664568e-19
The;1.1700932e-19
collage;1.301912e-19
captures;1.3027118e-19
the;1.1923431e-19
essence;1.3161635e-19
of;1.1734232e-19
the;1.2285507e-19
skateboarder's;1.9503571e-19
performance;1.1642338e-19
and;1.1442574e-19
the;1.1376767e-19
excitement;1.2064211e-19
of;1.1309049e-19
the;1.1290255e-19
sport.;1.1726582e-19
