text;attention
The;0.0591697
man;0.059094466
is;0.059073307
performing;0.05916518
a;0.05892624
trick;0.05930863
on;0.05885098
his;0.05918519
skateboard,;0.06036713
jumping;0.089372635
in;0.059460465
the;0.058987174
air;0.058974028
while;0.080527864
riding;0.059690576
it.;0.059846483
