text;attention
The;0.05210955
quote;0.051417436
written;0.04616563
in;0.043581404
the;0.042704023
image;0.049138255
is:;0.04844823
"""forgive";0.0607767
yourself;0.04833715
for;0.043273736
not;0.045516767
knowing;0.04839349
what;0.043685608
you;0.0435474
didn't;0.06814359
know;0.04734411
before;0.044092026
you;0.042992495
lived;0.043823436
through;0.042230505
"it.""";0.044278484
