text;attention
The;0.043672692
purpose;0.05558605
of;0.044510216
the;0.050217293
Om;0.042984847
chanting;0.049110636
mentioned;0.059380054
in;0.045408707
the;0.042873304
image;0.05883457
is;0.05464569
to;0.04149814
meditate;0.048018612
and;0.041787818
chant;0.043039426
deep;0.04021574
mantra;0.04436878
chants;0.047359534
for;0.045292888
positive;0.03905393
transformation.;0.062141065
