text;attention
The;0.036009356
quote;0.037715726
on;0.032707073
the;0.03255032
image;0.03325538
is:;0.040387563
"""My";0.040322404
goal;0.04055496
is;0.032980636
not;0.03595557
to;0.03318028
be;0.033689957
better;0.04691263
than;0.0336995
anyone;0.047227927
else,;0.043816824
but;0.034116212
to;0.032738477
be;0.032562513
better;0.03625891
than;0.03468052
|;0.03476578
used;0.034530643
to;0.032214183
"be.""";0.031948444
-;0.03116872
Wayne;0.03175359
Dyer;0.032295864
