text;attention
The;0.049069334
purpose;0.048787963
of;0.050389677
the;0.04664813
Om;0.048559126
chanting;0.057185248
mentioned;0.051220555
in;0.04690774
the;0.044858605
image;0.045754053
is;0.046769366
to;0.046420094
meditate;0.04889409
and;0.04654378
chant;0.046474192
deep;0.04752518
mantra;0.048828978
chants;0.045231603
for;0.04530426
positive;0.044542
transformation.;0.04408606
