text;attention
The;0.0703191
purpose;0.040399164
of;0.037979946
the;0.036968723
Om;0.04726716
chanting;0.15881363
mentioned;0.04671205
in;0.037238006
the;0.035062116
image;0.047060695
is;0.046864126
to;0.04330906
meditate;0.049022958
and;0.037588883
chant;0.04202475
deep;0.038142037
mantra;0.043421593
chants;0.036451973
for;0.03555907
positive;0.035134587
transformation.;0.034660444
