text;attention
The;6.515763e-09
image;7.016722e-09
shows;7.007106e-09
a;7.1863258e-09
meal;7.406317e-09
arrangement;7.7958635e-09
on;6.0407914e-09
a;5.448757e-09
patterned;6.7958483e-09
textile;5.453019e-09
surface.;0.24030995
At;5.577598e-09
the;4.0017234e-09
center;5.5196665e-09
is;6.0965593e-09
a;6.8773454e-09
white,;6.5441097e-09
round;4.894688e-09
plate;7.761265e-09
that;4.9636766e-09
contains;5.2665907e-09
an;5.717343e-09
assortment;4.734341e-09
of;7.2451343e-09
food;5.509012e-09
items.;0.22417815
There's;1.31067885e-08
a;5.806813e-09
can;5.198923e-09
of;6.1979186e-09
Fanta;7.601283e-09
with;4.6051207e-09
an;4.5412976e-09
orange;5.6139506e-09
flavor,;2.2325993e-08
which;5.980477e-09
seems;5.2529976e-09
to;5.2978537e-09
be;4.966518e-09
the;5.3611107e-09
drink;6.504364e-09
of;4.7192943e-09
choice.;0.25439954
The;7.766197e-09
food;5.541872e-09
items;5.6588667e-09
include;7.93673e-09
what;5.2089675e-09
appears;5.2703895e-09
to;5.1480264e-09
be;4.8825948e-09
pasta;6.616566e-09
shells,;1.0520658e-08
neatly;5.554878e-09
arranged;6.2519048e-09
on;5.1472013e-09
one;5.2038236e-09
side;5.0293094e-09
of;5.171754e-09
the;6.1235386e-09
plate,;2.5336039e-08
and;8.0790485e-09
orange;6.7567894e-09
wedges;9.546901e-09
with;6.128411e-09
some;5.1860276e-09
of;4.663939e-09
the;5.4788742e-09
peel;7.200664e-09
still;5.9457643e-09
attached,;7.819542e-09
placed;6.2860663e-09
on;5.2206346e-09
the;1.3090148e-08
opposite;6.156787e-09
side.;6.0629874e-09
Additionally,;3.824676e-08
there;7.0157053e-09
are;6.5377224e-09
orange-colored;1.18984085e-08
crackers,;1.5820332e-08
contributing;5.4442997e-09
to;4.763162e-09
the;4.8946327e-09
color;6.575477e-09
theme,;8.336665e-09
and;8.250785e-09
a;6.902222e-09
whole,;6.816255e-09
unpeeled;7.89896e-09
carrot;9.8836015e-09
lying;5.4682365e-09
beside;5.562268e-09
the;4.980681e-09
other;5.5225517e-09
items;4.6779083e-09
on;4.6045234e-09
the;6.180495e-09
plate.;7.4741795e-09
The;6.6151653e-09
background;6.400751e-09
textile;5.9839116e-09
has;4.9907416e-09
a;4.8028643e-09
floral;5.828884e-09
pattern;4.9220623e-09
with;4.9007323e-09
a;4.4011985e-09
mix;4.381566e-09
of;4.943392e-09
vibrant;4.4849675e-09
colors,;1.1171255e-08
adding;5.523636e-09
a;5.1955324e-09
decorative;5.4534457e-09
backdrop;5.5542526e-09
to;5.393634e-09
the;5.4773284e-09
meal;6.237493e-09
presentation.;0.28111163
