text;attention
The;1.00300284e-07
image;9.114999e-08
shows;6.737652e-08
a;6.905855e-08
meal;7.482114e-08
arrangement;8.068351e-08
on;6.498039e-08
a;5.696866e-08
patterned;7.896902e-08
textile;6.457309e-08
surface.;0.30320928
At;5.1153968e-08
the;4.7250847e-08
center;5.874751e-08
is;5.2377086e-08
a;6.1162005e-08
white,;8.8236554e-08
round;5.179028e-08
plate;1.11014565e-07
that;4.829412e-08
contains;5.3411767e-08
an;7.338272e-08
assortment;5.0036135e-08
of;5.8757596e-08
food;6.4239636e-08
items.;0.21421878
There's;1.13333215e-07
a;5.875446e-08
can;7.8945156e-08
of;5.969319e-08
Fanta;1.1887237e-07
with;6.2463855e-08
an;5.00274e-08
orange;6.817255e-08
flavor,;3.1362663e-07
which;5.094482e-08
seems;5.4368382e-08
to;6.018714e-08
be;4.8074654e-08
the;5.4382433e-08
drink;9.368802e-08
of;4.8792238e-08
choice.;0.22149271
The;8.647405e-08
food;6.934907e-08
items;6.293492e-08
include;6.845549e-08
what;4.4031292e-08
appears;4.744071e-08
to;6.017641e-08
be;5.2902795e-08
pasta;7.177797e-08
shells,;1.5399579e-07
neatly;5.2750753e-08
arranged;6.054545e-08
on;5.0479716e-08
one;4.9705633e-08
side;5.4838186e-08
of;5.23668e-08
the;6.2567956e-08
plate,;2.3272037e-07
and;8.501154e-08
orange;6.807444e-08
wedges;1.0891917e-07
with;6.333097e-08
some;4.7824287e-08
of;4.792002e-08
the;5.9935516e-08
peel;1.0964662e-07
still;5.993689e-08
attached,;1.2060359e-07
placed;5.730257e-08
on;5.0066248e-08
the;9.159012e-08
opposite;5.2228547e-08
side.;7.4099475e-08
Additionally,;3.0530563e-07
there;7.687048e-08
are;6.8275675e-08
orange-colored;1.2785938e-07
crackers,;1.9272233e-07
contributing;5.7193922e-08
to;5.3119475e-08
the;6.021556e-08
color;7.0717945e-08
theme,;9.093337e-08
and;7.3704506e-08
a;6.5425866e-08
whole,;1.06984466e-07
unpeeled;1.4692993e-07
carrot;1.3086502e-07
lying;5.576725e-08
beside;5.964471e-08
the;4.9058333e-08
other;5.1456244e-08
items;5.6213747e-08
on;4.571266e-08
the;5.898177e-08
plate.;8.755099e-08
The;7.192688e-08
background;6.166528e-08
textile;9.0116245e-08
has;6.203394e-08
a;5.1742443e-08
floral;6.218598e-08
pattern;5.5881813e-08
with;5.6491753e-08
a;6.275332e-08
mix;4.738659e-08
of;5.191693e-08
vibrant;4.8041603e-08
colors,;1.1560378e-07
adding;5.7648542e-08
a;5.3720772e-08
decorative;4.8267502e-08
backdrop;5.8086894e-08
to;4.773875e-08
the;5.4816955e-08
meal;6.788034e-08
presentation.;0.2610706
