text;attention
The;0.01981414
bedroom;0.021972021
in;0.016611367
the;0.015256934
image;0.017729428
has;0.017910322
a;0.01646548
clean;0.01811305
and;0.016241925
minimalist;0.022012975
appearance,;0.022499964
featuring;0.019010263
a;0.015777739
large;0.01572824
bed;0.016254732
with;0.016220333
white;0.015749326
sheets;0.015884593
and;0.015703231
pillows,;0.022410529
which;0.016368978
gives;0.017770875
it;0.015726343
a;0.015225201
fresh;0.016678408
and;0.01548037
inviting;0.017647274
look.;0.020972315
The;0.01634104
room;0.01704239
is;0.01626836
well-lit,;0.028948124
with;0.016322479
a;0.014762165
light;0.015771326
on,;0.017700138
creating;0.016329153
a;0.014629414
cozy;0.017449258
atmosphere.;0.018729396
The;0.015371437
overall;0.016536057
atmosphere;0.017671859
of;0.015255122
the;0.014219761
bedroom;0.015132504
is;0.015175702
calm;0.016283948
and;0.014704832
relaxing,;0.016779901
making;0.015878268
it;0.014762179
an;0.014750374
ideal;0.015517417
space;0.014917293
for;0.014636665
rest;0.015162088
and;0.014603233
rejuvenation.;0.019111687
