text;attention
The;0.018164093
bedroom;0.030929843
in;0.0140752345
the;0.011345124
image;0.016095472
has;0.02182074
a;0.01823933
clean;0.021320596
and;0.016173758
minimalist;0.024235653
appearance,;0.031765144
featuring;0.021964097
a;0.015807899
large;0.014137778
bed;0.028250052
with;0.016558511
white;0.018110622
sheets;0.01692874
and;0.01352808
pillows,;0.029978717
which;0.013875425
gives;0.015756978
it;0.01391528
a;0.01295233
fresh;0.014321877
and;0.012906113
inviting;0.017719407
look.;0.031198747
The;0.016973661
room;0.019534856
is;0.013944313
well-lit,;0.042507317
with;0.0145861
a;0.01197346
light;0.01135407
on,;0.01858104
creating;0.0148987025
a;0.012554523
cozy;0.01612137
atmosphere.;0.021660032
The;0.012595315
overall;0.014905222
atmosphere;0.017191099
of;0.012871622
the;0.010797538
bedroom;0.013147367
is;0.013508673
calm;0.013889536
and;0.01167372
relaxing,;0.016269322
making;0.013928582
it;0.0123426365
an;0.01135979
ideal;0.012162402
space;0.011880476
for;0.0129138855
rest;0.014074365
and;0.012386991
rejuvenation.;0.015336417
