text;attention
The;0.14075221
predominant;0.14417677
airplane;0.14273898
on;0.141083
display;0.14290735
is;0.14132687
blue.;0.14701477
