text;attention
The;0.1410405
predominant;0.14540254
airplane;0.14319935
on;0.14167376
display;0.14206527
is;0.14182304
blue.;0.14479552
