text;attention
The;0.14191636
predominant;0.14401966
airplane;0.14321028
on;0.14230572
display;0.14299043
is;0.14204492
blue.;0.14351265
