text;attention
The;0.14777602
predominant;0.15615185
airplane;0.144515
on;0.12720214
display;0.12514555
is;0.121400565
blue.;0.17780885
