text;attention
The;0.0055919774
website;0.0056909397
mentioned;0.0050688996
in;0.004897861
the;0.004759511
image;0.004999252
is;0.00505644
www.tamilkavithaial.com.;0.96393526
