text;attention
The;0.0046958067
website;0.004692355
mentioned;0.0048010508
in;0.0044649527
the;0.004422737
image;0.0043986514
is;0.0042874427
www.tamilkavithaial.com.;0.9682369
