text;attention
The;0.047321938
quote;0.047449745
written;0.04786835
in;0.047475193
the;0.047349226
image;0.047257237
is:;0.04766403
"""forgive";0.04798975
yourself;0.047632083
for;0.048044216
not;0.047640283
knowing;0.047483217
what;0.047749523
you;0.047632102
didn't;0.047651716
know;0.047506683
before;0.04771237
you;0.047825214
lived;0.047524814
through;0.047514163
"it.""";0.04770811
