text;attention
The;0.047217455
quote;0.047237653
written;0.047472972
in;0.047293466
the;0.04716777
image;0.047174137
is:;0.047422778
"""forgive";0.048349842
yourself;0.047650136
for;0.047546282
not;0.04738847
knowing;0.04734202
what;0.04790234
you;0.04754309
didn't;0.04939689
know;0.047557984
before;0.04772912
you;0.0477438
lived;0.047327362
through;0.04763916
"it.""";0.047897335
