text;attention
The;0.047468565
quote;0.047417894
written;0.04767532
in;0.047408536
the;0.047219045
image;0.04718647
is:;0.04756751
"""forgive";0.048593003
yourself;0.047516447
for;0.04767999
not;0.047339473
knowing;0.04728248
what;0.04787549
you;0.0473969
didn't;0.0483604
know;0.047383778
before;0.047904223
you;0.047622833
lived;0.047351807
through;0.047678184
"it.""";0.04807171
