text;attention
The;1.3346543e-07
bedroom;1.9660604e-07
in;1.0687624e-07
the;1.0269977e-07
image;1.19091446e-07
has;1.1593343e-07
a;1.0545696e-07
clean;1.1367286e-07
and;9.644347e-08
minimalist;1.16606486e-07
appearance,;1.2988572e-07
featuring;1.0623057e-07
a;1.0041147e-07
large;1.0051532e-07
bed;1.1755602e-07
with;1.0072107e-07
white;1.1344382e-07
sheets;1.0826031e-07
and;9.711316e-08
pillows,;1.2317615e-07
which;9.866336e-08
gives;1.00699744e-07
it;9.8150004e-08
a;9.740738e-08
fresh;1.0227071e-07
and;9.503721e-08
inviting;1.0477609e-07
look.;0.9999938
The;1.09253925e-07
room;1.040355e-07
is;9.550349e-08
well-lit,;1.2723523e-07
with;1.0015631e-07
a;9.5468344e-08
light;9.98197e-08
on,;1.0619897e-07
creating;9.7705836e-08
a;9.876126e-08
cozy;9.7585534e-08
atmosphere.;1.11759284e-07
The;9.688152e-08
overall;9.694141e-08
atmosphere;1.13008866e-07
of;9.531605e-08
the;9.965212e-08
bedroom;1.0384775e-07
is;9.6096976e-08
calm;1.0270173e-07
and;9.5782774e-08
relaxing,;1.06521526e-07
making;9.510938e-08
it;9.401765e-08
an;9.1677144e-08
ideal;9.528534e-08
space;9.601618e-08
for;9.843799e-08
rest;9.934372e-08
and;9.590874e-08
rejuvenation.;1.0530542e-07
