text;attention
The;0.04729153
quote;0.04733559
written;0.047357306
in;0.047568347
the;0.04744681
image;0.047380067
is:;0.047680605
"""forgive";0.04815929
yourself;0.04735631
for;0.047717374
not;0.047997486
knowing;0.047637567
what;0.047444317
you;0.047559656
didn't;0.04801941
know;0.047419265
before;0.047641736
you;0.047827363
lived;0.047698505
through;0.04742615
"it.""";0.04803531
