text;attention
The;0.047265
quote;0.047476627
written;0.047326643
in;0.047679108
the;0.04734317
image;0.047161486
is:;0.047579702
"""forgive";0.048269823
yourself;0.04723546
for;0.04745083
not;0.047699664
knowing;0.04730477
what;0.047358744
you;0.047983326
didn't;0.04771333
know;0.04841422
before;0.047490362
you;0.048097406
lived;0.04765776
through;0.04746239
"it.""";0.048030272
