text;attention
The;0.06617172
predominant;0.06925856
airplane;0.068198696
on;0.06630814
display;0.06647129
is;0.066174164
blue,;0.067045584
with;0.06657279
additional;0.06576092
stripes;0.06641867
in;0.06707379
red,;0.066390306
white,;0.06645304
and;0.0656153
green.;0.06608709
