text;attention
Title:;0.10381722
Vehicle;0.08629925
Noise;0.08921097
and;0.076250345
Vibration;0.07765374
Refinement.;0.09894971
Topic:;0.100424685
Woodhead;0.081860974
Publishing;0.0887347
in;0.07144769
Mechanical;0.06214604
Engineering.;0.06320469
