text;attention
The;0.0059498386
website;0.00803895
mentioned;0.0059868414
in;0.00521287
the;0.006432951
image;0.012703112
is;0.0066648726
www.tamilkavithaial.com.;0.94901055
