text;attention
The;0.025816955
website;0.027363239
mentioned;0.03457618
in;0.025617775
the;0.02384592
image;0.032482717
is;0.028678436
www.tamilkavithaial.com.;0.8016188
