text;attention
Title:;0.011152924
Vehicle;0.0104446
Noise;0.011410583
and;0.009306175
Vibration;0.010429276
Refinement.;0.8896637
Topic:;0.012635485
Woodhead;0.0100096185
Publishing;0.008979434
in;0.008377698
Mechanical;0.009051357
Engineering.;0.008539155
