text;attention
The;0.05117486
predominant;0.057036627
airplane;0.056053493
on;0.053016458
display;0.07985444
is;0.05955692
blue,;0.10157595
with;0.056852292
additional;0.056216255
stripes;0.061279483
in;0.06343952
red,;0.08084308
white,;0.08088967
and;0.059741285
green.;0.08246965
