text;attention
The;0.00013467773
predominant;0.00014977333
airplane;0.0001629313
on;0.00012435345
display;0.0001220795
is;0.00014337956
blue,;0.00017560612
with;0.00014497896
additional;0.00013893073
stripes;0.00013804979
in;0.00016117799
red,;0.00018391732
white,;0.00014620955
and;0.000110346125
green.;0.99796355
