text;attention
The;0.0533658
predominant;0.052533958
airplane;0.061937105
on;0.050199565
display;0.058617365
is;0.07320057
blue,;0.091545254
with;0.050703038
additional;0.05123384
stripes;0.06347976
in;0.057041068
red,;0.08626613
white,;0.084448144
and;0.058899112
green.;0.1065293
