text;attention
The;0.025005631
full;0.02032239
name;0.02567946
of;0.020776546
this;0.021049157
Institute;0.029793736
is;0.024743337
"""Juilliard";0.15689842
"University"".";0.047861177
It;0.02180457
was;0.02231174
established;0.023754518
by;0.03039889
a;0.02235127
group;0.022534946
of;0.025612282
students;0.030694596
from;0.02470043
different;0.02168719
universities;0.030614303
and;0.022039114
institutions,;0.026112318
including;0.023223767
Juilliard;0.0409099
School;0.022171684
of;0.01988323
Music,;0.027458435
where;0.02285818
they;0.021096053
were;0.019163812
studying;0.021559013
music;0.021338971
theory;0.02083937
and;0.018636128
composition.;0.024115482
