text;attention
The;2.744623e-08
bedroom;5.3575107e-08
in;2.7682661e-08
the;2.3168626e-08
image;3.4668364e-08
has;2.7098702e-08
a;2.3154268e-08
clean;2.7483164e-08
and;2.463448e-08
minimalist;3.114304e-08
appearance,;3.05886e-08
featuring;2.635137e-08
a;2.2281771e-08
large;2.3980022e-08
bed;2.6612762e-08
with;2.4000157e-08
white;2.4062949e-08
sheets;2.5046672e-08
and;2.2854636e-08
pillows,;2.7257169e-08
which;2.324875e-08
gives;2.4833987e-08
it;2.3652055e-08
a;2.2746175e-08
fresh;2.534119e-08
and;2.2939536e-08
inviting;2.3768958e-08
look.;0.99999857
The;2.45107e-08
room;2.9682507e-08
is;2.3420993e-08
well-lit,;3.633636e-08
with;2.2659785e-08
a;2.1581739e-08
light;2.3973207e-08
on,;2.6196322e-08
creating;2.3770589e-08
a;2.1650303e-08
cozy;2.3844471e-08
atmosphere.;2.5401002e-08
The;2.2518725e-08
overall;2.5934913e-08
atmosphere;2.9295654e-08
of;2.3562762e-08
the;2.1556398e-08
bedroom;2.666698e-08
is;2.2683395e-08
calm;2.4655021e-08
and;2.2377046e-08
relaxing,;2.4359974e-08
making;2.2705388e-08
it;2.1963832e-08
an;2.1462368e-08
ideal;2.2813348e-08
space;2.3041926e-08
for;2.1854804e-08
rest;2.4836785e-08
and;2.1708775e-08
rejuvenation.;2.2382853e-08
