text;attention
The;9.9562605e-08
bedroom;1.683098e-07
in;8.9627584e-08
the;6.7994556e-08
image;9.699059e-08
has;1.1401689e-07
a;7.120917e-08
clean;7.2674474e-08
and;7.362545e-08
minimalist;9.665411e-08
appearance,;1.1810122e-07
featuring;8.221396e-08
a;6.5545684e-08
large;6.376042e-08
bed;7.806877e-08
with;8.0657784e-08
white;6.787263e-08
sheets;7.243644e-08
and;6.592445e-08
pillows,;8.136904e-08
which;6.406751e-08
gives;6.9116574e-08
it;6.5375126e-08
a;6.5350065e-08
fresh;6.55163e-08
and;6.5876435e-08
inviting;6.9421105e-08
look.;0.99999547
The;7.584993e-08
room;7.1918265e-08
is;6.587179e-08
well-lit,;9.445475e-08
with;6.81986e-08
a;6.1131665e-08
light;6.360531e-08
on,;7.84316e-08
creating;6.769098e-08
a;6.134518e-08
cozy;6.4609296e-08
atmosphere.;7.6329144e-08
The;6.2501556e-08
overall;6.489014e-08
atmosphere;6.7180345e-08
of;6.512224e-08
the;6.02857e-08
bedroom;7.538422e-08
is;6.426933e-08
calm;6.717547e-08
and;6.476303e-08
relaxing,;7.01726e-08
making;6.215169e-08
it;6.002616e-08
an;6.0438815e-08
ideal;6.088404e-08
space;6.131219e-08
for;6.063314e-08
rest;6.153584e-08
and;6.451829e-08
rejuvenation.;6.315887e-08
