text;attention
What;0.07693063
is;0.07690289
the;0.076666765
title;0.07668584
of;0.07706278
the;0.07665665
book;0.07680841
or;0.0771118
study;0.07697759
mentioned;0.07701646
in;0.07695191
the;0.07669052
image?;0.07753784
