text;attention
What;0.07674451
is;0.07680888
the;0.07671013
title;0.07658193
of;0.077258825
the;0.076735154
book;0.076820955
or;0.077311635
study;0.076914966
mentioned;0.076882325
in;0.076913804
the;0.07701199
image?;0.077304915
