text;attention
What;0.07662589
is;0.077269554
the;0.07586794
title;0.075946555
of;0.076553665
the;0.07646671
book;0.07618823
or;0.07778215
study;0.0771939
mentioned;0.07732529
in;0.07726364
the;0.07649291
image?;0.079023466
