text;attention
The;0.082845904
name;0.083046496
of;0.08303938
the;0.08320239
school;0.08278348
mentioned;0.082808614
in;0.08409356
the;0.0831428
image;0.08279215
is;0.08280789
Witch;0.08483578
School.;0.08460154
