text;attention
Reaching;0.5095754
for;0.25766635
Home;0.23275822
