text;attention
The;0.047197245
quote;0.047479678
written;0.047261294
in;0.047458682
the;0.047335826
image;0.047246356
is:;0.047422726
"""forgive";0.048377637
yourself;0.047470976
for;0.047572915
not;0.04770798
knowing;0.04738181
what;0.047418114
you;0.04761987
didn't;0.047668356
know;0.049887843
before;0.047392752
you;0.04771051
lived;0.047413886
through;0.047314372
"it.""";0.047661193
