text;attention
The;2.2211607e-07
website;1.5948456e-07
mentioned;1.433992e-07
in;1.4348362e-07
the;2.5312974e-07
image;1.4739209e-07
is;1.7023815e-07
www.tamilkavithaial.com.;0.9999988
