text;attention
The;0.035584215
quote;0.035559017
on;0.03577202
the;0.03550883
image;0.035511572
is:;0.03570618
"""My";0.035634145
goal;0.035536904
is;0.03563763
not;0.03562701
to;0.03618533
be;0.035622627
better;0.035681654
than;0.036041982
anyone;0.03558843
else,;0.036161765
but;0.03552971
to;0.035765465
be;0.035627197
better;0.035679016
than;0.036002304
|;0.035648387
used;0.035653915
to;0.03576471
"be.""";0.03584733
-;0.035635352
Wayne;0.035601962
Dyer;0.035885334
