text;attention
The;0.03568299
quote;0.035609566
on;0.03592037
the;0.035587758
image;0.035570584
is:;0.03577158
"""My";0.03569213
goal;0.03557526
is;0.035724536
not;0.035594247
to;0.03572537
be;0.035596363
better;0.035619177
than;0.03586715
anyone;0.03567418
else,;0.03602115
but;0.035569753
to;0.03562226
be;0.035583742
better;0.035590794
than;0.035744064
|;0.035666198
used;0.03577067
to;0.035707824
"be.""";0.03576355
-;0.035828114
Wayne;0.0357148
Dyer;0.03620575
