text;attention
The;0.035645537
quote;0.035639547
on;0.035773557
the;0.035524424
image;0.035470814
is:;0.035873163
"""My";0.035845213
goal;0.035549555
is;0.035672072
not;0.035539724
to;0.035627905
be;0.03555156
better;0.035550926
than;0.036054287
anyone;0.035623986
else,;0.03611422
but;0.035567697
to;0.035557874
be;0.035544686
better;0.035563983
than;0.03576165
|;0.035629123
used;0.03571181
to;0.03567874
"be.""";0.036138404
-;0.035947964
Wayne;0.035770413
Dyer;0.036071222
