text;attention
The;0.03554913
quote;0.035635434
on;0.035855323
the;0.0356498
image;0.035524663
is:;0.03579376
"""My";0.035806898
goal;0.035619188
is;0.03577079
not;0.03564657
to;0.035603
be;0.035723776
better;0.035599727
than;0.035721723
anyone;0.03575695
else,;0.035831798
but;0.035658315
to;0.035704557
be;0.035668172
better;0.035610236
than;0.03566281
|;0.03564798
used;0.035913873
to;0.035784427
"be.""";0.03585975
-;0.035774186
Wayne;0.035771314
Dyer;0.035855833
