text;attention
The;0.03547379
quote;0.03573164
on;0.035544347
the;0.035430506
image;0.035357144
is:;0.03583871
"""My";0.035999376
goal;0.035634305
is;0.035687316
not;0.035498843
to;0.03570354
be;0.03568817
better;0.03547479
than;0.03569254
anyone;0.03568511
else,;0.03622525
but;0.03555259
to;0.035629343
be;0.03555237
better;0.035463464
than;0.035515253
|;0.035619594
used;0.03575525
to;0.035684615
"be.""";0.036001172
-;0.036177903
Wayne;0.036215767
Dyer;0.036167264
