text;attention
The;0.035657346
quote;0.035624906
on;0.035674244
the;0.03553239
image;0.03544739
is:;0.03568939
"""My";0.036273703
goal;0.035568044
is;0.035526995
not;0.035504676
to;0.035593007
be;0.03552542
better;0.035643924
than;0.035698384
anyone;0.03549318
else,;0.035842285
but;0.035488263
to;0.035576344
be;0.035506465
better;0.035499617
than;0.035524327
|;0.035648104
used;0.03635833
to;0.035919268
"be.""";0.035741027
-;0.036270212
Wayne;0.035815626
Dyer;0.036357205
