text;attention
The;0.0970511
name;0.08039889
of;0.07813186
the;0.07633143
school;0.095171556
mentioned;0.08538861
in;0.07662179
the;0.07196847
image;0.08306101
is;0.07405923
Witch;0.07818164
School.;0.1036344
