text;attention
The;0.08967731
name;0.08751359
of;0.08138015
the;0.0807503
school;0.09193445
mentioned;0.08522767
in;0.07758804
the;0.07233119
image;0.077652216
is;0.07599935
Witch;0.0838762
School.;0.096069574
