text;attention
The;1.1683703e-10
purpose;6.718696e-11
of;5.9584886e-11
the;5.7625772e-11
Om;7.471324e-11
chanting;6.998718e-10
in;6.7284414e-11
the;5.5638567e-11
image;8.8549695e-11
is;1.01824875e-10
to;7.015033e-11
promote;7.716492e-11
positive;8.5811566e-11
transformation;1.1079665e-10
and;8.288351e-11
meditation.;1.0
The;1.13251825e-10
group;7.967045e-11
of;6.433354e-11
people;7.4992366e-11
is;7.9830934e-11
sitting;1.0370908e-10
in;5.5111218e-11
a;5.408776e-11
circle,;1.7881391e-10
focusing;1.4017555e-10
on;6.525175e-11
the;5.953524e-11
chant,;1.7286966e-10
which;6.363451e-11
is;5.5254676e-11
a;6.009988e-11
deep;6.4442236e-11
mantra;8.998379e-11
that;7.579636e-11
helps;7.916075e-11
them;8.168511e-11
connect;6.828927e-11
with;6.371248e-11
their;5.994362e-11
inner;7.157281e-11
selves;8.483076e-11
and;6.848349e-11
achieve;6.684962e-11
a;5.605228e-11
state;5.9664836e-11
of;5.6910004e-11
mindfulness.;3.1149883e-10
This;6.385128e-11
practice;8.0567004e-11
can;6.304207e-11
lead;5.909346e-11
to;5.915683e-11
personal;6.055162e-11
growth,;9.3052566e-11
relaxation,;8.169851e-11
and;5.6925964e-11
stress;5.617697e-11
reduction.;8.872011e-11
The;6.382109e-11
image;7.6326896e-11
also;6.404742e-11
suggests;7.6538144e-11
that;7.019945e-11
the;5.998674e-11
Om;6.62625e-11
chanting;7.231559e-11
is;5.976073e-11
being;5.4831376e-11
used;6.1367016e-11
as;5.6129736e-11
a;5.331516e-11
tool;6.080705e-11
for;5.6297314e-11
positive;6.239323e-11
transformation,;1.03274035e-10
which;5.7312502e-11
can;5.3368573e-11
be;5.074228e-11
achieved;5.946227e-11
through;6.165245e-11
meditation;6.9158054e-11
and;5.9150976e-11
mindfulness;6.2106376e-11
practices.;5.154626e-11
