text;attention
The;5.6361493e-09
bedroom;5.254631e-09
in;6.1039485e-09
the;5.439775e-09
image;5.389665e-09
has;5.5872134e-09
a;5.998048e-09
clean;5.5248486e-09
and;5.4441758e-09
minimalist;5.5141216e-09
appearance,;9.850798e-09
featuring;6.0998984e-09
a;5.467226e-09
large;5.245009e-09
bed;5.3696563e-09
with;5.2523768e-09
white;4.8053574e-09
sheets;4.9789906e-09
and;5.5315232e-09
pillows,;2.2838144e-08
which;5.358995e-09
gives;5.9491687e-09
it;5.057032e-09
a;5.47922e-09
fresh;5.2701687e-09
and;5.680343e-09
inviting;5.2682285e-09
look.;0.31365412
The;5.4341855e-09
room;5.427266e-09
is;5.2593943e-09
well-lit,;1.503948e-08
with;5.8029936e-09
a;5.2570166e-09
light;5.8619425e-09
on,;9.652956e-09
creating;5.1943045e-09
a;5.9219647e-09
cozy;5.0379216e-09
atmosphere.;0.28967407
The;6.015726e-09
overall;5.133387e-09
atmosphere;5.6176894e-09
of;5.5431095e-09
the;5.5976774e-09
bedroom;5.1937694e-09
is;5.5502927e-09
calm;5.315557e-09
and;5.4217826e-09
relaxing,;1.8140144e-08
making;5.447978e-09
it;5.456464e-09
an;5.5325997e-09
ideal;5.653904e-09
space;5.21542e-09
for;6.416239e-09
rest;5.084693e-09
and;5.802651e-09
rejuvenation.;0.3966715
