text;attention
The;0.55583256
predominant;0.036113277
airplane;0.038247287
on;0.028873844
display;0.032343764
is;0.032541182
blue,;0.056098245
with;0.027017558
additional;0.027004352
stripes;0.03495302
in;0.024623064
red,;0.031280387
white,;0.028471313
and;0.023070708
green.;0.023529377
