text;attention
The;0.061828658
prominent;0.05997518
objects;0.060475968
in;0.057746243
the;0.05536959
image;0.05883794
include;0.06774449
a;0.05966056
train,;0.101085365
a;0.061213087
station;0.06020678
platform,;0.073113054
and;0.054256525
a;0.054728024
train;0.054944433
station.;0.058814157
