;ID;x;y;duration;pupil_r;pupil_l;word;word_number;distance
2434;2435;1819.3412865002952;717.7157387137413;150.0;3.0839046902126737;3.02070787217882;;;
2436;2437;735.2326377459934;751.5551542639732;117.0;2.8026559012276784;2.8323389689127603;happening;1.0;18.444845736026764
2437;2438;702.6426043510437;745.2886664271355;67.0;2.826622009277344;2.919658660888672;happening;1.0;24.711333572864532
2438;2439;745.0066055384549;763.4623458006165;183.0;2.941218983043324;2.960601806640625;happening;1.0;6.537654199383496
2439;2440;720.0410113334656;754.431309735775;83.0;2.82421875;2.824298858642578;happening;1.0;15.568690264224983
2440;2441;716.2567076683044;756.3891075253487;266.0;2.8320608139038086;2.8524263822115383;happening;1.0;13.610892474651337
2441;2442;893.370083468301;784.9284838352885;117.0;2.9090162004743303;3.0085474650065103;scene?;4.0;0.0
2460;2461;859.2589551607767;759.092184484005;150.0;2.671751234266493;2.7342732747395835;scene?;4.0;10.907815515995026
2461;2462;895.4196169853211;775.9127861380578;83.0;2.80167236328125;2.8161956787109377;scene?;4.0;0.0
