;number;text;x1;y1;x2;y2;y;diff_y;line;fixations;fix_distance;fix_duration;first_fix_duration;fix_number;pupil_l;pupil_r;distance;pupil;fix_duration_avg;go_past_time
0;0;The;554;425;591;440;432.5;;1;[];[];0.0;0.0;0;;;311.3859267630877;;;
1;1;predominant;599;425;717;444;434.5;2.0;1;[np.float64(341.0), np.float64(342.0)];[np.float64(24.430583572387718), np.float64(12.657506465911865)];367.0;167.0;2;2.911;2.9852;186.2591233782243;2.95;183.5;367.0
2;2;airplane;725;425;800;444;434.5;0.0;1;[np.float64(343.0)];[np.float64(14.238089323043823)];200.0;200.0;1;2.8803;2.9397;104.98174976136372;2.91;200.0;200.0
3;3;on;808;429;830;440;434.5;0.0;1;[];[];0.0;0.0;0;;;78.08712881950225;;;
4;4;display;839;425;905;444;434.5;0.0;1;[np.float64(344.0), np.float64(345.0), np.float64(346.0), np.float64(347.0), np.float64(348.0), np.float64(349.0), np.float64(350.0)];[np.float64(15.682200312614498), np.float64(19.688871166922866), np.float64(15.395440126431245), np.float64(18.290791273117065), np.float64(18.573196765890753), np.float64(22.305004596710205), np.float64(28.290129244327545)];1585.0;200.0;7;2.8428;2.8881;28.290129244327545;2.87;226.4286;1585.0
5;5;is;914;425;927;440;432.5;2.0;1;[];[];0.0;0.0;0;;;31.093232227136472;;;
6;6;blue.;936;425;980;440;432.5;0.0;1;[];[];0.0;0.0;0;;;44.92739025652701;;;
