;number;text;x1;y1;x2;y2;y;diff_y;line;fixations;fix_distance;fix_duration;first_fix_duration;fix_number;pupil_l;pupil_r;distance;pupil;fix_duration_avg;go_past_time
0;0;Who;573;770;615;786;778.0;;1;[];[];0.0;0.0;0;;;352.26872226945727;;;
1;1;has;625;770;657;786;778.0;0.0;1;[np.float64(1854.0)];[np.float64(61.79469871520996)];67.0;67.0;1;;2.4208;310.9436084181726;;67.0;67.0
2;2;written;664;770;726;786;778.0;0.0;1;[];[];0.0;0.0;0;;;243.5541168876647;;;
3;3;the;735;770;764;786;778.0;0.0;1;[];[];0.0;0.0;0;;;206.8949110423814;;;
4;4;quote;772;771;824;790;780.5;2.5;1;[np.float64(1855.0)];[np.float64(81.96666370738637)];183.0;183.0;1;;2.4413;150.7692274291065;;183.0;183.0
5;5;in;833;770;847;786;778.0;2.5;1;[];[];0.0;0.0;0;;;129.5392196504104;;;
6;6;the;856;770;884;786;778.0;0.0;1;[np.float64(1856.0)];[np.float64(61.24830423082619)];116.0;116.0;1;2.6386;2.5422;98.07579287891927;2.59;116.0;116.0
7;7;image?;893;770;961;790;780.0;2.0;1;[np.float64(1857.0)];[np.float64(59.10244085104548)];100.0;100.0;1;2.6444;2.5414;59.10244085104548;2.59;100.0;100.0
