text;attention
The;0.05680306
quote;0.054385595
written;0.0440584
in;0.03808313
the;0.03652656
image;0.05473787
is:;0.06357178
"""forgive";0.078920305
yourself;0.058239363
for;0.049067587
not;0.047102477
knowing;0.057886917
what;0.04148467
you;0.038474817
didn't;0.043017652
know;0.04357105
before;0.042304598
you;0.038240034
lived;0.0381364
through;0.03741059
"it.""";0.037977204
