text;attention
The;0.05423347
quote;0.057967838
written;0.046720505
in;0.037825726
the;0.03653984
image;0.045609847
is:;0.05823858
"""forgive";0.08191669
yourself;0.059028845
for;0.051716454
not;0.045029122
knowing;0.062713794
what;0.040122416
you;0.036366872
didn't;0.045353252
know;0.05164924
before;0.04237757
you;0.03647801
lived;0.037070137
through;0.035744097
"it.""";0.037297647
