text;attention
The;0.9629541
purpose;8.0470556e-05
of;6.601493e-05
the;7.111491e-05
Om;0.00013139109
chanting;0.029457176
in;0.00010853258
the;9.120761e-05
image;0.00027032584
is;8.695168e-05
to;9.4478455e-05
promote;9.576788e-05
positive;0.00010456475
transformation;0.00023196911
and;9.12237e-05
meditation.;0.0010122356
The;8.118465e-05
group;0.0001273272
of;6.79683e-05
people;0.00013679029
is;8.558827e-05
sitting;0.000117591786
in;6.2614374e-05
a;6.0959523e-05
circle,;0.00018046763
focusing;7.0496244e-05
on;6.911901e-05
the;6.231984e-05
chant,;0.00016105051
which;6.729347e-05
is;6.261749e-05
a;6.368295e-05
deep;7.297346e-05
mantra;0.000104784274
that;6.378835e-05
helps;7.212838e-05
them;8.292226e-05
connect;6.3154774e-05
with;6.0713694e-05
their;6.598132e-05
inner;6.469895e-05
selves;7.028365e-05
and;6.525355e-05
achieve;6.653948e-05
a;6.0215538e-05
state;5.7203724e-05
of;5.5539484e-05
mindfulness.;0.00014636738
This;6.826074e-05
practice;7.547998e-05
can;6.4391425e-05
lead;5.9741928e-05
to;6.3977335e-05
personal;6.240983e-05
growth,;8.141392e-05
relaxation,;7.846445e-05
and;5.8474103e-05
stress;6.0475668e-05
reduction.;7.383957e-05
The;6.407686e-05
image;6.980091e-05
also;6.1005696e-05
suggests;6.716267e-05
that;7.697896e-05
the;6.263564e-05
Om;7.23585e-05
chanting;8.033912e-05
is;5.913399e-05
being;5.660558e-05
used;6.104859e-05
as;5.6668618e-05
a;5.6273264e-05
tool;6.27718e-05
for;5.991778e-05
positive;6.943429e-05
transformation,;0.000108123364
which;5.6368175e-05
can;5.4806434e-05
be;5.4154796e-05
achieved;5.8414127e-05
through;6.193744e-05
meditation;5.8098343e-05
and;5.859407e-05
mindfulness;5.5324013e-05
practices.;5.375802e-05
