text;attention
This;0.91358674
page;0.0025280311
shows;0.0022012598
a;0.0019239706
diagram;0.0026783287
showing;0.002118272
how;0.0019942953
vehicles;0.0025308656
use;0.0022201152
noise;0.0035738815
and;0.0019585963
vibration;0.0024541118
reduction;0.0031508838
systems;0.002434808
to;0.0020127755
reduce;0.0020296078
their;0.0018788006
environmental;0.0022492402
impact.;0.0028356032
The;0.0020463231
diagram;0.001933941
includes;0.002076364
various;0.0020569446
components,;0.002176979
such;0.0018146076
as;0.0024288655
vehicle;0.0019824163
body,;0.002278984
engine,;0.002246012
transmission,;0.002073382
differentials,;0.0020256874
and;0.0017473177
wheels,;0.0018816275
that;0.0017636144
are;0.0018427029
used;0.00185709
for;0.001855064
noise;0.002072367
and;0.0018304661
vibration;0.001879962
reduction.;0.0017692309
