text;attention
What;0.100337304
type;0.099995404
of;0.09986625
furniture;0.1003157
can;0.099967204
you;0.09965238
see;0.09974054
in;0.099913605
this;0.099632844
image?;0.10057878
