text;attention
What;0.09981432
type;0.10006661
of;0.10018883
furniture;0.10042127
can;0.09987889
you;0.099923916
see;0.09985738
in;0.09994863
this;0.0997446
image?;0.1001556
