text;attention
What;0.099669844
type;0.10018555
of;0.099888034
furniture;0.10008014
can;0.10026218
you;0.099914946
see;0.099885866
in;0.10007772
this;0.099855855
image?;0.10017988
