text;attention
What;0.10008252
type;0.0999827
of;0.0999596
furniture;0.100184366
can;0.099930674
you;0.099898994
see;0.09984148
in;0.100079656
this;0.099800855
image?;0.10023915
