text;attention
The;0.00061633805
name;0.0006727709
of;0.00058909826
the;0.00066331844
school;0.00077056326
mentioned;0.0006544777
in;0.0005994312
the;0.000659893
image;0.00077389163
is;0.00065010414
Witch;0.0007904991
School.;0.9925597
