text;attention
The;0.06629401
predominant;0.06695786
airplane;0.066381186
on;0.06628478
display;0.06611421
is;0.06662846
blue,;0.067134306
with;0.06636616
additional;0.06625757
stripes;0.06666789
in;0.066884965
red,;0.067565344
white,;0.067513175
and;0.06625352
green.;0.06669662
