text;attention
The;0.0664998
predominant;0.066740565
airplane;0.06653031
on;0.06652915
display;0.06636854
is;0.066640735
blue,;0.066650055
with;0.06640699
additional;0.066437036
stripes;0.06698402
in;0.06671958
red,;0.06763969
white,;0.066773616
and;0.066420875
green.;0.06665908
