text;attention
The;0.06627317
predominant;0.0671558
airplane;0.066673175
on;0.06616933
display;0.06618071
is;0.06642874
blue,;0.067196004
with;0.06641587
additional;0.06655651
stripes;0.06715719
in;0.06659813
red,;0.06760077
white,;0.066915944
and;0.06602372
green.;0.066654935
