text;attention
The;0.06603455
predominant;0.067643575
airplane;0.06657018
on;0.066157654
display;0.06597879
is;0.06609192
blue,;0.06767205
with;0.06649556
additional;0.06628161
stripes;0.06739707
in;0.066781014
red,;0.067643814
white,;0.06703098
and;0.06571345
green.;0.06650783
