text;attention
The;0.066307105
predominant;0.0670185
airplane;0.06635914
on;0.06643882
display;0.0659875
is;0.06629644
blue,;0.068026565
with;0.06618855
additional;0.066052094
stripes;0.066939935
in;0.06675075
red,;0.06748781
white,;0.067215085
and;0.06593967
green.;0.06699201
