text;attention
The;0.013475029
bedroom;0.013567433
in;0.013552127
the;0.013515677
image;0.0134708965
has;0.013512442
a;0.013516521
modern;0.013480167
and;0.013509652
stylish;0.013503845
appearance,;0.013532789
featuring;0.013505034
a;0.013507398
large;0.013479915
bed;0.013481276
with;0.013511955
white;0.013507521
pillows;0.01349956
and;0.013498622
a;0.013490018
white;0.013483389
comforter.;0.013539146
The;0.013531149
room;0.013491342
is;0.01352453
dimly;0.013510885
lit,;0.013524906
creating;0.013496788
a;0.013504109
cozy;0.013485291
and;0.013490771
intimate;0.013494141
atmosphere.;0.013513909
The;0.013519066
bed;0.013491842
is;0.013516749
positioned;0.013525557
next;0.01349686
to;0.013484134
a;0.013495299
wall,;0.013519171
and;0.013503267
there;0.013502234
is;0.013487851
a;0.013486761
lamp;0.01348085
on;0.013541389
the;0.013498662
nightstand,;0.013576109
providing;0.013501324
additional;0.013508383
lighting;0.013516376
in;0.013497334
the;0.0134878345
room.;0.013499137
The;0.013523288
overall;0.013497687
ambiance;0.013542434
of;0.013524048
the;0.013501648
bedroom;0.0135291265
is;0.013567209
inviting;0.013537421
and;0.013534545
comfortable,;0.0135713555
making;0.01352725
it;0.013538692
an;0.013504987
ideal;0.013500544
space;0.013539033
for;0.01353316
relaxation;0.013613017
and;0.013515008
rest.;0.013555126
