text;attention
The;0.013512298
bedroom;0.013518968
in;0.013511127
the;0.013493141
image;0.013490697
has;0.013518065
a;0.01349522
modern;0.013491391
and;0.0135020325
stylish;0.0135061955
appearance,;0.013516204
featuring;0.013497219
a;0.013509386
large;0.0134926895
bed;0.013497181
with;0.013511684
white;0.0134926895
pillows;0.013514706
and;0.013493679
a;0.01349133
white;0.013490571
comforter.;0.013516374
The;0.0135173
room;0.01349447
is;0.013522274
dimly;0.01351291
lit,;0.013519313
creating;0.013498017
a;0.013509212
cozy;0.013501772
and;0.013496502
intimate;0.013511369
atmosphere.;0.013507509
The;0.013517951
bed;0.0134967165
is;0.013508094
positioned;0.013529601
next;0.013499526
to;0.013503029
a;0.013492255
wall,;0.013528136
and;0.013496218
there;0.013498119
is;0.013513017
a;0.013492294
lamp;0.013493259
on;0.013534523
the;0.013495667
nightstand,;0.013521834
providing;0.013507965
additional;0.013500528
lighting;0.013522761
in;0.013511605
the;0.013490626
room.;0.013540496
The;0.013526825
overall;0.013498395
ambiance;0.01354475
of;0.0135495365
the;0.013495347
bedroom;0.013511365
is;0.013516562
inviting;0.013603656
and;0.013525993
comfortable,;0.013569466
making;0.013536217
it;0.013520583
an;0.013523438
ideal;0.013506416
space;0.013519631
for;0.013551849
relaxation;0.013564757
and;0.013515787
rest.;0.013571777
