text;attention
The;0.013505083
bedroom;0.013508716
in;0.013506361
the;0.013492596
image;0.013491791
has;0.013510944
a;0.013501989
modern;0.013491935
and;0.013494476
stylish;0.013513304
appearance,;0.013505833
featuring;0.013495119
a;0.013510152
large;0.01349245
bed;0.013494037
with;0.013500884
white;0.013495383
pillows;0.013506408
and;0.01349263
a;0.013490801
white;0.013491615
comforter.;0.013512889
The;0.013500652
room;0.013493001
is;0.013507946
dimly;0.013519582
lit,;0.013513543
creating;0.013500464
a;0.013510227
cozy;0.013504627
and;0.0134946415
intimate;0.013509487
atmosphere.;0.013504497
The;0.013503026
bed;0.013492737
is;0.013510386
positioned;0.013519666
next;0.013511787
to;0.013496836
a;0.013492595
wall,;0.013519652
and;0.01349315
there;0.013492885
is;0.013511454
a;0.0134992385
lamp;0.013494719
on;0.013526126
the;0.013495957
nightstand,;0.013525833
providing;0.013520531
additional;0.013537848
lighting;0.013528548
in;0.013501007
the;0.013491764
room.;0.013507613
The;0.013526432
overall;0.013493953
ambiance;0.01355787
of;0.013513526
the;0.013492463
bedroom;0.0135063995
is;0.013525778
inviting;0.013555713
and;0.013518497
comfortable,;0.013554241
making;0.0135132
it;0.013560839
an;0.013541781
ideal;0.013522909
space;0.013545495
for;0.013532853
relaxation;0.013669849
and;0.013518575
rest.;0.013612218
