text;attention
The;0.013471099
bedroom;0.013559003
in;0.013558288
the;0.013472715
image;0.01346039
has;0.013540794
a;0.013476407
modern;0.013464221
and;0.01353659
stylish;0.0134991715
appearance,;0.013530313
featuring;0.0134747345
a;0.01348602
large;0.01346872
bed;0.013468714
with;0.013510252
white;0.013466675
pillows;0.013496938
and;0.013477502
a;0.013466475
white;0.013464204
comforter.;0.013509571
The;0.013515547
room;0.013470797
is;0.013509177
dimly;0.0135260215
lit,;0.013513119
creating;0.013480483
a;0.013492639
cozy;0.013513777
and;0.013508073
intimate;0.013485421
atmosphere.;0.013504057
The;0.013523659
bed;0.0134778265
is;0.013492675
positioned;0.013517068
next;0.01347257
to;0.01347243
a;0.013477907
wall,;0.013539287
and;0.013481529
there;0.013484563
is;0.013472264
a;0.013468727
lamp;0.013469492
on;0.013531265
the;0.013477168
nightstand,;0.013563303
providing;0.013484138
additional;0.013513228
lighting;0.01356788
in;0.01347796
the;0.013486114
room.;0.013519877
The;0.013532014
overall;0.013480991
ambiance;0.013643716
of;0.013549741
the;0.013498572
bedroom;0.013564935
is;0.013519855
inviting;0.013588522
and;0.013525783
comfortable,;0.01356078
making;0.013512092
it;0.013535684
an;0.013525257
ideal;0.013532035
space;0.013604567
for;0.013602806
relaxation;0.013723465
and;0.013558486
rest.;0.013591854
