text;attention
The;0.013460444
bedroom;0.013618821
in;0.01361419
the;0.013461591
image;0.013432085
has;0.013543929
a;0.013518148
modern;0.01346354
and;0.01351772
stylish;0.013510687
appearance,;0.013546184
featuring;0.013514706
a;0.013490365
large;0.013472928
bed;0.013450015
with;0.013553931
white;0.013481247
pillows;0.013509372
and;0.013456373
a;0.013453172
white;0.013445916
comforter.;0.013501437
The;0.013603548
room;0.0134974
is;0.013506334
dimly;0.013558934
lit,;0.013551403
creating;0.013494637
a;0.013481455
cozy;0.013505849
and;0.0134814
intimate;0.013491442
atmosphere.;0.013510351
The;0.013557173
bed;0.01349544
is;0.013508754
positioned;0.013482218
next;0.013457621
to;0.013450044
a;0.013469808
wall,;0.013552353
and;0.013469071
there;0.013474799
is;0.013451473
a;0.013442625
lamp;0.013452494
on;0.013595444
the;0.0134678455
nightstand,;0.013596565
providing;0.013522352
additional;0.01348948
lighting;0.013540247
in;0.013457914
the;0.013447988
room.;0.013479168
The;0.0135501
overall;0.013476156
ambiance;0.013630328
of;0.013578738
the;0.013471387
bedroom;0.013567842
is;0.0135590555
inviting;0.013614702
and;0.013553132
comfortable,;0.013624654
making;0.013515216
it;0.0135359
an;0.013498724
ideal;0.013473811
space;0.0135387145
for;0.013537932
relaxation;0.013672772
and;0.013508117
rest.;0.013532205
