text;attention
The;0.013472193
bedroom;0.013600884
in;0.013541832
the;0.013463591
image;0.013426912
has;0.013522512
a;0.013509202
modern;0.013447101
and;0.01348787
stylish;0.013488876
appearance,;0.013538674
featuring;0.013498078
a;0.013479233
large;0.013449961
bed;0.013450865
with;0.013538495
white;0.0134927975
pillows;0.013522029
and;0.0134810405
a;0.013473843
white;0.013451061
comforter.;0.013555116
The;0.013579183
room;0.013492985
is;0.0134769995
dimly;0.01353876
lit,;0.013517937
creating;0.01352992
a;0.013486917
cozy;0.013491895
and;0.013484778
intimate;0.0135018425
atmosphere.;0.013523853
The;0.013586046
bed;0.013493073
is;0.013485969
positioned;0.013505564
next;0.013461842
to;0.013445756
a;0.013468264
wall,;0.013564915
and;0.01351462
there;0.013505111
is;0.013448934
a;0.013442572
lamp;0.013447413
on;0.013585752
the;0.013471207
nightstand,;0.013628467
providing;0.01351872
additional;0.013493278
lighting;0.013552367
in;0.013463226
the;0.013461202
room.;0.013502092
The;0.013610906
overall;0.013494696
ambiance;0.013566941
of;0.013528619
the;0.013484499
bedroom;0.013531903
is;0.013547078
inviting;0.013563977
and;0.01354334
comfortable,;0.013644792
making;0.013534426
it;0.013534619
an;0.01350122
ideal;0.013492136
space;0.013556197
for;0.013529301
relaxation;0.013641054
and;0.013516764
rest.;0.013614015
