text;attention
The;0.013475972
bedroom;0.013546649
in;0.013537703
the;0.013511426
image;0.013473176
has;0.01351144
a;0.013513697
modern;0.013482757
and;0.013500999
stylish;0.013499635
appearance,;0.013526844
featuring;0.013491617
a;0.013523044
large;0.01348138
bed;0.013485294
with;0.013498386
white;0.013496639
pillows;0.013497027
and;0.01349446
a;0.013480648
white;0.013476831
comforter.;0.013517615
The;0.013508711
room;0.013492485
is;0.013514783
dimly;0.013522215
lit,;0.01352877
creating;0.01348858
a;0.013501903
cozy;0.013490124
and;0.0135004325
intimate;0.013485007
atmosphere.;0.013511541
The;0.013504405
bed;0.0134960525
is;0.013531018
positioned;0.013535911
next;0.013499545
to;0.013491192
a;0.013499893
wall,;0.013518505
and;0.013496546
there;0.013501
is;0.013496662
a;0.013494406
lamp;0.013486272
on;0.013535699
the;0.013506163
nightstand,;0.013547097
providing;0.013489623
additional;0.013509979
lighting;0.013523132
in;0.013502908
the;0.013488925
room.;0.013493468
The;0.013507846
overall;0.01350983
ambiance;0.013565475
of;0.01355898
the;0.013541708
bedroom;0.01351899
is;0.013538156
inviting;0.013539704
and;0.013531721
comfortable,;0.0135867745
making;0.013510817
it;0.013533431
an;0.013529087
ideal;0.013509601
space;0.013537098
for;0.013567959
relaxation;0.013607006
and;0.013546617
rest.;0.013542937
