text;attention
The;0.0116878515
purpose;0.011699039
of;0.011693176
the;0.011704371
Om;0.011684376
chanting;0.011732994
in;0.011741873
the;0.011686728
image;0.0116875805
is;0.011677112
to;0.011689433
promote;0.011692919
positive;0.01168864
transformation;0.011686499
and;0.011677827
meditation.;0.011742254
The;0.011684118
group;0.016553838
of;0.011733264
people;0.011699585
is;0.011682185
sitting;0.011688401
in;0.011687031
a;0.011705852
circle,;0.011696053
focusing;0.011717404
on;0.011683012
the;0.011685257
chant,;0.011695285
which;0.011722508
is;0.011690101
a;0.011681453
deep;0.011681456
mantra;0.011697405
that;0.011725492
helps;0.011688632
them;0.011677738
connect;0.011688787
with;0.0116985515
their;0.011687062
inner;0.011679531
selves;0.011698256
and;0.011684338
achieve;0.01168314
a;0.011682082
state;0.011688569
of;0.01168442
mindfulness.;0.011762281
This;0.011676354
practice;0.011731827
can;0.011689866
lead;0.011699265
to;0.011690477
personal;0.011693025
growth,;0.011707012
relaxation,;0.011750824
and;0.011687262
stress;0.011677946
reduction.;0.011709132
The;0.011682518
image;0.011739429
also;0.011692367
suggests;0.01172026
that;0.0116918385
the;0.011700277
Om;0.011709669
chanting;0.01176236
is;0.011740868
being;0.011695585
used;0.0116948355
as;0.011691884
a;0.011714586
tool;0.011689692
for;0.011696349
positive;0.011716143
transformation,;0.011729401
which;0.011727117
can;0.0117338495
be;0.0117110405
achieved;0.0117317
through;0.0116951065
meditation;0.011793857
and;0.011818667
mindfulness;0.011909625
practices.;0.011812175
