text;attention
The;0.9951455
purpose;3.61398e-05
of;3.0673793e-05
the;3.1576066e-05
Om;7.708229e-05
chanting;0.001945781
in;4.591837e-05
the;3.1901236e-05
image;9.393827e-05
is;3.648562e-05
to;3.843274e-05
promote;4.026749e-05
positive;3.916546e-05
transformation;6.399312e-05
and;3.6699577e-05
meditation.;0.00020024116
The;3.2014672e-05
group;3.9113915e-05
of;2.766768e-05
people;3.500202e-05
is;3.2157906e-05
sitting;5.105071e-05
in;2.8818878e-05
a;2.554865e-05
circle,;4.9507376e-05
focusing;3.3910594e-05
on;3.0376106e-05
the;2.6389633e-05
chant,;6.845531e-05
which;2.608114e-05
is;2.6000602e-05
a;2.722398e-05
deep;3.1323976e-05
mantra;5.0397808e-05
that;2.5988207e-05
helps;2.994418e-05
them;3.1851378e-05
connect;3.107849e-05
with;2.758503e-05
their;2.6823134e-05
inner;2.8305976e-05
selves;3.322595e-05
and;2.5531306e-05
achieve;3.360389e-05
a;2.5435433e-05
state;2.9137824e-05
of;2.5662812e-05
mindfulness.;4.884779e-05
This;2.5020972e-05
practice;3.6732104e-05
can;2.5918953e-05
lead;2.8830947e-05
to;2.784373e-05
personal;2.5993635e-05
growth,;3.7064252e-05
relaxation,;3.1703643e-05
and;2.3361532e-05
stress;2.6403606e-05
reduction.;2.952276e-05
The;2.705657e-05
image;2.9826017e-05
also;2.8480632e-05
suggests;3.057648e-05
that;3.3547854e-05
the;2.7182265e-05
Om;3.602384e-05
chanting;3.4129596e-05
is;2.6314265e-05
being;2.5260657e-05
used;3.293235e-05
as;2.5212643e-05
a;2.3945315e-05
tool;2.6678512e-05
for;2.5645222e-05
positive;2.6660175e-05
transformation,;4.1294134e-05
which;2.3691526e-05
can;2.3589395e-05
be;2.2869948e-05
achieved;2.625651e-05
through;2.5491141e-05
meditation;2.8443037e-05
and;2.40813e-05
mindfulness;2.46057e-05
practices.;2.3816707e-05
