text;attention
The;0.2703261
clock;0.121998504
on;0.110363044
the;0.096088305
building;0.12498556
shows;0.11859801
12:30.;0.15764047
