text;attention
The;0.16233055
clock;0.1445492
on;0.1382208
the;0.115297966
building;0.12829283
shows;0.12705421
12:30.;0.18425441
