text;attention
The;0.023488972
full;0.014837169
name;0.024760144
of;0.016322795
this;0.023993496
Institute;0.03176347
is;0.0286326
"""Juilliard";0.080804974
"University"".";0.11527058
It;0.018571716
was;0.017352413
established;0.025559288
by;0.022473155
a;0.018422587
group;0.023975592
of;0.01885876
students;0.026308272
from;0.020603845
different;0.019851958
universities;0.019649988
and;0.020432802
institutions,;0.059665784
including;0.024631789
Juilliard;0.04174328
School;0.022734039
of;0.018384738
Music,;0.05169955
where;0.021787707
they;0.016748669
were;0.017587997
studying;0.02145503
music;0.017507363
theory;0.017689874
and;0.018126078
composition.;0.03830349
