text;attention
Title:;0.082844935
Vehicle;0.08323172
Noise;0.0828648
and;0.082694456
Vibration;0.08312341
Refinement.;0.08389046
Topic:;0.08344832
Woodhead;0.0833987
Publishing;0.08281457
in;0.084524035
Mechanical;0.08356447
Engineering.;0.08360012
