text;attention
Title:;0.08294674
Vehicle;0.08338067
Noise;0.08317022
and;0.082760885
Vibration;0.083477534
Refinement.;0.08367382
Topic:;0.083322
Woodhead;0.083404765
Publishing;0.083362535
in;0.08357361
Mechanical;0.08350455
Engineering.;0.083422594
