text;attention
Title:;4.7349317e-08
Vehicle;4.6713055e-08
Noise;4.153493e-08
and;3.838658e-08
Vibration;4.0155804e-08
Refinement.;0.99999976
Topic:;4.5649834e-08
Woodhead;5.04558e-08
Publishing;4.6511147e-08
in;4.1125404e-08
Mechanical;4.2951587e-08
Engineering.;4.7403717e-08
