text;attention
What;0.12457049
are;0.1254434
the;0.12392715
prominent;0.12393813
objects;0.12521116
in;0.12582068
the;0.124780886
image?;0.12630808
