text;attention
What;0.1251331
are;0.12500678
the;0.12432423
prominent;0.124234825
objects;0.12444893
in;0.12598239
the;0.12490437
image?;0.12596534
