text;attention
What;0.12567984
are;0.12497595
the;0.1243732
prominent;0.12433982
objects;0.12460534
in;0.12603422
the;0.124483325
image?;0.12550831
