text;attention
The;0.06230386
man;0.05308437
in;0.050005376
the;0.048186928
image;0.05319862
is;0.050769057
riding;0.057861526
skis;0.06946649
down;0.052993905
a;0.048745513
snow-covered;0.055922862
slope;0.048299637
while;0.05059348
holding;0.047872715
an;0.046269033
ax;0.047720958
in;0.046408318
his;0.044882763
hand.;0.06541455
