text;attention
The;0.0619622
man;0.0520673
in;0.048105575
the;0.047377884
image;0.05253728
is;0.050262123
riding;0.058895953
skis;0.06428412
down;0.051904198
a;0.05123764
snow-covered;0.059648998
slope;0.04826429
while;0.050144844
holding;0.04804491
an;0.04640469
ax;0.048882935
in;0.04641538
his;0.04551624
hand.;0.06804352
