text;attention
The;0.060305003
man;0.052675635
in;0.049613714
the;0.04687882
image;0.060034126
is;0.058605902
riding;0.06325877
skis;0.076037504
down;0.05124742
a;0.04833991
snow-covered;0.058846693
slope;0.04596961
while;0.047794234
holding;0.04559451
an;0.043076865
ax;0.046489365
in;0.044698816
his;0.042619567
hand.;0.05791356
