text;attention
What;0.13036364
is;0.120968126
the;0.1216314
title;0.12765883
of;0.120662294
Naomi;0.12641694
Klein's;0.12810235
book?;0.12419645
