text;attention
What;0.124965385
is;0.124866426
the;0.12368824
title;0.123579465
of;0.12440935
Naomi;0.12522487
Klein's;0.12712294
book?;0.1261433
