text;attention
What;0.12351848
is;0.12371444
the;0.12368742
title;0.123376235
of;0.124191694
Naomi;0.124610335
Klein's;0.1318588
book?;0.1250426
