text;attention
The;0.010152323
quote;0.011675722
on;0.0066125225
the;0.006209335
image;0.011645544
suggests;0.012054509
that;0.009703109
peace,;0.043035835
poetry,;0.030265698
and;0.0076971697
power;0.015239385
are;0.007253465
important;0.0082894545
aspects;0.008022493
of;0.006570817
life.;0.04459221
It;0.008585282
encourages;0.013164693
people;0.008434343
to;0.00814403
appreciate;0.009036352
these;0.009489626
qualities;0.009146967
and;0.008438627
strive;0.0073900735
to;0.0062671965
incorporate;0.0069537936
them;0.006690904
into;0.0062312554
their;0.006225211
daily;0.0066963243
lives.;0.030220777
The;0.008240715
image;0.012629656
features;0.011021056
a;0.007619381
clock;0.019263553
with;0.0090253595
a;0.0063399267
rose;0.014552567
and;0.0075169937
a;0.006124716
quote,;0.022565778
which;0.0075928923
can;0.007052124
be;0.0057096756
interpreted;0.008258749
as;0.007928187
a;0.006326891
reminder;0.010565093
to;0.0089099575
find;0.007319975
balance;0.009727495
between;0.008392141
the;0.0064343708
passage;0.007801858
of;0.0066608256
time;0.009987122
and;0.0080227
the;0.006305371
beauty;0.007956238
of;0.0059337234
life.;0.021733126
The;0.0073724594
rose;0.011979328
symbolizes;0.014070785
love;0.008355798
and;0.0064815604
appreciation,;0.009554908
while;0.007253896
the;0.006451584
clock;0.007844223
represents;0.008029168
the;0.0063849804
importance;0.0071978844
of;0.0063178316
time;0.008365847
and;0.0063839788
its;0.006063716
value;0.006362422
in;0.0058626924
our;0.0060361656
lives.;0.011376584
The;0.0062855203
combination;0.0071669514
of;0.0060844664
these;0.00630372
elements;0.0068779592
in;0.005901912
the;0.0057704705
image;0.0067034317
serves;0.0067575644
as;0.005984196
a;0.0058810194
reminder;0.0071228645
to;0.006993943
cherish;0.0076171523
the;0.006280985
moments;0.0074326387
and;0.0067326645
make;0.006458793
the;0.00558572
most;0.0058968766
of;0.0057804477
our;0.005692755
time;0.0059249564
on;0.005483477
earth.;0.0058804434
