text;attention
The;0.010761325
quote;0.008854534
on;0.006586091
the;0.0057479125
image;0.009760511
suggests;0.013065948
that;0.008177985
peace,;0.032113228
poetry,;0.018202985
and;0.007982315
power;0.014256148
are;0.007456496
important;0.008387205
aspects;0.007597379
of;0.00575347
life.;0.027267532
It;0.0076290625
encourages;0.01184812
people;0.0071141007
to;0.007449324
appreciate;0.009167607
these;0.010676968
qualities;0.00852921
and;0.01047179
strive;0.007123044
to;0.0058486992
incorporate;0.0067477147
them;0.006561144
into;0.0058187027
their;0.005440549
daily;0.0055879178
lives.;0.022837633
The;0.008141348
image;0.012797082
features;0.012775548
a;0.007271381
clock;0.02194848
with;0.012235368
a;0.0057440945
rose;0.011743825
and;0.0077057555
a;0.0057501504
quote,;0.06365592
which;0.009418827
can;0.006984784
be;0.0051540146
interpreted;0.0076934067
as;0.0076251584
a;0.0055703437
reminder;0.007869385
to;0.008017549
find;0.0069984794
balance;0.010545428
between;0.007699206
the;0.00603738
passage;0.0070647066
of;0.006122796
time;0.011233892
and;0.009848688
the;0.0058211074
beauty;0.007358201
of;0.0053834873
life.;0.021333613
The;0.006846964
rose;0.0155551415
symbolizes;0.020534392
love;0.008634032
and;0.0069597047
appreciation,;0.013478475
while;0.008334304
the;0.006339774
clock;0.014378627
represents;0.009817905
the;0.0063214134
importance;0.0064481897
of;0.0062082415
time;0.011198699
and;0.00671807
its;0.006245044
value;0.006030571
in;0.0055140806
our;0.0054837405
lives.;0.011396086
The;0.006146637
combination;0.0072008
of;0.0060827923
these;0.0069202883
elements;0.007434578
in;0.006358366
the;0.005496083
image;0.0067125517
serves;0.0064151925
as;0.005162366
a;0.0052531767
reminder;0.0058377534
to;0.0063544046
cherish;0.007933053
the;0.0056285374
moments;0.008476972
and;0.0073232693
make;0.0059656072
the;0.005012078
most;0.005275855
of;0.005365018
our;0.0052528996
time;0.00546647
on;0.0048699747
earth.;0.005239769
