text;attention
The;0.014472636
quote;0.009258357
on;0.006097605
the;0.0058563133
image;0.011521052
suggests;0.01141808
that;0.008069534
peace,;0.037208967
poetry,;0.02617222
and;0.00844878
power;0.016071448
are;0.0074804085
important;0.009684389
aspects;0.007816657
of;0.0062397406
life.;0.054443624
It;0.008375913
encourages;0.011696678
people;0.007551176
to;0.007936565
appreciate;0.009934065
these;0.010409434
qualities;0.010155109
and;0.00814225
strive;0.0071781576
to;0.0060954867
incorporate;0.0066834637
them;0.0066165132
into;0.00575014
their;0.0057495297
daily;0.0067130746
lives.;0.022521388
The;0.009824045
image;0.014796515
features;0.010252477
a;0.00808266
clock;0.03001771
with;0.010422568
a;0.0060980944
rose;0.018858071
and;0.008315194
a;0.0060926867
quote,;0.035066083
which;0.006979312
can;0.0064899186
be;0.00529442
interpreted;0.007205499
as;0.007406581
a;0.005943341
reminder;0.010000132
to;0.008865942
find;0.0073965327
balance;0.010346256
between;0.007838737
the;0.0064578634
passage;0.008246392
of;0.006756765
time;0.0147918
and;0.008916427
the;0.0060727107
beauty;0.008443241
of;0.00581018
life.;0.025332097
The;0.00709569
rose;0.010414772
symbolizes;0.011051425
love;0.0076484047
and;0.0059872195
appreciation,;0.00949421
while;0.00629864
the;0.0058219824
clock;0.008915375
represents;0.007852046
the;0.006256137
importance;0.0061009866
of;0.00576395
time;0.010077172
and;0.0057665007
its;0.0055773966
value;0.0060472144
in;0.0053890506
our;0.0054028067
lives.;0.0097328285
The;0.0056638746
combination;0.006011497
of;0.0052994452
these;0.0053219283
elements;0.005957616
in;0.0052623814
the;0.005096036
image;0.0056800577
serves;0.005473589
as;0.0049539628
a;0.0050425325
reminder;0.005716192
to;0.0056943884
cherish;0.0069477884
the;0.0056190034
moments;0.008081923
and;0.006057298
make;0.005602061
the;0.0049015908
most;0.0051905666
of;0.0052583925
our;0.005088262
time;0.0052837757
on;0.004829202
earth.;0.005083811
