text;attention
The;0.010059027
quote;0.010081712
on;0.006840999
the;0.006085411
image;0.009034556
suggests;0.0106819905
that;0.009272827
peace,;0.048820134
poetry,;0.03677636
and;0.0076135634
power;0.017724706
are;0.007427968
important;0.009053936
aspects;0.008148232
of;0.0063581737
life.;0.03508256
It;0.010049331
encourages;0.011449489
people;0.0072234287
to;0.0077832737
appreciate;0.009216514
these;0.009592298
qualities;0.009470062
and;0.007758069
strive;0.0071611945
to;0.0063052084
incorporate;0.007467126
them;0.006672412
into;0.006207942
their;0.005990413
daily;0.0064156554
lives.;0.020664813
The;0.008567524
image;0.013105492
features;0.009316322
a;0.00832884
clock;0.038682804
with;0.011064266
a;0.0067927516
rose;0.016012913
and;0.007952056
a;0.0062059886
quote,;0.02722738
which;0.0070902053
can;0.006585722
be;0.0055628503
interpreted;0.0073031047
as;0.007274208
a;0.0060793846
reminder;0.008631466
to;0.008466522
find;0.0072348514
balance;0.010966236
between;0.0076013086
the;0.0063215853
passage;0.0076515065
of;0.00679454
time;0.012872417
and;0.007969212
the;0.0061602574
beauty;0.0075054117
of;0.0057626697
life.;0.016170755
The;0.007134872
rose;0.012242637
symbolizes;0.011810056
love;0.008999939
and;0.0062684193
appreciation,;0.010815044
while;0.0062825764
the;0.0060740514
clock;0.009863206
represents;0.0071823103
the;0.0064349384
importance;0.0063963598
of;0.006196243
time;0.009869543
and;0.0061850315
its;0.0062184082
value;0.006685202
in;0.0060471063
our;0.0057200794
lives.;0.009159507
The;0.0059280195
combination;0.0073473705
of;0.006205782
these;0.0061545596
elements;0.0068289386
in;0.006007861
the;0.005594727
image;0.0060870205
serves;0.0060110884
as;0.005511018
a;0.0056106527
reminder;0.0060343165
to;0.0061467583
cherish;0.007390354
the;0.0061167846
moments;0.0077577718
and;0.0065721865
make;0.0061556115
the;0.0054326467
most;0.0058218935
of;0.005897016
our;0.0054256218
time;0.0058334977
on;0.0052674026
earth.;0.0055255364
