text;attention
The;0.20374113
purpose;0.0026470455
of;0.002638697
the;0.003023102
Om;0.0033146564
chanting;0.002759753
mentioned;0.0027261095
in;0.002439803
the;0.002963564
image;0.0035037973
is;0.0031884734
to;0.0026481363
meditate;0.32663143
and;0.09351059
chant;0.0024411043
deep;0.0025375772
mantra;0.002850007
chants;0.002431018
for;0.0024916579
positive;0.0027837984
transformation.;0.32872844
