text;attention
Reaching;0.40967786
for;0.28870574
Home;0.3016164
