text;attention
The;0.14204758
bowl;0.14391027
in;0.142222
the;0.14338228
image;0.1426656
is;0.14189923
small.;0.14387302
