text;attention
The;0.14204495
bowl;0.14397527
in;0.14239334
the;0.1430231
image;0.1425116
is;0.1420687
small.;0.143983
