text;attention
The;0.14157152
bowl;0.14470692
in;0.14205283
the;0.14307898
image;0.14221124
is;0.1414021
small.;0.14497642
