text;attention
The;0.14154924
bowl;0.14305899
in;0.14215653
the;0.14390314
image;0.14277197
is;0.14126927
small.;0.14529088
