text;attention
Reaching;0.07055152
for;0.06007499
Home:;0.10021543
Global;0.07050159
Learning;0.078223325
on;0.077643804
Family;0.06879363
Reintegration;0.08233577
in;0.06853768
Low;0.065126866
and;0.0632855
Lower-Middle;0.07985235
Income;0.059996624
Countries;0.05486083
