text;attention
The;0.04260828
man;0.057531364
in;0.04612236
the;0.041048374
image;0.07040188
is;0.048105136
riding;0.05261871
skis;0.07331185
down;0.043021176
a;0.047692727
snow-covered;0.08594548
slope;0.053121883
while;0.046555102
holding;0.04632869
an;0.042097174
ax;0.050051924
in;0.04384527
his;0.039060365
hand.;0.070532374
