text;attention
The;0.016754003
bedroom;0.016868437
in;0.016810887
the;0.016857827
image;0.0167742
has;0.016744534
a;0.016901357
clean;0.016905224
and;0.01678907
minimalist;0.016886882
appearance,;0.016938295
featuring;0.016837409
a;0.016859943
large;0.016838023
bed;0.016784437
with;0.016770411
white;0.016900072
sheets;0.016830495
and;0.016809477
pillows,;0.016905794
which;0.016772825
gives;0.016829608
it;0.016778646
a;0.016782615
fresh;0.016803596
and;0.016765617
inviting;0.016842173
look.;0.016884102
The;0.01683135
room;0.022547115
is;0.016949028
well-lit,;0.017044054
with;0.01689869
a;0.01684667
light;0.016778694
on,;0.016809868
creating;0.016806684
a;0.016872214
cozy;0.016879532
atmosphere.;0.016853927
The;0.01681282
overall;0.01694497
atmosphere;0.0168418
of;0.016800985
the;0.016839705
bedroom;0.016805748
is;0.016846336
calm;0.016944699
and;0.01683582
relaxing,;0.017024517
making;0.016787793
it;0.016882308
an;0.016829027
ideal;0.016797837
space;0.016783059
for;0.016815778
rest;0.016853575
and;0.016805591
rejuvenation.;0.017403875
