text;attention
The;0.016772732
bedroom;0.016857589
in;0.016828425
the;0.016867518
image;0.016827121
has;0.016764931
a;0.016850622
clean;0.01682836
and;0.016776351
minimalist;0.016846627
appearance,;0.016853597
featuring;0.016805127
a;0.016833708
large;0.016828503
bed;0.01676668
with;0.016764557
white;0.01679867
sheets;0.016824223
and;0.016779972
pillows,;0.01684891
which;0.01676367
gives;0.016786875
it;0.016774625
a;0.016786898
fresh;0.016768003
and;0.016770469
inviting;0.016828025
look.;0.016815014
The;0.016789215
room;0.02422574
is;0.016875451
well-lit,;0.016910577
with;0.016844269
a;0.01679652
light;0.016806377
on,;0.016793355
creating;0.016782682
a;0.016807588
cozy;0.016827337
atmosphere.;0.016800504
The;0.016794937
overall;0.01692512
atmosphere;0.016803142
of;0.016813401
the;0.016834283
bedroom;0.016848296
is;0.016807131
calm;0.016825767
and;0.016802235
relaxing,;0.01701489
making;0.01679607
it;0.016815249
an;0.01683216
ideal;0.016778711
space;0.01678723
for;0.016807832
rest;0.01681798
and;0.01683004
rejuvenation.;0.017188124
