text;attention
The;0.052077107
predominant;0.046447273
airplane;0.045548428
on;0.046727326
display;0.053536147
is;0.07425915
blue,;0.113335915
with;0.05454216
additional;0.04924259
stripes;0.04521788
in;0.049389973
red,;0.09410579
white,;0.06678422
and;0.049094263
green.;0.15969175
