text;attention
In;0.9998653
the;1.787578e-06
image,;3.0282622e-06
|;7.0082883e-06
can;1.3478634e-06
see;1.686871e-06
a;1.5118159e-06
variety;1.3993938e-06
of;1.3119699e-06
furniture,;2.8586696e-06
including;1.491034e-06
a;1.2863574e-06
couch,;3.045352e-06
a;1.1628531e-06
chair,;1.5849874e-06
and;1.1780234e-06
a;1.139005e-06
refrigerator.;1.28188185e-05
The;1.4512921e-06
couch;1.9037799e-06
is;1.3337886e-06
located;1.4540906e-06
in;1.1681941e-06
the;1.2191152e-06
living;1.1871019e-06
room,;1.5060813e-06
while;1.1824458e-06
the;1.1670838e-06
chair;1.2231366e-06
is;1.134623e-06
positioned;1.162781e-06
near;1.1271061e-06
the;1.1252534e-06
dining;1.1052763e-06
table.;1.7680464e-06
The;1.1081186e-06
refrigerator;1.3706344e-06
is;1.1180831e-06
situated;1.2115884e-06
in;1.0689498e-06
the;1.1061187e-06
kitchen;1.3664032e-06
area.;2.9842856e-06
Additionally,;1.5738218e-06
there;1.2139167e-06
is;1.2830897e-06
a;1.1541537e-06
TV;1.7069638e-06
in;1.0794049e-06
the;1.0911593e-06
living;1.0733812e-06
room,;1.2988088e-06
which;1.1031701e-06
adds;1.2750863e-06
to;1.1118574e-06
the;1.2428318e-06
cozy;1.3588493e-06
and;1.1094467e-06
functional;1.1063435e-06
setup;1.2342236e-06
of;1.1001631e-06
the;1.1826658e-06
space.;2.7625251e-06
The;1.1304551e-06
presence;1.2500734e-06
of;1.1102456e-06
these;1.1276414e-06
items;1.0711152e-06
indicates;1.1316727e-06
that;1.1279844e-06
the;1.1224827e-06
room;1.2663539e-06
is;1.1282223e-06
designed;1.2046135e-06
to;1.0851704e-06
accommodate;1.0920223e-06
both;1.151413e-06
relaxation;1.1525797e-06
and;1.0753567e-06
dining;1.0968789e-06
activities,;1.1469098e-06
making;1.1309511e-06
it;1.2432206e-06
a;1.1861074e-06
versatile;1.347902e-06
and;1.0459817e-06
comfortable;1.049757e-06
living;1.0608952e-06
space.;1.1141448e-06
