text;attention
This;0.025771433
page;0.02609881
shows;0.024631372
a;0.022725916
diagram;0.02796594
showing;0.024214745
how;0.023555022
vehicles;0.02547529
use;0.024603836
noise;0.028041376
and;0.023595627
vibration;0.024350693
reduction;0.028092612
systems;0.025320562
to;0.02400073
reduce;0.024351992
their;0.02308349
environmental;0.02346012
impact.;0.030207945
The;0.023022847
diagram;0.023272347
includes;0.023930129
various;0.022822928
components,;0.028014448
such;0.0251215
as;0.023846019
vehicle;0.023002943
body,;0.024934446
engine,;0.02426504
transmission,;0.02445256
differentials,;0.024700006
and;0.022220839
wheels,;0.024800003
that;0.023147276
are;0.022355108
used;0.023027701
for;0.022849271
noise;0.023579028
and;0.022207249
vibration;0.022195103
reduction.;0.022685679
