text;attention
This;0.027802547
page;0.021648988
shows;0.019402515
a;0.016543789
diagram;0.022775317
showing;0.023820173
how;0.019266943
vehicles;0.031353533
use;0.025421577
noise;0.03004341
and;0.019884836
vibration;0.027166093
reduction;0.030539503
systems;0.030479893
to;0.024929082
reduce;0.01875644
their;0.019674797
environmental;0.018692913
impact.;0.055952456
The;0.019732682
diagram;0.02078235
includes;0.026121128
various;0.0186437
components,;0.03945563
such;0.017094346
as;0.027752684
vehicle;0.021621075
body,;0.049880676
engine,;0.038868584
transmission,;0.031936355
differentials,;0.032511257
and;0.018236022
wheels,;0.02351193
that;0.0178818
are;0.014864639
used;0.015906071
for;0.015749577
noise;0.018037396
and;0.01618895
vibration;0.014809613
reduction.;0.016258804
