text;attention
This;0.022441717
page;0.021985631
shows;0.019939238
a;0.01763046
diagram;0.02632777
showing;0.025618454
how;0.022160059
vehicles;0.03583504
use;0.02615745
noise;0.03248298
and;0.020442525
vibration;0.033042792
reduction;0.033550777
systems;0.033168945
to;0.021319529
reduce;0.019549333
their;0.020577151
environmental;0.021053294
impact.;0.042284302
The;0.020917265
diagram;0.02185753
includes;0.026022295
various;0.020126985
components,;0.032386146
such;0.020852247
as;0.024542302
vehicle;0.024747808
body,;0.037601206
engine,;0.029938841
transmission,;0.027472816
differentials,;0.03087956
and;0.01848362
wheels,;0.023111366
that;0.019570157
are;0.016769541
used;0.018279606
for;0.018706702
noise;0.020141982
and;0.017511293
vibration;0.01690102
reduction.;0.017612295
