text;attention
The;0.03520197
quote;0.04144515
on;0.033584934
the;0.032587465
image;0.034695935
is:;0.046791125
"""My";0.040508848
goal;0.035024773
is;0.033516333
not;0.035613652
to;0.03175371
be;0.032672483
better;0.038337428
than;0.035732016
anyone;0.03625449
else,;0.039504863
but;0.034647595
to;0.033777718
be;0.0328629
better;0.039896894
than;0.035993267
|;0.036908865
used;0.033938475
to;0.033526022
"be.""";0.03854968
-;0.031353056
Wayne;0.031637244
Dyer;0.03368296
