text;attention
The;0.016781649
bedroom;0.0168402
in;0.01684263
the;0.016861567
image;0.016791493
has;0.016779322
a;0.016819462
clean;0.01682757
and;0.016799528
minimalist;0.016835913
appearance,;0.016836282
featuring;0.016813463
a;0.016795166
large;0.016800549
bed;0.016781265
with;0.016797703
white;0.01686098
sheets;0.016786678
and;0.01682537
pillows,;0.0168674
which;0.016781282
gives;0.016779156
it;0.016777078
a;0.01677836
fresh;0.01677812
and;0.016774595
inviting;0.01681156
look.;0.0168003
The;0.016794775
room;0.02396347
is;0.016827136
well-lit,;0.016909823
with;0.01682168
a;0.01678182
light;0.01680841
on,;0.016840965
creating;0.016807994
a;0.016783936
cozy;0.01684331
atmosphere.;0.0167962
The;0.016796036
overall;0.016832806
atmosphere;0.016798312
of;0.016794268
the;0.016881121
bedroom;0.016874477
is;0.016833821
calm;0.016802976
and;0.016804561
relaxing,;0.016998176
making;0.016818663
it;0.016793644
an;0.0168227
ideal;0.016810734
space;0.016792195
for;0.016847966
rest;0.016865259
and;0.016898472
rejuvenation.;0.017329726
