text;attention
The;0.016768955
bedroom;0.016812967
in;0.016882136
the;0.016920988
image;0.016777053
has;0.016765956
a;0.016854146
clean;0.016798545
and;0.016780347
minimalist;0.016872387
appearance,;0.016875979
featuring;0.016818065
a;0.016809177
large;0.016791593
bed;0.016778195
with;0.01677796
white;0.01687513
sheets;0.01678436
and;0.016812002
pillows,;0.016865706
which;0.016773943
gives;0.016785877
it;0.016765792
a;0.0167702
fresh;0.01677082
and;0.016774662
inviting;0.016822612
look.;0.016816124
The;0.01680131
room;0.024012445
is;0.01681626
well-lit,;0.016893454
with;0.016847046
a;0.016779823
light;0.016767425
on,;0.01682143
creating;0.01677798
a;0.016786126
cozy;0.016793834
atmosphere.;0.016833605
The;0.01678924
overall;0.016832437
atmosphere;0.016779335
of;0.01677858
the;0.016819142
bedroom;0.016820619
is;0.016873563
calm;0.016807681
and;0.016800683
relaxing,;0.017053341
making;0.016812652
it;0.016812773
an;0.016809324
ideal;0.016796112
space;0.01679952
for;0.016849943
rest;0.016839046
and;0.016896268
rejuvenation.;0.017397339
