text;attention
The;1.2639602e-13
quote;1.5453346e-13
on;1.3505568e-13
the;1.7312806e-13
image;1.9104407e-13
suggests;2.1788142e-13
that;1.2201054e-13
peace,;2.808651e-13
poetry,;3.5003058e-13
and;1.1103148e-13
power;1.9576338e-13
are;1.1918258e-13
important;1.2491442e-13
aspects;1.3350592e-13
of;1.2294544e-13
life.;8.180024e-09
It;1.3047171e-13
encourages;1.7247284e-13
people;2.3317508e-13
to;9.8940475e-14
appreciate;1.0843194e-13
these;1.2716549e-13
qualities;2.0866227e-13
and;1.08233775e-13
strive;1.2713444e-13
to;1.0175072e-13
incorporate;1.1719995e-13
them;1.0407112e-13
into;1.0866486e-13
their;1.1614292e-13
daily;1.6012551e-13
lives.;0.99999976
The;2.2604976e-13
image;1.7453052e-13
features;1.6276599e-13
a;1.1578152e-13
clock;2.0280831e-13
with;1.08233985e-13
a;9.900882e-14
rose;1.51143e-13
and;1.123973e-13
a;1.0276297e-13
quote,;8.009171e-11
which;1.1059313e-13
can;1.3132232e-13
be;1.2056838e-13
interpreted;1.4045283e-13
as;1.0695996e-13
a;1.0868226e-13
reminder;1.663369e-13
to;1.13545776e-13
find;1.1912872e-13
balance;1.4944227e-13
between;1.1416774e-13
the;9.7306454e-14
passage;1.4774994e-13
of;9.975795e-14
time;1.5422048e-13
and;1.0275611e-13
the;9.4825094e-14
beauty;1.7949429e-13
of;9.683379e-14
life.;1.8611256e-07
The;1.0931719e-13
rose;1.2841048e-13
symbolizes;2.6474412e-13
love;1.1619056e-13
and;1.1172616e-13
appreciation,;4.848292e-11
while;1.6205196e-13
the;1.137079e-13
clock;1.3334635e-13
represents;1.2136184e-13
the;9.649104e-14
importance;1.3704965e-13
of;9.7856266e-14
time;1.9999645e-13
and;1.0863916e-13
its;1.06477754e-13
value;1.3845769e-13
in;1.1016092e-13
our;3.2326198e-13
lives.;1.9834698e-13
The;1.0579998e-13
combination;1.320112e-13
of;9.966647e-14
these;1.3506083e-13
elements;1.6728505e-13
in;1.3577319e-13
the;1.8518639e-13
image;1.9155379e-13
serves;1.7345791e-13
as;1.046869e-13
a;1.10799404e-13
reminder;1.9476525e-13
to;1.2819513e-13
cherish;1.6532697e-13
the;1.2028929e-13
moments;1.9572232e-13
and;1.1606762e-13
make;1.112004e-13
the;9.6550135e-14
most;1.7937484e-13
of;1.1690035e-13
our;3.259434e-13
time;1.3187304e-13
on;1.4151339e-13
earth.;4.144145e-13
