text;attention
The;0.0070526027
website;0.008521215
mentioned;0.00783476
in;0.0063812165
the;0.006427469
image;0.0076172724
is;0.01092492
www.tamilkavithaial.com.;0.94524056
