text;attention
The;0.42130464
bowl;0.102781795
in;0.10346126
the;0.08831632
image;0.099807635
is;0.09717991
small.;0.08714841
