text;attention
The;0.35023537
bowl;0.13797195
in;0.111817114
the;0.08965252
image;0.1075464
is;0.11169243
small.;0.09108422
