text;attention
What;0.12567055
is;0.1252364
the;0.124728076
possible;0.124245286
theme;0.12470731
of;0.12547481
this;0.12420412
image?;0.1257334
