text;attention
What;0.12480354
is;0.1252881
the;0.12404092
possible;0.124061674
theme;0.12538788
of;0.12624077
this;0.12430327
image?;0.12587385
