text;attention
What;0.12554377
is;0.12500414
the;0.12465852
possible;0.12467898
theme;0.124777816
of;0.12532161
this;0.12465262
image?;0.12536253
