text;attention
The;0.00031985343
clock;0.0004620154
on;0.00038175788
the;0.00029274885
building;0.00032255458
shows;0.00039902868
12:30.;0.99782205
