text;attention
The;0.0010128831
clock;0.0006314225
on;0.0006555116
the;0.0008446104
building;0.0006662816
shows;0.0007258638
12:30.;0.99546343
