text;attention
The;0.018024512
bedroom;0.014652454
in;0.013224041
the;0.010527746
image;0.023353932
has;0.011789953
a;0.009241952
modern;0.010285047
and;0.009911375
stylish;0.017952012
appearance,;0.02127899
featuring;0.013800283
a;0.009191599
large;0.0099175945
bed;0.01112939
with;0.0099084955
white;0.007912015
pillows;0.008214505
and;0.010052257
a;0.008089256
white;0.0073330756
comforter.;0.043724198
The;0.009578704
room;0.0090846615
is;0.011070351
dimly;0.0110903755
lit,;0.015760893
creating;0.011391638
a;0.00812216
cozy;0.011200493
and;0.00877055
intimate;0.0114144655
atmosphere.;0.038369
The;0.010795061
bed;0.010399746
is;0.009427485
positioned;0.011229091
next;0.009028637
to;0.0077946116
a;0.010344132
wall,;0.019473642
and;0.012497668
there;0.0093319
is;0.010386128
a;0.00979354
lamp;0.008767695
on;0.008383279
the;0.00883786
nightstand,;0.022790385
providing;0.013836279
additional;0.01488682
lighting;0.009549848
in;0.010729073
the;0.008105027
room.;0.035442695
The;0.0108256955
overall;0.013063836
ambiance;0.015373162
of;0.009343551
the;0.008459686
bedroom;0.0119852675
is;0.011162184
inviting;0.011611211
and;0.009069461
comfortable,;0.01440079
making;0.012956309
it;0.0087597845
an;0.0083092125
ideal;0.011152015
space;0.010202995
for;0.009182859
relaxation;0.01043876
and;0.008929317
rest.;0.08757528
