text;attention
The;0.025389697
bedroom;0.006001383
in;0.007153413
the;0.025945125
image;0.006777367
has;0.007570169
a;0.010486296
modern;0.0058968794
and;0.0084180515
stylish;0.008070509
appearance,;0.039296646
featuring;0.0053857523
a;0.010638923
large;0.0046126205
bed;0.006414646
with;0.0071082544
white;0.0042807744
pillows;0.006401179
and;0.009096977
a;0.009533746
white;0.0043394896
comforter.;0.066119194
The;0.021638257
room;0.005315948
is;0.010810998
dimly;0.00533381
lit,;0.036922973
creating;0.0051478758
a;0.014055639
cozy;0.0058092983
and;0.009226189
intimate;0.004947638
atmosphere.;0.0683778
The;0.022189567
bed;0.0059057856
is;0.0095563475
positioned;0.0057689287
next;0.005907118
to;0.00709869
a;0.010156414
wall,;0.029282702
and;0.009795917
there;0.0046930835
is;0.0068135667
a;0.010462232
lamp;0.0054768217
on;0.005262053
the;0.027190842
nightstand,;0.04135832
providing;0.004896538
additional;0.0047370964
lighting;0.0061729467
in;0.006741595
the;0.014969515
room.;0.042305492
The;0.017663458
overall;0.0050982405
ambiance;0.012016426
of;0.008200748
the;0.02116853
bedroom;0.006051169
is;0.01148092
inviting;0.0051735924
and;0.01043411
comfortable,;0.027097171
making;0.004557503
it;0.0049164416
an;0.0072951736
ideal;0.004733719
space;0.0055258498
for;0.0069000563
relaxation;0.005905307
and;0.009757043
rest.;0.066759445
