text;attention
The;0.0011653878
bedroom;0.001097171
in;0.00100889
the;0.0011272195
image;0.0014016933
has;0.0010743963
a;0.048447236
modern;0.0010880057
and;0.0009933487
stylish;0.0021071653
appearance,;0.06518992
featuring;0.0010820455
a;0.04869879
large;0.0010157779
bed;0.0009790657
with;0.0010293013
white;0.0010423162
pillows;0.0010035048
and;0.049115576
a;0.048983525
white;0.0010238986
comforter.;0.082544334
The;0.0011607741
room;0.0009614197
is;0.0010104273
dimly;0.0010084504
lit,;0.0672851
creating;0.0012436085
a;0.048920147
cozy;0.0010058647
and;0.0009967843
intimate;0.0009949683
atmosphere.;0.071108855
The;0.0011030282
bed;0.0010020551
is;0.001039615
positioned;0.0010352202
next;0.0010730206
to;0.0010334911
a;0.0010096615
wall,;0.06488408
and;0.04912122
there;0.0009767434
is;0.0010191236
a;0.0009819891
lamp;0.0010702531
on;0.0009923686
the;0.0011499898
nightstand,;0.065049104
providing;0.0011056275
additional;0.001081472
lighting;0.0011004356
in;0.0009964326
the;0.0011728872
room.;0.0012830837
The;0.0011969063
overall;0.0009863738
ambiance;0.0023066017
of;0.00096503773
the;0.0011474143
bedroom;0.0010291134
is;0.001049659
inviting;0.0010167102
and;0.0009718157
comfortable,;0.064410254
making;0.001077264
it;0.0009719594
an;0.04904798
ideal;0.0010009725
space;0.0010287851
for;0.0009918179
relaxation;0.0010234934
and;0.04880617
rest.;0.06477583
