text;attention
The;0.05333341
purpose;0.044248715
of;0.04025342
the;0.037141725
Om;0.04598373
chanting;0.108660825
mentioned;0.059157554
in;0.04112403
the;0.0426404
image;0.056461632
is;0.050945353
to;0.04666424
meditate;0.060205128
and;0.04194837
chant;0.04363646
deep;0.03841727
mantra;0.041416682
chants;0.037205175
for;0.03722904
positive;0.036899395
transformation.;0.03642743
