text;attention
The;0.067164235
prominent;0.055789433
objects;0.059455413
in;0.05486063
the;0.054509357
image;0.069464475
include;0.07460743
a;0.059310272
train,;0.09489218
a;0.05543551
station;0.06044806
platform,;0.06852934
and;0.053941704
a;0.051937312
train;0.05037658
station.;0.06927807
