text;attention
Reaching;0.0025724974
for;0.05730693
Home:;0.004440324
Global;0.0028810094
Learning;0.0027344553
on;0.002553397
Family;0.0028321743
Reintegration;0.114538826
in;0.022155616
Low;0.0024675974
and;0.0026892573
Lower-Middle;0.7776783
Income;0.0025437842
Countries;0.0026059009
