;ID;x;y;duration;pupil_r;pupil_l;word;word_number;distance
5327;5328;671.645457458496;410.13515396118163;83.0;2.33311767578125;2.293896484375;;;
5328;5329;719.876558303833;425.3730136156082;133.0;2.3410415649414062;2.316446304321289;in;2.0;0.0
5329;5330;783.4914733886718;435.9031239509583;166.0;2.379425048828125;2.396690368652344;image;4.0;0.0
5330;5331;836.1461837768555;439.8203146934509;167.0;2.408238220214844;2.425846862792969;is;5.0;3.853816223144463
5331;5332;866.7938415527343;442.69415659904485;167.0;2.4332504272460938;2.4401824951171878;small.;6.0;2.6941565990448453
5332;5333;715.1822985480813;435.7934359662673;292.0;2.516399607938878;2.515751558191636;in;2.0;0.0
5333;5334;788.6342697143555;436.2415230274201;92.0;2.6265055338541665;2.6304041544596357;image;4.0;0.0
5334;5335;830.3105780560037;445.0295166554658;383.0;2.590670378311821;2.585682081139606;image;4.0;1.029516655465784
5335;5336;867.4097683555201;435.1951099445945;317.0;2.578409295333059;2.555831106085526;small.;6.0;0.0
