;number;text;x1;y1;x2;y2;y;diff_y;line;fixations;fix_distance;fix_duration;first_fix_duration;fix_number;pupil_l;pupil_r;distance;pupil;fix_duration_avg;go_past_time
0;0;What;557;770;606;786;778.0;;1;[];[];0.0;0.0;0;;;320.51844886795925;;;
1;1;is;615;770;628;786;778.0;0.0;1;[];[];0.0;0.0;0;;;298.5389904986042;;;
2;2;the;636;770;664;786;778.0;0.0;1;[];[];0.0;0.0;0;;;262.5800254510889;;;
3;3;man;673;774;712;786;780.0;2.0;1;[];[];0.0;0.0;0;;;214.94225286023;;;
4;4;doing;721;770;771;790;780.0;0.0;1;[np.float64(2971.0), np.float64(2996.0)];[np.float64(0.0), np.float64(20.131104188806944)];517.0;234.0;2;2.5446;2.5944;155.81390162224312;2.57;258.5;234.0
5;5;with;779;770;816;786;778.0;2.0;1;[];[];0.0;0.0;0;;;111.04682834825589;;;
6;6;the;824;770;853;786;778.0;0.0;1;[np.float64(2972.0)];[np.float64(1.9828259944915771)];133.0;133.0;1;2.5661;2.4891;74.44904019012235;2.53;133.0;133.0
7;7;skateboard?;862;770;978;786;778.0;0.0;1;[np.float64(2973.0), np.float64(2997.0)];[np.float64(3.007237434387207), np.float64(13.364301013946488)];317.0;150.0;2;2.6075;2.5071;13.364301013946488;2.56;158.5;600.0
