text;attention
The;0.033398654
bedroom;0.026054824
in;0.022145314
the;0.013943801
image;0.022445155
has;0.01820777
a;0.014659384
modern;0.015524371
and;0.01294802
stylish;0.01609182
appearance,;0.018269254
featuring;0.014473117
a;0.01247109
large;0.012251689
bed;0.01657598
with;0.015732124
white;0.012572246
pillows;0.017159741
and;0.012116644
a;0.011664404
white;0.011379394
comforter.;0.01920504
The;0.013805947
room;0.014575558
is;0.013132729
dimly;0.014655364
lit,;0.016600749
creating;0.012713038
a;0.011267962
cozy;0.01290109
and;0.011313222
intimate;0.012041759
atmosphere.;0.013695622
The;0.012115844
bed;0.013240735
is;0.01222527
positioned;0.013113923
next;0.011480663
to;0.011538963
a;0.011153484
wall,;0.01422303
and;0.011855604
there;0.011498024
is;0.011471053
a;0.011146801
lamp;0.013221498
on;0.012201349
the;0.010818351
nightstand,;0.015388235
providing;0.011849291
additional;0.011386931
lighting;0.011421662
in;0.011099328
the;0.010637552
room.;0.012211144
The;0.011890145
overall;0.012378572
ambiance;0.013465953
of;0.011618698
the;0.010807131
bedroom;0.011172222
is;0.011837734
inviting;0.012724714
and;0.011947432
comfortable,;0.012722824
making;0.011154768
it;0.010991623
an;0.0107116
ideal;0.010839858
space;0.010911305
for;0.011046219
relaxation;0.011386621
and;0.010622755
rest.;0.010478216
