text;attention
Reaching;0.08134468
for;0.06647269
Home:;0.09777822
Global;0.06754119
Learning;0.068962924
on;0.07120181
Family;0.06475616
Reintegration;0.07420231
in;0.066266835
Low;0.067990296
and;0.06779742
Lower-Middle;0.08132158
Income;0.06516093
Countries;0.05920299
