text;attention
The;0.008274324
image;0.00828043
shows;0.008282836
a;0.008288921
meal;0.008347149
arrangement;0.008274293
on;0.008300609
a;0.0083185565
patterned;0.008298792
textile;0.008340142
surface.;0.008316669
At;0.008297835
the;0.011071151
center;0.008332358
is;0.008279313
a;0.008288886
white,;0.008315311
round;0.00828347
plate;0.008274024
that;0.008280706
contains;0.008306384
an;0.008287675
assortment;0.008315655
of;0.00828516
food;0.008282038
items.;0.008324133
There's;0.00838868
a;0.008402028
can;0.008292096
of;0.008283375
Fanta;0.008302517
with;0.008281264
an;0.00830837
orange;0.008306479
flavor,;0.008310828
which;0.008285702
seems;0.008309659
to;0.008285461
be;0.008279598
the;0.008270914
drink;0.008268365
of;0.008272984
choice.;0.008298549
The;0.008289902
food;0.008312703
items;0.008312366
include;0.0083140815
what;0.008295087
appears;0.0083289705
to;0.00828476
be;0.008282442
pasta;0.008288558
shells,;0.008352992
neatly;0.008344005
arranged;0.008279195
on;0.008282967
one;0.008295783
side;0.008282625
of;0.008274594
the;0.0083022285
plate,;0.008295609
and;0.008310017
orange;0.008291114
wedges;0.008334857
with;0.008283064
some;0.008317945
of;0.008310151
the;0.008286226
peel;0.008284941
still;0.008274878
attached,;0.0083142
placed;0.0082880175
on;0.0083028525
the;0.008295765
opposite;0.008277291
side.;0.008303478
Additionally,;0.00836425
there;0.008293405
are;0.008285936
orange-colored;0.008371228
crackers,;0.008332736
contributing;0.008372464
to;0.008288993
the;0.008290787
color;0.008276738
theme,;0.008304882
and;0.008318238
a;0.008297029
whole,;0.008329843
unpeeled;0.008337743
carrot;0.008323077
lying;0.0082814405
beside;0.008295274
the;0.008298672
other;0.008298583
items;0.008281799
on;0.008282562
the;0.008304327
plate.;0.008288805
The;0.008289142
background;0.008325415
textile;0.008439942
has;0.008286977
a;0.008362757
floral;0.008406921
pattern;0.008295748
with;0.008384974
a;0.008360152
mix;0.008343606
of;0.008286804
vibrant;0.008347448
colors,;0.0083093885
adding;0.008308328
a;0.008361692
decorative;0.008368646
backdrop;0.008371169
to;0.008280727
the;0.008346337
meal;0.008392384
presentation.;0.008425206
