text;attention
The;2.9989621e-07
quote;2.0341965e-07
written;1.7116473e-07
in;1.5847417e-07
the;2.5253507e-07
image;2.6429683e-07
is:;5.1084394e-06
"""forgive";2.9026413e-07
yourself;1.7888692e-07
for;1.6057511e-07
not;1.7738434e-07
knowing;1.7949822e-07
what;1.8181996e-07
you;1.577964e-07
didn't;4.7386465e-07
know;1.7075712e-07
before;1.5090131e-07
you;1.5896822e-07
lived;1.6691169e-07
through;1.9466516e-07
"it.""";0.99999094
