text;attention
The;0.027114814
quote;0.027558595
on;0.028406618
the;0.026579263
image;0.027515387
is:;0.02865987
"""My";0.055977464
goal;0.028670324
is;0.024520526
not;0.026774324
to;0.03101085
be;0.032233264
better;0.03595481
than;0.02654876
anyone;0.029349681
else,;0.19010207
but;0.02574095
to;0.027110068
be;0.027675696
better;0.02740561
than;0.028577061
|;0.02581152
used;0.033296898
to;0.027398404
"be.""";0.05159243
-;0.023019996
Wayne;0.02700899
Dyer;0.02838583
