text;attention
The;0.11539897
website;0.116902955
mentioned;0.11550384
in;0.1124135
the;0.1123631
image;0.11671963
is;0.117022306
www.tamilkavithaial.com.;0.1936757
