text;attention
The;0.011944651
bedroom;0.011336068
in;0.015931364
the;0.009772806
image;0.013724223
has;0.016688742
a;0.01107471
modern;0.013752563
and;0.014013584
stylish;0.01361108
appearance,;0.025285676
featuring;0.016422521
a;0.009854422
large;0.009450541
bed;0.012484888
with;0.013681177
white;0.010508593
pillows;0.011309086
and;0.012817853
a;0.0100891795
white;0.011074819
comforter.;0.04388498
The;0.011588471
room;0.010704925
is;0.011667461
dimly;0.010408269
lit,;0.018699724
creating;0.013844173
a;0.009423395
cozy;0.013665866
and;0.01140754
intimate;0.010308811
atmosphere.;0.023206675
The;0.0108827865
bed;0.011135469
is;0.010929083
positioned;0.01090925
next;0.012979948
to;0.009862017
a;0.009830092
wall,;0.021062767
and;0.015876828
there;0.011626881
is;0.01331225
a;0.009816036
lamp;0.014503205
on;0.0123125585
the;0.009580264
nightstand,;0.027292814
providing;0.014239573
additional;0.010975865
lighting;0.012735222
in;0.012052963
the;0.009150331
room.;0.020467997
The;0.013669987
overall;0.014794725
ambiance;0.018212013
of;0.012489462
the;0.009796693
bedroom;0.01075731
is;0.013504013
inviting;0.01084804
and;0.010825604
comfortable,;0.018945811
making;0.015302249
it;0.010460876
an;0.00995838
ideal;0.010846463
space;0.011188652
for;0.009669945
relaxation;0.010580205
and;0.011731306
rest.;0.021245237
