text;attention
The;0.053264022
man;0.05199045
in;0.049150318
the;0.047112726
image;0.05214133
is;0.052424237
riding;0.058809705
skis;0.07592337
down;0.056924123
a;0.05521411
snow-covered;0.05431322
slope;0.047785632
while;0.052138917
holding;0.05168802
an;0.047230143
ax;0.05363228
in;0.04729452
his;0.0459137
hand.;0.047049187
