text;attention
The;0.008579174
image;0.0085875485
features;0.008586016
a;0.008590151
dining;0.008619845
table;0.008580413
with;0.008601628
a;0.008605104
plate;0.008577771
of;0.00857248
food,;0.00863212
including;0.0085935965
a;0.008577963
variety;0.008581691
of;0.00857292
snacks;0.008602016
and;0.008597368
a;0.008578576
can;0.008573057
of;0.008570943
soda.;0.008625616
The;0.008597629
plate;0.0117308535
is;0.008589784
placed;0.008589926
on;0.008573657
a;0.008590495
table;0.008572392
with;0.008574693
a;0.0085824225
colorful;0.008585062
cloth,;0.008605167
adding;0.008587374
a;0.008574753
touch;0.008586349
of;0.008573878
elegance;0.008595126
to;0.008588622
the;0.008578234
scene.;0.008581718
There;0.008594533
are;0.0086063165
several;0.008581033
carrots;0.008620283
scattered;0.008591829
across;0.008586973
the;0.008628674
plate,;0.008583162
with;0.008586414
some;0.008574405
of;0.008573741
them;0.0085797
placed;0.008572109
closer;0.008572409
to;0.008582219
the;0.008594118
edge;0.008572123
and;0.00857347
others;0.008590156
in;0.008572097
the;0.008579497
middle.;0.008579075
Additionally,;0.008607623
a;0.008587292
few;0.008569982
oranges;0.008592141
are;0.008577251
also;0.008607922
present;0.008577324
on;0.008571853
the;0.00858049
plate,;0.008582924
adding;0.0085821645
a;0.008574561
pop;0.0085892705
of;0.008577706
color;0.008586065
to;0.008578134
the;0.008589063
arrangement.;0.008583255
The;0.008601517
can;0.008594057
of;0.008578012
soda;0.008633134
is;0.008575848
positioned;0.008610741
next;0.0085810935
to;0.008578858
the;0.008586452
plate,;0.008587449
ready;0.008581122
to;0.008575518
be;0.0085993605
enjoyed;0.008575876
alongside;0.008574733
the;0.008606015
snacks.;0.008647561
The;0.0085806
overall;0.008606935
scene;0.008584333
is;0.008593844
a;0.008627866
casual;0.008640558
and;0.008633451
inviting;0.008649774
dining;0.008635647
experience,;0.008624142
with;0.0085971765
a;0.008596031
mix;0.008610778
of;0.008587159
healthy;0.008694428
and;0.008613624
indulgent;0.008682313
food;0.008642124
options.;0.008638345
