text;attention
This;2.1382003e-09
page;2.1461475e-09
shows;2.0469932e-09
a;2.243466e-09
diagram;2.0850903e-09
showing;1.9757325e-09
how;1.9316366e-09
vehicles;2.1098139e-09
use;1.9787683e-09
noise;2.249928e-09
and;2.1758815e-09
vibration;2.1262963e-09
reduction;2.1769317e-09
systems;2.0980597e-09
to;2.4321214e-09
reduce;2.0405029e-09
their;1.9830075e-09
environmental;2.0366846e-09
impact.;0.49653912
The;2.6487534e-09
diagram;2.0168727e-09
includes;2.0023951e-09
various;1.9274224e-09
components,;9.659491e-09
such;2.081931e-09
as;2.0164108e-09
vehicle;2.1530764e-09
body,;2.3135867e-09
engine,;2.3064315e-09
transmission,;2.5230174e-09
differentials,;1.7101026e-08
and;2.2331559e-09
wheels,;3.1455265e-09
that;1.995772e-09
are;2.1437212e-09
used;2.0370805e-09
for;2.0922373e-09
noise;2.2520275e-09
and;2.1207434e-09
vibration;2.1180995e-09
reduction.;0.50346076
