text;attention
This;4.737277e-09
page;4.38027e-09
shows;4.6728252e-09
a;4.4504715e-09
diagram;4.5655635e-09
showing;4.945089e-09
how;5.0300955e-09
vehicles;4.7996136e-09
use;4.611194e-09
noise;4.563944e-09
and;4.390257e-09
vibration;4.4975508e-09
reduction;4.413026e-09
systems;4.830877e-09
to;4.997419e-09
reduce;4.406028e-09
their;4.1805923e-09
environmental;4.2116777e-09
impact.;0.50799054
The;5.9084577e-09
diagram;4.4363775e-09
includes;4.88469e-09
various;4.685865e-09
components,;1.40637555e-08
such;5.727395e-09
as;5.104876e-09
vehicle;4.783474e-09
body,;6.0809153e-09
engine,;5.7217386e-09
transmission,;5.499573e-09
differentials,;2.0389207e-08
and;4.951922e-09
wheels,;7.736169e-09
that;5.0001363e-09
are;4.855356e-09
used;5.315546e-09
for;4.7795066e-09
noise;4.3706394e-09
and;4.360764e-09
vibration;4.6428057e-09
reduction.;0.49200925
