text;attention
The;0.11268584
website;0.14182755
mentioned;0.10878856
in;0.095308915
the;0.07942548
image;0.10107306
is;0.09203228
www.tamilkavithaial.com.;0.26885834
