text;attention
The;0.014223371
bedroom;0.01834603
in;0.012893552
the;0.012526913
image;0.016297402
has;0.01457939
a;0.013867759
modern;0.014357513
and;0.012942734
stylish;0.013041254
appearance,;0.020332087
featuring;0.014914999
a;0.012860921
large;0.012480962
bed;0.015513931
with;0.013206525
white;0.013379821
pillows;0.013881119
and;0.012089858
a;0.012199006
white;0.0120182745
comforter.;0.024024881
The;0.013560474
room;0.013164068
is;0.012524243
dimly;0.014721125
lit,;0.016080648
creating;0.0134403575
a;0.012790982
cozy;0.0154236145
and;0.01218968
intimate;0.012050826
atmosphere.;0.021061622
The;0.013046996
bed;0.012875952
is;0.01238522
positioned;0.014001064
next;0.014997681
to;0.012181041
a;0.012370312
wall,;0.015020611
and;0.012297587
there;0.011905798
is;0.0118542565
a;0.011968382
lamp;0.015272265
on;0.012120752
the;0.0116229905
nightstand,;0.0151013415
providing;0.012281839
additional;0.012060916
lighting;0.013558347
in;0.012206046
the;0.011869722
room.;0.01641737
The;0.012119121
overall;0.012547425
ambiance;0.015572706
of;0.012039175
the;0.01199051
bedroom;0.012012418
is;0.012395095
inviting;0.013379297
and;0.012011807
comfortable,;0.013927726
making;0.012051302
it;0.011860613
an;0.011817309
ideal;0.012044313
space;0.011755918
for;0.012028692
relaxation;0.0119669
and;0.011463968
rest.;0.012613272
