text;attention
The;0.016961364
bedroom;0.031370915
in;0.012188301
the;0.008995332
image;0.024620874
has;0.01862301
a;0.011871499
modern;0.016425595
and;0.011026783
stylish;0.012439933
appearance,;0.026385834
featuring;0.014664145
a;0.011374713
large;0.010690256
bed;0.029423121
with;0.015067776
white;0.012593974
pillows;0.021163208
and;0.011890522
a;0.008685341
white;0.009657316
comforter.;0.049588628
The;0.0125909615
room;0.015249295
is;0.011403035
dimly;0.017927451
lit,;0.03140792
creating;0.010796825
a;0.008839555
cozy;0.01151614
and;0.008650417
intimate;0.008989975
atmosphere.;0.022363154
The;0.011128231
bed;0.018831702
is;0.011649519
positioned;0.012400056
next;0.008816755
to;0.011627635
a;0.010676708
wall,;0.027161386
and;0.011619813
there;0.008789867
is;0.009389839
a;0.008960816
lamp;0.01983187
on;0.010247597
the;0.008329014
nightstand,;0.025490854
providing;0.009936083
additional;0.009559027
lighting;0.010569466
in;0.00804269
the;0.0077734124
room.;0.015617702
The;0.008879223
overall;0.011237759
ambiance;0.011725066
of;0.0085136965
the;0.008060223
bedroom;0.010755249
is;0.010020059
inviting;0.011298921
and;0.009560487
comfortable,;0.01249124
making;0.009316591
it;0.008497495
an;0.007906146
ideal;0.00840066
space;0.008141716
for;0.008048498
relaxation;0.009302796
and;0.007822322
rest.;0.008128595
