text;attention
The;3.3198656e-05
man;3.1199444e-05
in;2.9629806e-05
the;3.7803213e-05
image;3.0380834e-05
is;3.9915623e-05
riding;3.534396e-05
skis;5.2337513e-05
down;2.9510717e-05
a;3.6149184e-05
snow-covered;5.810093e-05
slope;2.794197e-05
while;3.0109184e-05
holding;2.9233239e-05
an;3.0122223e-05
ax;3.0859024e-05
in;2.7121729e-05
his;2.8411238e-05
hand.;0.9993826
