text;attention
The;0.0633324
man;0.061180796
is;0.060843024
performing;0.065552734
a;0.058726244
trick;0.06367877
on;0.057337187
his;0.05680605
skateboard,;0.099807605
jumping;0.06709392
in;0.05805802
the;0.056263994
air;0.059903298
while;0.058492493
riding;0.05550983
it.;0.057413578
