text;attention
The;0.06515555
man;0.06410039
is;0.063141964
performing;0.064707585
a;0.060119852
trick;0.063385144
on;0.059817754
his;0.058261223
skateboard,;0.07990448
jumping;0.06706817
in;0.060633663
the;0.057942517
air;0.059562232
while;0.057980005
riding;0.05801455
it.;0.060204905
