text;attention
The;3.5741004e-07
quote;2.2108968e-07
"""Little";4.975453e-07
things;1.7905224e-07
can;1.9938923e-07
grow;1.9014767e-07
"big""";6.0585137e-07
is;2.0812102e-07
significant;1.8694264e-07
because;2.1405198e-07
it;1.8173253e-07
emphasizes;1.9826747e-07
the;1.584457e-07
importance;1.5291434e-07
of;2.0237741e-07
paying;1.5387957e-07
attention;1.3728243e-07
to;1.7419987e-07
small;1.5614863e-07
details;2.0095094e-07
and;2.0988641e-07
considering;1.8220646e-07
their;1.5171626e-07
potential;1.6614311e-07
impact.;0.26566038
It;2.0167916e-07
suggests;2.0317063e-07
that;1.8744055e-07
seemingly;1.6240078e-07
insignificant;1.7131573e-07
occurrences;2.2782477e-07
or;1.71302e-07
actions;1.8479432e-07
can;2.0155322e-07
have;1.714555e-07
a;1.8551403e-07
significant;1.578045e-07
impact;1.5144708e-07
on;1.8653661e-07
the;1.656446e-07
bigger;1.5211786e-07
picture,;9.023707e-07
and;3.070337e-07
that;1.6797686e-07
one;2.0748033e-07
should;1.5128397e-07
not;1.5987139e-07
underestimate;2.2185363e-07
the;2.0037511e-07
power;1.6381817e-07
of;1.7902663e-07
small;1.5655958e-07
things.;0.2788037
This;2.6391817e-07
quote;2.1958998e-07
can;1.9430286e-07
be;1.79549e-07
applied;1.4621179e-07
in;1.9377566e-07
various;1.956362e-07
contexts,;6.6716973e-07
such;1.8396857e-07
as;2.0330728e-07
personal;1.9955435e-07
growth,;3.3030602e-07
business,;3.6081698e-07
or;1.8538493e-07
even;1.6914537e-07
global;2.0578307e-07
issues,;1.3514187e-06
as;2.3868364e-07
it;1.7456075e-07
reminds;1.8168522e-07
us;1.805497e-07
to;2.3137761e-07
be;1.64881e-07
mindful;1.5982476e-07
of;1.7195411e-07
our;1.8808267e-07
actions;2.0300581e-07
and;1.6490206e-07
the;1.8341272e-07
potential;1.5137215e-07
consequences;1.6617021e-07
they;1.6084066e-07
may;1.4882039e-07
have.;0.23660477
It;2.4356538e-07
encourages;1.8149939e-07
us;1.742429e-07
to;1.7589208e-07
take;1.5618303e-07
a;2.5309e-07
holistic;1.9756096e-07
view;1.4551016e-07
of;1.574341e-07
life;1.5210524e-07
and;2.1551982e-07
recognize;1.6714546e-07
the;1.7195755e-07
interconnectedness;2.1571846e-07
of;1.5567356e-07
all;1.6820226e-07
things,;9.196279e-07
even;1.8950395e-07
if;1.7626992e-07
they;1.5941163e-07
appear;1.6352612e-07
small;1.6064152e-07
at;1.4507783e-07
first;1.4384935e-07
glance.;0.21890712
