text;attention
Reaching;0.07400906
for;0.045568414
Home:;0.08566554
Global;0.06365761
Learning;0.05368877
on;0.074063845
Family;0.060047504
Reintegration;0.109880686
in;0.05750201
Low;0.043729912
and;0.046035532
Lower-Middle;0.18728633
Income;0.044337828
Countries;0.054526914
