text;attention
Title:;0.10055124
Vehicle;0.056076888
Noise;0.060794104
and;0.063543856
Vibration;0.11982991
Refinement.;0.17347199
Topic:;0.09834328
Woodhead;0.063950405
Publishing;0.064934835
in;0.061877605
Mechanical;0.052427586
Engineering.;0.084198326
