text;attention
What;0.123040065
is;0.11997057
the;0.11961328
man;0.15210298
doing;0.119666845
with;0.12004734
the;0.12011495
skateboard?;0.12544402
