text;attention
What;0.12535302
is;0.12519898
the;0.12448184
man;0.1242985
doing;0.12530686
with;0.12456626
the;0.124668404
skateboard?;0.12612613
