text;attention
The;0.0074172914
quote;0.010207125
on;0.007946424
the;0.0073196213
image;0.008528883
suggests;0.009067879
that;0.008621612
peace,;0.017728725
poetry,;0.014098615
and;0.0085208565
power;0.008830548
are;0.010092593
important;0.0068694367
aspects;0.008492688
of;0.008171867
life.;0.015963634
It;0.0077461563
encourages;0.01142008
people;0.00961186
to;0.007990288
appreciate;0.0089422995
these;0.008022981
qualities;0.007848066
and;0.008302748
strive;0.0092699565
to;0.007614921
incorporate;0.009105842
them;0.008741566
into;0.007798432
their;0.007880505
daily;0.010134814
lives.;0.014498412
The;0.007793298
image;0.008780513
features;0.01033274
a;0.007651103
clock;0.010303159
with;0.008326115
a;0.007874387
rose;0.008133498
and;0.008512857
a;0.007334613
quote,;0.016685046
which;0.008209196
can;0.008649773
be;0.007604918
interpreted;0.008909436
as;0.008190044
a;0.006890638
reminder;0.0104057565
to;0.008421706
find;0.0077852155
balance;0.008413851
between;0.009162233
the;0.007530549
passage;0.01049084
of;0.00792981
time;0.008925669
and;0.008440388
the;0.0071829376
beauty;0.009376021
of;0.008802975
life.;0.015905213
The;0.008887576
rose;0.007888655
symbolizes;0.014881311
love;0.010935018
and;0.007970562
appreciation,;0.014618198
while;0.00883298
the;0.007502172
clock;0.009698549
represents;0.009892097
the;0.0075748293
importance;0.010028073
of;0.008532731
time;0.009119783
and;0.008823397
its;0.008154953
value;0.010754383
in;0.008920061
our;0.0085036745
lives.;0.014474749
The;0.008217184
combination;0.009893348
of;0.0077521796
these;0.007762223
elements;0.009652781
in;0.008857848
the;0.0074752755
image;0.009232941
serves;0.009135743
as;0.008563551
a;0.006743282
reminder;0.00913285
to;0.0083006
cherish;0.010340448
the;0.007844253
moments;0.01030606
and;0.008527571
make;0.009250041
the;0.008247565
most;0.008880409
of;0.007861027
our;0.00850829
time;0.0095130075
on;0.008314141
earth.;0.013932426
