text;attention
The;0.006510646
quote;0.0105979
on;0.00775845
the;0.0048908126
image;0.01049673
suggests;0.012553802
that;0.00581691
peace,;0.016873866
poetry,;0.019185506
and;0.005773652
power;0.007922056
are;0.0076183574
important;0.009772019
aspects;0.00947682
of;0.0055973027
life.;0.02111932
It;0.008027796
encourages;0.011904468
people;0.008044231
to;0.0052226624
appreciate;0.0167772
these;0.00800881
qualities;0.010141511
and;0.0060636704
strive;0.017496074
to;0.005169228
incorporate;0.019423066
them;0.008654406
into;0.0067767184
their;0.007992427
daily;0.009596816
lives.;0.02528931
The;0.0070023662
image;0.009012148
features;0.008998315
a;0.0059168045
clock;0.011020443
with;0.007287615
a;0.005960099
rose;0.009621293
and;0.005666329
a;0.006070819
quote,;0.018434703
which;0.010804362
can;0.008467085
be;0.007962457
interpreted;0.012882378
as;0.0077054068
a;0.0060344264
reminder;0.013950578
to;0.0048771193
find;0.010195455
balance;0.009195854
between;0.00894631
the;0.0048066257
passage;0.011394072
of;0.0053841383
time;0.008315027
and;0.005576539
the;0.004654372
beauty;0.008995737
of;0.0054259584
life.;0.01804543
The;0.0062871533
rose;0.008867818
symbolizes;0.026800467
love;0.0079649985
and;0.005379822
appreciation,;0.017954733
while;0.008861372
the;0.0047499067
clock;0.011114745
represents;0.009727735
the;0.0045796847
importance;0.012032361
of;0.005287503
time;0.0083478335
and;0.00555436
its;0.0069161095
value;0.008044233
in;0.0055927364
our;0.007519928
lives.;0.01941442
The;0.0064895554
combination;0.01134859
of;0.0053464524
these;0.007084833
elements;0.008358638
in;0.005222824
the;0.0048825615
image;0.008644407
serves;0.007793826
as;0.00733546
a;0.0056051263
reminder;0.011925785
to;0.004598713
cherish;0.023982495
the;0.004681178
moments;0.010760167
and;0.005433793
make;0.007288197
the;0.004665738
most;0.00910356
of;0.005184543
our;0.0073574595
time;0.0075148377
on;0.0067484984
earth.;0.016482059
