text;attention
Reaching;0.39077455
for;0.27904657
Home;0.3301789
