text;attention
What;0.082652956
is;0.08393643
the;0.08232211
purpose;0.08234782
of;0.0830444
the;0.08252358
Om;0.08283604
chanting;0.08543555
mentioned;0.08351828
in;0.08445849
the;0.082531504
image?;0.08439287
