text;attention
What;0.08379658
is;0.08349238
the;0.08294259
purpose;0.08292516
of;0.08368249
the;0.08300357
Om;0.08293926
chanting;0.08400215
mentioned;0.0830789
in;0.08342813
the;0.082932554
image?;0.083776176
