text;attention
A;0.01069798
possible;0.010711401
reason;0.010690196
the;0.010692493
people;0.010700825
in;0.010689349
the;0.010692916
image;0.010683168
are;0.010679617
playing;0.010694624
Wii;0.010713724
at;0.010685119
work;0.010696924
could;0.010681043
be;0.010717086
that;0.010703761
they;0.010694682
enjoy;0.010692377
spending;0.0107104825
time;0.010687413
together,;0.010712994
engaging;0.010719417
in;0.010711761
fun;0.010685478
activities,;0.010732012
and;0.010696332
fostering;0.010705315
a;0.010722032
sense;0.010692075
of;0.01068622
camaraderie.;0.011267046
Wii;0.014018796
games;0.010699039
often;0.010692578
involve;0.010703081
physical;0.010689476
movements,;0.010718665
which;0.0106909545
can;0.0106867505
help;0.010693395
relieve;0.010714718
stress,;0.010744825
promote;0.010705259
teamwork,;0.010752647
and;0.010692388
enhance;0.010700605
communication;0.010711168
among;0.010685159
players.;0.010719257
By;0.010706101
playing;0.01071441
together,;0.010740657
they;0.010688839
share;0.01069063
a;0.010695947
common;0.010725061
interest;0.010688981
in;0.0107026715
a;0.010698482
fun;0.01069505
and;0.010689764
interactive;0.010716231
way,;0.010708719
which;0.010699144
can;0.010691691
contribute;0.010695588
to;0.01070165
a;0.010691792
positive;0.010708348
work;0.010686694
environment.;0.01073279
Additionally,;0.010751998
playing;0.010711079
Wii;0.010734482
at;0.010697968
work;0.010686577
might;0.010686126
encourage;0.010751939
employees;0.01069734
to;0.010709304
engage;0.0107388245
in;0.010713559
more;0.010691413
physical;0.010693406
activity,;0.010726071
which;0.010723949
can;0.010706018
lead;0.0107152
to;0.010721496
improved;0.01071415
health;0.010715696
and;0.010721855
well-being.;0.011257795
