text;attention
The;0.12081301
website;0.12344681
mentioned;0.12287687
in;0.121721976
the;0.12107878
image;0.121118754
is;0.12083087
www.tamilkavithaial.com.;0.1481129
