text;attention
The;0.111477405
website;0.11234544
mentioned;0.11243435
in;0.11166337
the;0.1115683
image;0.111872636
is;0.15121987
www.tamilkavithaial.com.;0.17741865
