text;attention
The;0.12374057
website;0.12406812
mentioned;0.12389851
in;0.12397158
the;0.12400261
image;0.123691514
is;0.123721585
www.tamilkavithaial.com.;0.13290553
