text;attention
The;0.010081302
quote;0.0116436025
on;0.008323585
the;0.007999173
image;0.011579971
suggests;0.0129373465
that;0.010493858
peace,;0.02154882
poetry,;0.017694475
and;0.009163084
power;0.012139965
are;0.008830849
important;0.009506093
aspects;0.009498309
of;0.00842004
life.;0.020223664
It;0.009095869
encourages;0.012826709
people;0.009690604
to;0.009297677
appreciate;0.010897789
these;0.009260512
qualities;0.010124955
and;0.008621424
strive;0.008977618
to;0.0080002025
incorporate;0.008887413
them;0.008282763
into;0.007912385
their;0.00796439
daily;0.008407701
lives.;0.014031091
The;0.009014703
image;0.009996881
features;0.010072635
a;0.008234968
clock;0.01375165
with;0.00856311
a;0.0077159954
rose;0.010705168
and;0.008129236
a;0.007692704
quote,;0.01348489
which;0.008745383
can;0.008395887
be;0.0075804926
interpreted;0.00968073
as;0.008429011
a;0.00780627
reminder;0.01030052
to;0.0090235
find;0.00836993
balance;0.009238774
between;0.008704418
the;0.007850683
passage;0.009215991
of;0.008208985
time;0.010612353
and;0.008456235
the;0.007739123
beauty;0.008918832
of;0.0078311125
life.;0.012981347
The;0.008345629
rose;0.010209587
symbolizes;0.011930733
love;0.008976509
and;0.007879127
appreciation,;0.010139255
while;0.008484489
the;0.0077912365
clock;0.009164519
represents;0.008469483
the;0.0077715795
importance;0.008636611
of;0.007922905
time;0.009106294
and;0.007825544
its;0.007825007
value;0.008631882
in;0.007876904
our;0.008114216
lives.;0.010283377
The;0.007837849
combination;0.008408921
of;0.0076575554
these;0.0078106243
elements;0.0083317105
in;0.0076458985
the;0.007585661
image;0.008157122
serves;0.0078093177
as;0.007568783
a;0.007479624
reminder;0.007976796
to;0.007892248
cherish;0.0087136105
the;0.0076776105
moments;0.008918274
and;0.0077792234
make;0.007952019
the;0.0074382126
most;0.00796669
of;0.007730326
our;0.0075482074
time;0.007837547
on;0.0074705165
earth.;0.007605908
