text;attention
The;0.015505175
quote;0.009775346
on;0.0064004427
the;0.006279947
image;0.015235887
suggests;0.012264124
that;0.0095024705
peace,;0.04405749
poetry,;0.0311094
and;0.010447856
power;0.021766987
are;0.0082811965
important;0.01146325
aspects;0.008274814
of;0.006652372
life.;0.04417132
It;0.008244113
encourages;0.0107896235
people;0.0076989396
to;0.0080813
appreciate;0.009562437
these;0.010121574
qualities;0.010692512
and;0.007986973
strive;0.007607716
to;0.006274993
incorporate;0.0065679504
them;0.007241443
into;0.00607385
their;0.0061866534
daily;0.0074939188
lives.;0.015751097
The;0.009065106
image;0.010301391
features;0.009520483
a;0.0078082
clock;0.028276075
with;0.0109255165
a;0.006229212
rose;0.01904472
and;0.008238352
a;0.0061959885
quote,;0.02570148
which;0.008325493
can;0.006274166
be;0.0052567194
interpreted;0.0075992737
as;0.007556732
a;0.0061490526
reminder;0.010460203
to;0.009202533
find;0.0076349587
balance;0.010737008
between;0.008372101
the;0.006710043
passage;0.007860021
of;0.00644593
time;0.013377412
and;0.008582124
the;0.006341733
beauty;0.00739154
of;0.005885038
life.;0.019971004
The;0.006830698
rose;0.010520262
symbolizes;0.010864891
love;0.007466489
and;0.0061542992
appreciation,;0.010665516
while;0.0067619835
the;0.006219576
clock;0.008718186
represents;0.0077952095
the;0.0061324653
importance;0.0065720705
of;0.0057617426
time;0.00927292
and;0.0059241434
its;0.0057208696
value;0.006360656
in;0.0056300433
our;0.0054629627
lives.;0.008796697
The;0.005705134
combination;0.0062344777
of;0.0054242415
these;0.0056035966
elements;0.0061186687
in;0.005364785
the;0.005434083
image;0.0059982794
serves;0.005565481
as;0.0051745423
a;0.005344496
reminder;0.006009474
to;0.0059689083
cherish;0.006747316
the;0.005816569
moments;0.007888224
and;0.0060976506
make;0.005752312
the;0.005058036
most;0.005422088
of;0.0054684295
our;0.005278073
time;0.005574656
on;0.0050741136
earth.;0.0052418928
