text;attention
The;0.005257609
website;0.005017276
mentioned;0.0050749686
in;0.004621409
the;0.0044427146
image;0.004707363
is;0.0047025196
www.tamilkavithaial.com.;0.96617615
