text;attention
The;0.004909695
website;0.00449462
mentioned;0.004247883
in;0.0037712823
the;0.0034687421
image;0.0040912996
is;0.004027564
www.tamilkavithaial.com.;0.97098887
