text;attention
The;0.0066653523
website;0.0060794675
mentioned;0.0055768145
in;0.0052793697
the;0.004677753
image;0.005650435
is;0.0057962216
www.tamilkavithaial.com.;0.9602746
