text;attention
What;0.124500774
is;0.124546595
the;0.12427944
title;0.12437139
of;0.12486262
Naomi;0.12512723
Klein's;0.12668179
book?;0.12563011
