text;attention
What;0.12335001
is;0.124026805
the;0.1234911
title;0.12309976
of;0.12470688
Naomi;0.12572014
Klein's;0.12975794
book?;0.12584738
