text;attention
What;0.12456198
is;0.1247247
the;0.12444228
title;0.12426227
of;0.12554002
Naomi;0.12492937
Klein's;0.12652583
book?;0.12501356
