text;attention
What;0.124079876
is;0.12439099
the;0.12398608
title;0.12401829
of;0.12423775
Naomi;0.12518533
Klein's;0.12860821
book?;0.12549348
