text;attention
Title:;0.098289825
Vehicle;0.03666909
Noise;0.036574543
and;0.050896585
Vibration;0.039261643
Refinement.;0.3319993
Topic:;0.08714309
Woodhead;0.05799868
Publishing;0.049399473
in;0.049535308
Mechanical;0.03488097
Engineering.;0.12735148
