text;attention
The;0.0644973
predominant;0.06946473
airplane;0.07149616
on;0.05961562
display;0.06466614
is;0.06457345
blue,;0.08612741
with;0.06351835
additional;0.06213119
stripes;0.07529527
in;0.06010254
red,;0.07499078
white,;0.06520538
and;0.05654124
green.;0.061774336
