text;attention
The;0.068458155
predominant;0.06240675
airplane;0.08531143
on;0.05138804
display;0.055789154
is;0.058943886
blue,;0.15134022
with;0.053445537
additional;0.051610194
stripes;0.08504161
in;0.052271523
red,;0.07159006
white,;0.05955919
and;0.04475878
green.;0.048085503
