text;attention
What;0.111230254
time;0.11093299
does;0.11119489
the;0.11088319
clock;0.11105789
on;0.11140189
the;0.11076009
building;0.110943094
show?;0.11159573
