text;attention
What;0.110255994
time;0.11032438
does;0.111227475
the;0.11053915
clock;0.110348925
on;0.11206425
the;0.110790946
building;0.10971827
show?;0.11473063
