text;attention
What;0.110996425
time;0.110847585
does;0.110794604
the;0.11082086
clock;0.109879926
on;0.11172352
the;0.111371465
building;0.10992679
show?;0.113638826
