text;attention
What;0.11013539
time;0.11099431
does;0.112195194
the;0.1110167
clock;0.11106478
on;0.11070101
the;0.1107722
building;0.10948717
show?;0.11363327
