text;attention
What;0.1116231
time;0.1114123
does;0.11093988
the;0.11084875
clock;0.11072045
on;0.11127034
the;0.1107473
building;0.11056251
show?;0.111875385
