text;attention
What;0.09027564
is;0.09196607
the;0.09001733
name;0.09037808
of;0.090663776
the;0.09017335
school;0.09022826
mentioned;0.091538265
in;0.091665484
the;0.090269245
image?;0.09282449
