text;attention
What;0.09128094
is;0.09100672
the;0.090778485
name;0.09077692
of;0.09109552
the;0.090756685
school;0.09076923
mentioned;0.09091193
in;0.090851545
the;0.09078269
image?;0.0909894
