text;attention
What;0.09062279
is;0.09089354
the;0.09074774
name;0.09059573
of;0.09104389
the;0.09076852
school;0.090739734
mentioned;0.091335215
in;0.09098173
the;0.090934485
image?;0.0913366
