text;attention
What;0.091360986
is;0.091072604
the;0.090611085
name;0.090600014
of;0.0912392
the;0.09056151
school;0.090444885
mentioned;0.09118366
in;0.09112077
the;0.09054075
image?;0.09126457
