text;attention
What;0.090631336
is;0.091219544
the;0.08991075
name;0.09023298
of;0.09091491
the;0.09041417
school;0.09036038
mentioned;0.09195983
in;0.09213321
the;0.09034299
image?;0.091879934
