text;attention
What;0.09135039
is;0.09148178
the;0.09025162
name;0.09027318
of;0.0904973
the;0.0905278
school;0.090407655
mentioned;0.09110572
in;0.09179978
the;0.09086326
image?;0.09144149
