text;attention
Reaching;0.33428547
for;0.32854304
Home;0.3371715
