text;attention
Reaching;0.334965
for;0.3295365
Home;0.33549854
