;number;text;x1;y1;x2;y2;y;diff_y;line;fixations;fix_distance;fix_duration;first_fix_duration;fix_number;pupil_l;pupil_r;distance;pupil;fix_duration_avg;go_past_time
0;0;The;619;425;655;440;432.5;;1;[];[];0.0;0.0;0;;;150.50559432223386;;;
1;1;bowl;664;425;706;440;432.5;0.0;1;[];[];0.0;0.0;0;;;105.62995561564463;;;
2;2;in;715;425;729;440;432.5;0.0;1;[np.float64(119.0)];[np.float64(8.92713482701068)];134.0;134.0;1;2.5165;2.6508;87.61282882562291;2.58;134.0;134.0
3;3;the;737;425;766;440;432.5;0.0;1;[np.float64(123.0), np.float64(126.0)];[np.float64(10.611448083640727), np.float64(12.852675795555172)];817.0;617.0;2;2.562;2.7396;65.53659055136627;2.65;408.5;617.0
4;4;image;775;425;831;444;434.5;2.0;1;[np.float64(120.0), np.float64(124.0), np.float64(127.0), np.float64(128.0), np.float64(129.0), np.float64(130.0)];[np.float64(5.461133241653499), np.float64(6.018695294857082), np.float64(15.777702403068531), np.float64(0.0), np.float64(19.065633714199123), np.float64(59.63069534301758)];1435.0;200.0;6;2.5786;2.7447;59.63069534301758;2.66;239.1667;200.0
5;5;is;840;425;853;440;432.5;2.0;1;[np.float64(122.0)];[np.float64(14.744726957443634)];150.0;150.0;1;2.5226;2.7088;75.80975236495958;2.62;150.0;1167.0
6;6;small.;862;425;915;440;432.5;0.0;1;[np.float64(121.0), np.float64(125.0)];[np.float64(6.580771749669907), np.float64(11.250935673713684)];383.0;183.0;2;2.5473;2.7121;91.05391911099946;2.63;191.5;2585.0
