text;attention
What;0.1100801
time;0.1116904
does;0.111470975
the;0.11135262
clock;0.11051549
on;0.11146977
the;0.11111993
building;0.11033197
show?;0.11196869
