text;attention
What;0.11018724
time;0.111194834
does;0.11112551
the;0.111266315
clock;0.10986481
on;0.11169861
the;0.111316815
building;0.1099628
show?;0.11338306
