text;attention
What;0.1113086
time;0.11094309
does;0.111298524
the;0.11125933
clock;0.11070227
on;0.11179969
the;0.11081738
building;0.11069435
show?;0.11117674
