text;attention
The;0.08836546
name;0.084873706
of;0.083079934
the;0.08387414
school;0.094166666
mentioned;0.08722787
in;0.08099989
the;0.075488836
image;0.07945515
is;0.083274536
Witch;0.079280436
School.;0.079913296
