text;attention
The;0.070236646
predominant;0.06475654
airplane;0.070827186
on;0.062844485
display;0.0666614
is;0.06577915
blue,;0.075428456
with;0.06473719
additional;0.06475798
stripes;0.067882195
in;0.064447515
red,;0.07100194
white,;0.0652014
and;0.061314203
green.;0.064123794
