text;attention
The;1.4135834e-06
purpose;1.4635439e-06
of;1.3365632e-06
the;1.6878847e-06
Om;1.7890343e-06
chanting;1.6344553e-06
in;1.4106463e-06
the;1.4903218e-06
image;1.3767971e-06
is;1.4788482e-06
to;1.513228e-06
promote;1.9648023e-06
positive;1.4325616e-06
transformation;1.4920467e-06
and;1.4278845e-06
meditation.;0.2273843
The;1.5514076e-06
group;1.4855241e-06
of;1.39868e-06
people;1.4489574e-06
is;1.5891088e-06
sitting;1.4982622e-06
in;1.5857934e-06
a;1.5990815e-06
circle,;1.8967609e-06
focusing;1.677059e-06
on;1.7810536e-06
the;1.3662611e-06
chant,;1.7320675e-06
which;1.463682e-06
is;1.3869815e-06
a;1.619345e-06
deep;1.5007963e-06
mantra;1.5617275e-06
that;1.5761274e-06
helps;1.7204728e-06
them;1.4237846e-06
connect;1.731156e-06
with;1.6675314e-06
their;1.3803046e-06
inner;1.6206228e-06
selves;1.6063219e-06
and;1.3485267e-06
achieve;1.6626992e-06
a;1.5317811e-06
state;1.6893531e-06
of;1.5347305e-06
mindfulness.;0.22838354
This;1.4630862e-06
practice;1.5553305e-06
can;1.991025e-06
lead;1.929878e-06
to;1.5891134e-06
personal;1.7089296e-06
growth,;2.0097493e-06
relaxation,;1.7144389e-06
and;1.5782888e-06
stress;1.4364865e-06
reduction.;0.2392711
The;1.3882241e-06
image;1.3215436e-06
also;1.4079382e-06
suggests;1.7619748e-06
that;1.4313734e-06
the;1.6328834e-06
Om;1.8367722e-06
chanting;1.6270976e-06
is;1.5567624e-06
being;1.971663e-06
used;1.5287936e-06
as;1.535928e-06
a;1.6028986e-06
tool;1.5879499e-06
for;1.7479048e-06
positive;1.4125648e-06
transformation,;1.7555792e-06
which;1.4243906e-06
can;1.5399175e-06
be;1.487865e-06
achieved;1.4680311e-06
through;2.1137407e-06
meditation;1.4551626e-06
and;1.5106945e-06
mindfulness;1.5084156e-06
practices.;0.3048329
