text;attention
The;8.7633425e-06
purpose;7.3213896e-06
of;7.3573033e-06
the;1.1076708e-05
Om;1.034875e-05
chanting;1.0909672e-05
in;8.50327e-06
the;8.8312645e-06
image;1.0849689e-05
is;7.335836e-06
to;9.066076e-06
promote;1.0144465e-05
positive;8.403715e-06
transformation;1.0901236e-05
and;7.8700305e-06
meditation.;0.18553023
The;1.2585884e-05
group;1.06673615e-05
of;7.389545e-06
people;9.299829e-06
is;1.1454857e-05
sitting;8.484137e-06
in;6.9527996e-06
a;7.848414e-06
circle,;1.400434e-05
focusing;8.909515e-06
on;9.214407e-06
the;1.0344162e-05
chant,;1.6825063e-05
which;7.752547e-06
is;8.153257e-06
a;8.223358e-06
deep;8.98838e-06
mantra;1.0235335e-05
that;9.022492e-06
helps;1.026287e-05
them;1.05904655e-05
connect;9.143764e-06
with;7.965633e-06
their;7.269557e-06
inner;8.843384e-06
selves;8.042584e-06
and;8.58322e-06
achieve;8.388172e-06
a;7.646913e-06
state;7.1811855e-06
of;6.795652e-06
mindfulness.;0.35569847
This;1.1501194e-05
practice;8.058807e-06
can;1.1068239e-05
lead;7.518278e-06
to;8.482616e-06
personal;7.910815e-06
growth,;1.4934679e-05
relaxation,;1.0563513e-05
and;7.872328e-06
stress;7.889442e-06
reduction.;0.259048
The;1.002928e-05
image;1.1803111e-05
also;8.391381e-06
suggests;9.769047e-06
that;9.552545e-06
the;1.4350712e-05
Om;9.434342e-06
chanting;1.0821263e-05
is;9.267275e-06
being;9.43391e-06
used;8.597376e-06
as;8.001287e-06
a;7.775739e-06
tool;7.815446e-06
for;1.0041081e-05
positive;9.1599195e-06
transformation,;1.6228829e-05
which;8.145447e-06
can;7.945399e-06
be;7.104565e-06
achieved;7.775568e-06
through;1.0107671e-05
meditation;7.874505e-06
and;7.2963603e-06
mindfulness;8.203103e-06
practices.;0.19896784
